{
  "original_uri": "https://www.loyalfans.com/Queen-Morningstar",
  "self": "http://localhost:1208/timemap/json/https://www.loyalfans.com/Queen-Morningstar",
  "mementos": {
    "list": [
      {
        "datetime": "2022-08-14T18:01:28Z",
        "uri": "https://web.archive.org/web/20220814180128/https://www.loyalfans.com/Queen-Morningstar"
      }
    ],
    "first": {
      "datetime": "2022-08-14T18:01:28Z",
      "uri": "https://web.archive.org/web/20220814180128/https://www.loyalfans.com/Queen-Morningstar"
    },
    "last": {
      "datetime": "2022-08-14T18:01:28Z",
      "uri": "https://web.archive.org/web/20220814180128/https://www.loyalfans.com/Queen-Morningstar"
    }
  },
  "timemap_uri": {
    "link_format": "http://localhost:1208/timemap/link/https://www.loyalfans.com/Queen-Morningstar",
    "json_format": "http://localhost:1208/timemap/json/https://www.loyalfans.com/Queen-Morningstar",
    "cdxj_format": "http://localhost:1208/timemap/cdxj/https://www.loyalfans.com/Queen-Morningstar"
  },
  "timegate_uri": "http://localhost:1208/timegate/https://www.loyalfans.com/Queen-Morningstar"
}
