{
  "original_uri": "https://www.space.com/starlink-satellite-reentry-ozone-depletion-atmosphere",
  "self": "http://localhost:1208/timemap/json/https://www.space.com/starlink-satellite-reentry-ozone-depletion-atmosphere",
  "mementos": {
    "list": [
      {
        "datetime": "2021-06-07T11:53:10Z",
        "uri": "https://web.archive.org/web/20210607115310/https://www.space.com/starlink-satellite-reentry-ozone-depletion-atmosphere"
      },
      {
        "datetime": "2021-06-07T12:20:13Z",
        "uri": "https://web.archive.org/web/20210607122013/https://www.space.com/starlink-satellite-reentry-ozone-depletion-atmosphere"
      },
      {
        "datetime": "2021-06-07T12:37:29Z",
        "uri": "https://web.archive.org/web/20210607123729/https://www.space.com/starlink-satellite-reentry-ozone-depletion-atmosphere"
      },
      {
        "datetime": "2021-06-07T12:37:30Z",
        "uri": "https://web.archive.org/web/20210607123730/https://www.space.com/starlink-satellite-reentry-ozone-depletion-atmosphere"
      },
      {
        "datetime": "2021-06-07T12:52:28Z",
        "uri": "https://web.archive.org/web/20210607125228/https://www.space.com/starlink-satellite-reentry-ozone-depletion-atmosphere"
      },
      {
        "datetime": "2021-06-07T12:53:36Z",
        "uri": "https://web.archive.org/web/20210607125336/https://www.space.com/starlink-satellite-reentry-ozone-depletion-atmosphere"
      },
      {
        "datetime": "2021-06-07T14:07:45Z",
        "uri": "https://web.archive.org/web/20210607140745/https://www.space.com/starlink-satellite-reentry-ozone-depletion-atmosphere"
      },
      {
        "datetime": "2021-06-07T14:23:41Z",
        "uri": "https://web.archive.org/web/20210607142341/https://www.space.com/starlink-satellite-reentry-ozone-depletion-atmosphere"
      },
      {
        "datetime": "2021-06-07T17:04:12Z",
        "uri": "https://web.archive.org/web/20210607170412/https://www.space.com/starlink-satellite-reentry-ozone-depletion-atmosphere"
      },
      {
        "datetime": "2021-06-07T20:56:17Z",
        "uri": "https://web.archive.org/web/20210607205617/https://www.space.com/starlink-satellite-reentry-ozone-depletion-atmosphere"
      },
      {
        "datetime": "2021-06-07T21:08:53Z",
        "uri": "https://web.archive.org/web/20210607210853/https://www.space.com/starlink-satellite-reentry-ozone-depletion-atmosphere"
      },
      {
        "datetime": "2021-06-08T12:20:11Z",
        "uri": "https://web.archive.org/web/20210608122011/https://www.space.com/starlink-satellite-reentry-ozone-depletion-atmosphere"
      },
      {
        "datetime": "2021-06-08T15:20:59Z",
        "uri": "https://web.archive.org/web/20210608152059/https://www.space.com/starlink-satellite-reentry-ozone-depletion-atmosphere"
      },
      {
        "datetime": "2021-06-08T15:31:02Z",
        "uri": "https://web.archive.org/web/20210608153102/https://www.space.com/starlink-satellite-reentry-ozone-depletion-atmosphere"
      },
      {
        "datetime": "2021-06-08T19:12:13Z",
        "uri": "https://web.archive.org/web/20210608191213/https://www.space.com/starlink-satellite-reentry-ozone-depletion-atmosphere"
      },
      {
        "datetime": "2021-06-09T02:50:39Z",
        "uri": "https://web.archive.org/web/20210609025039/https://www.space.com/starlink-satellite-reentry-ozone-depletion-atmosphere"
      },
      {
        "datetime": "2021-06-10T13:45:20Z",
        "uri": "https://web.archive.org/web/20210610134520/https://www.space.com/starlink-satellite-reentry-ozone-depletion-atmosphere"
      },
      {
        "datetime": "2021-06-14T20:46:37Z",
        "uri": "https://web.archive.org/web/20210614204637/https://www.space.com/starlink-satellite-reentry-ozone-depletion-atmosphere"
      },
      {
        "datetime": "2021-06-16T17:45:35Z",
        "uri": "https://web.archive.org/web/20210616174535/https://www.space.com/starlink-satellite-reentry-ozone-depletion-atmosphere"
      },
      {
        "datetime": "2021-06-18T11:08:25Z",
        "uri": "https://web.archive.org/web/20210618110825/https://www.space.com/starlink-satellite-reentry-ozone-depletion-atmosphere"
      },
      {
        "datetime": "2021-06-18T12:08:35Z",
        "uri": "https://web.archive.org/web/20210618120835/https://www.space.com/starlink-satellite-reentry-ozone-depletion-atmosphere"
      },
      {
        "datetime": "2021-06-18T12:30:05Z",
        "uri": "https://web.archive.org/web/20210618123005/https://www.space.com/starlink-satellite-reentry-ozone-depletion-atmosphere"
      },
      {
        "datetime": "2021-06-18T17:14:24Z",
        "uri": "http://archive.md/20210618171424/https://www.space.com/starlink-satellite-reentry-ozone-depletion-atmosphere"
      },
      {
        "datetime": "2021-06-22T12:07:02Z",
        "uri": "https://web.archive.org/web/20210622120702/https://www.space.com/starlink-satellite-reentry-ozone-depletion-atmosphere"
      },
      {
        "datetime": "2021-06-24T16:06:09Z",
        "uri": "https://web.archive.org/web/20210624160609/https://www.space.com/starlink-satellite-reentry-ozone-depletion-atmosphere"
      },
      {
        "datetime": "2021-06-24T16:06:09Z",
        "uri": "https://web.archive.org/web/20210624160609/https://www.space.com/starlink-satellite-reentry-ozone-depletion-atmosphere"
      },
      {
        "datetime": "2021-06-28T12:50:42Z",
        "uri": "https://web.archive.org/web/20210628125042/https://www.space.com/starlink-satellite-reentry-ozone-depletion-atmosphere"
      },
      {
        "datetime": "2021-06-30T13:37:29Z",
        "uri": "https://web.archive.org/web/20210630133729/https://www.space.com/starlink-satellite-reentry-ozone-depletion-atmosphere"
      },
      {
        "datetime": "2021-06-30T14:55:33Z",
        "uri": "https://web.archive.org/web/20210630145533/https://www.space.com/starlink-satellite-reentry-ozone-depletion-atmosphere"
      },
      {
        "datetime": "2021-06-30T21:07:43Z",
        "uri": "https://web.archive.org/web/20210630210743/https://www.space.com/starlink-satellite-reentry-ozone-depletion-atmosphere"
      },
      {
        "datetime": "2021-09-22T00:39:13Z",
        "uri": "https://web.archive.org/web/20210922003913/https://www.space.com/starlink-satellite-reentry-ozone-depletion-atmosphere"
      },
      {
        "datetime": "2021-10-04T00:58:33Z",
        "uri": "https://web.archive.org/web/20211004005833/https://www.space.com/starlink-satellite-reentry-ozone-depletion-atmosphere"
      },
      {
        "datetime": "2021-10-25T07:00:59Z",
        "uri": "https://web.archive.org/web/20211025070059/https://www.space.com/starlink-satellite-reentry-ozone-depletion-atmosphere"
      },
      {
        "datetime": "2021-10-28T04:39:03Z",
        "uri": "https://web.archive.org/web/20211028043903/https://www.space.com/starlink-satellite-reentry-ozone-depletion-atmosphere"
      },
      {
        "datetime": "2021-10-28T16:50:51Z",
        "uri": "https://web.archive.org/web/20211028165051/https://www.space.com/starlink-satellite-reentry-ozone-depletion-atmosphere"
      },
      {
        "datetime": "2021-10-29T20:32:19Z",
        "uri": "https://web.archive.org/web/20211029203219/https://www.space.com/starlink-satellite-reentry-ozone-depletion-atmosphere"
      },
      {
        "datetime": "2021-10-30T19:59:27Z",
        "uri": "https://web.archive.org/web/20211030195927/https://www.space.com/starlink-satellite-reentry-ozone-depletion-atmosphere"
      },
      {
        "datetime": "2021-11-30T22:36:07Z",
        "uri": "https://web.archive.org/web/20211130223607/https://www.space.com/starlink-satellite-reentry-ozone-depletion-atmosphere"
      },
      {
        "datetime": "2021-11-30T23:37:13Z",
        "uri": "https://web.archive.org/web/20211130233713/https://www.space.com/starlink-satellite-reentry-ozone-depletion-atmosphere"
      },
      {
        "datetime": "2021-12-01T03:36:57Z",
        "uri": "https://web.archive.org/web/20211201033657/https://www.space.com/starlink-satellite-reentry-ozone-depletion-atmosphere"
      },
      {
        "datetime": "2021-12-01T15:51:24Z",
        "uri": "https://web.archive.org/web/20211201155124/https://www.space.com/starlink-satellite-reentry-ozone-depletion-atmosphere"
      },
      {
        "datetime": "2021-12-02T07:07:57Z",
        "uri": "https://web.archive.org/web/20211202070757/https://www.space.com/starlink-satellite-reentry-ozone-depletion-atmosphere"
      },
      {
        "datetime": "2021-12-08T21:19:59Z",
        "uri": "https://web.archive.org/web/20211208211959/https://www.space.com/starlink-satellite-reentry-ozone-depletion-atmosphere"
      },
      {
        "datetime": "2021-12-21T00:07:43Z",
        "uri": "https://web.archive.org/web/20211221000743/https://www.space.com/starlink-satellite-reentry-ozone-depletion-atmosphere"
      },
      {
        "datetime": "2022-01-19T20:24:36Z",
        "uri": "https://web.archive.org/web/20220119202436/https://www.space.com/starlink-satellite-reentry-ozone-depletion-atmosphere"
      },
      {
        "datetime": "2022-01-21T11:19:21Z",
        "uri": "https://web.archive.org/web/20220121111921/https://www.space.com/starlink-satellite-reentry-ozone-depletion-atmosphere"
      },
      {
        "datetime": "2022-01-21T11:26:02Z",
        "uri": "https://web.archive.org/web/20220121112602/https://www.space.com/starlink-satellite-reentry-ozone-depletion-atmosphere"
      },
      {
        "datetime": "2022-01-23T16:35:47Z",
        "uri": "https://web.archive.org/web/20220123163547/https://www.space.com/starlink-satellite-reentry-ozone-depletion-atmosphere"
      },
      {
        "datetime": "2022-02-20T07:53:01Z",
        "uri": "https://web.archive.org/web/20220220075301/https://www.space.com/starlink-satellite-reentry-ozone-depletion-atmosphere"
      },
      {
        "datetime": "2022-03-07T08:41:04Z",
        "uri": "https://web.archive.org/web/20220307084104/https://www.space.com/starlink-satellite-reentry-ozone-depletion-atmosphere"
      },
      {
        "datetime": "2022-04-05T04:42:38Z",
        "uri": "https://web.archive.org/web/20220405044238/https://www.space.com/starlink-satellite-reentry-ozone-depletion-atmosphere"
      },
      {
        "datetime": "2022-04-06T03:47:27Z",
        "uri": "https://web.archive.org/web/20220406034727/https://www.space.com/starlink-satellite-reentry-ozone-depletion-atmosphere"
      },
      {
        "datetime": "2022-04-14T19:55:45Z",
        "uri": "https://web.archive.org/web/20220414195545/https://www.space.com/starlink-satellite-reentry-ozone-depletion-atmosphere"
      },
      {
        "datetime": "2022-04-18T17:26:11Z",
        "uri": "https://web.archive.org/web/20220418172611/https://www.space.com/starlink-satellite-reentry-ozone-depletion-atmosphere"
      },
      {
        "datetime": "2022-04-23T10:44:04Z",
        "uri": "https://web.archive.org/web/20220423104404/https://www.space.com/starlink-satellite-reentry-ozone-depletion-atmosphere"
      },
      {
        "datetime": "2022-06-28T05:52:54Z",
        "uri": "https://web.archive.org/web/20220628055254/https://www.space.com/starlink-satellite-reentry-ozone-depletion-atmosphere"
      },
      {
        "datetime": "2022-07-11T01:35:27Z",
        "uri": "https://web.archive.org/web/20220711013527/https://www.space.com/starlink-satellite-reentry-ozone-depletion-atmosphere"
      },
      {
        "datetime": "2022-08-30T01:47:07Z",
        "uri": "https://web.archive.org/web/20220830014707/https://www.space.com/starlink-satellite-reentry-ozone-depletion-atmosphere"
      },
      {
        "datetime": "2022-08-30T01:55:54Z",
        "uri": "https://web.archive.org/web/20220830015554/https://www.space.com/starlink-satellite-reentry-ozone-depletion-atmosphere"
      },
      {
        "datetime": "2022-09-02T04:49:15Z",
        "uri": "https://web.archive.org/web/20220902044915/https://www.space.com/starlink-satellite-reentry-ozone-depletion-atmosphere"
      },
      {
        "datetime": "2022-09-02T04:54:29Z",
        "uri": "https://web.archive.org/web/20220902045429/https://www.space.com/starlink-satellite-reentry-ozone-depletion-atmosphere"
      },
      {
        "datetime": "2022-09-08T17:43:42Z",
        "uri": "https://perma.cc/XS58-YZV5"
      },
      {
        "datetime": "2022-09-08T17:43:44Z",
        "uri": "https://web.archive.org/web/20220908174344/https://www.space.com/starlink-satellite-reentry-ozone-depletion-atmosphere"
      }
    ],
    "first": {
      "datetime": "2021-06-07T11:53:10Z",
      "uri": "https://web.archive.org/web/20210607115310/https://www.space.com/starlink-satellite-reentry-ozone-depletion-atmosphere"
    },
    "last": {
      "datetime": "2022-09-08T17:43:44Z",
      "uri": "https://web.archive.org/web/20220908174344/https://www.space.com/starlink-satellite-reentry-ozone-depletion-atmosphere"
    }
  },
  "timemap_uri": {
    "link_format": "http://localhost:1208/timemap/link/https://www.space.com/starlink-satellite-reentry-ozone-depletion-atmosphere",
    "json_format": "http://localhost:1208/timemap/json/https://www.space.com/starlink-satellite-reentry-ozone-depletion-atmosphere",
    "cdxj_format": "http://localhost:1208/timemap/cdxj/https://www.space.com/starlink-satellite-reentry-ozone-depletion-atmosphere"
  },
  "timegate_uri": "http://localhost:1208/timegate/https://www.space.com/starlink-satellite-reentry-ozone-depletion-atmosphere"
}
