{
  "original_uri": "https://www.space.com/spacex-nasa-hubble-science-commercial-study-preview",
  "self": "http://localhost:1208/timemap/json/https://www.space.com/spacex-nasa-hubble-science-commercial-study-preview",
  "mementos": {
    "list": [
      {
        "datetime": "2022-09-29T19:28:44Z",
        "uri": "https://web.archive.org/web/20220929192844/https://www.space.com/spacex-nasa-hubble-science-commercial-study-preview"
      },
      {
        "datetime": "2022-09-30T06:13:15Z",
        "uri": "https://web.archive.org/web/20220930061315/https://www.space.com/spacex-nasa-hubble-science-commercial-study-preview"
      }
    ],
    "first": {
      "datetime": "2022-09-29T19:28:44Z",
      "uri": "https://web.archive.org/web/20220929192844/https://www.space.com/spacex-nasa-hubble-science-commercial-study-preview"
    },
    "last": {
      "datetime": "2022-09-30T06:13:15Z",
      "uri": "https://web.archive.org/web/20220930061315/https://www.space.com/spacex-nasa-hubble-science-commercial-study-preview"
    }
  },
  "timemap_uri": {
    "link_format": "http://localhost:1208/timemap/link/https://www.space.com/spacex-nasa-hubble-science-commercial-study-preview",
    "json_format": "http://localhost:1208/timemap/json/https://www.space.com/spacex-nasa-hubble-science-commercial-study-preview",
    "cdxj_format": "http://localhost:1208/timemap/cdxj/https://www.space.com/spacex-nasa-hubble-science-commercial-study-preview"
  },
  "timegate_uri": "http://localhost:1208/timegate/https://www.space.com/spacex-nasa-hubble-science-commercial-study-preview"
}
