{
  "original_uri": "https://climate.nasa.gov/news/3184/a-force-of-nature-hurricanes-in-a-changing-climate/#:~:text=As%20the%20air%20continues%20to%20warm%20due%20to,in%20the%20air,%20both%20of%20which%20fuel%20hurricanes",
  "self": "http://localhost:1208/timemap/json/https://climate.nasa.gov/news/3184/a-force-of-nature-hurricanes-in-a-changing-climate/#:~:text=As%20the%20air%20continues%20to%20warm%20due%20to,in%20the%20air,%20both%20of%20which%20fuel%20hurricanes",
  "mementos": {
    "list": [
      {
        "datetime": "2022-06-16T19:00:10Z",
        "uri": "https://web.archive.org/web/20220616190010/https://climate.nasa.gov/news/3184/a-force-of-nature-hurricanes-in-a-changing-climate/"
      },
      {
        "datetime": "2022-06-20T13:54:11Z",
        "uri": "https://web.archive.org/web/20220620135411/https://climate.nasa.gov/news/3184/a-force-of-nature-hurricanes-in-a-changing-climate/"
      },
      {
        "datetime": "2022-06-20T21:08:04Z",
        "uri": "https://web.archive.org/web/20220620210804/https://climate.nasa.gov/news/3184/a-force-of-nature-hurricanes-in-a-changing-climate/"
      },
      {
        "datetime": "2022-06-22T22:38:46Z",
        "uri": "https://web.archive.org/web/20220622223846/https://climate.nasa.gov/news/3184/a-force-of-nature-hurricanes-in-a-changing-climate/"
      },
      {
        "datetime": "2022-06-23T01:08:20Z",
        "uri": "https://web.archive.org/web/20220623010820/https://climate.nasa.gov/news/3184/a-force-of-nature-hurricanes-in-a-changing-climate/"
      },
      {
        "datetime": "2022-06-29T08:38:52Z",
        "uri": "https://web.archive.org/web/20220629083852/https://climate.nasa.gov/news/3184/a-force-of-nature-hurricanes-in-a-changing-climate/"
      },
      {
        "datetime": "2022-06-30T16:18:58Z",
        "uri": "https://web.archive.org/web/20220630161858/https://climate.nasa.gov/news/3184/a-force-of-nature-hurricanes-in-a-changing-climate/"
      },
      {
        "datetime": "2022-06-30T16:24:28Z",
        "uri": "https://web.archive.org/web/20220630162428/https://climate.nasa.gov/news/3184/a-force-of-nature-hurricanes-in-a-changing-climate/"
      },
      {
        "datetime": "2022-06-30T18:01:17Z",
        "uri": "https://web.archive.org/web/20220630180117/https://climate.nasa.gov/news/3184/a-force-of-nature-hurricanes-in-a-changing-climate/"
      },
      {
        "datetime": "2022-07-01T05:37:02Z",
        "uri": "https://web.archive.org/web/20220701053702/https://climate.nasa.gov/news/3184/a-force-of-nature-hurricanes-in-a-changing-climate/"
      },
      {
        "datetime": "2022-07-01T17:17:22Z",
        "uri": "https://web.archive.org/web/20220701171722/https://climate.nasa.gov/news/3184/a-force-of-nature-hurricanes-in-a-changing-climate/"
      },
      {
        "datetime": "2022-07-03T20:07:08Z",
        "uri": "https://web.archive.org/web/20220703200708/https://climate.nasa.gov/news/3184/a-force-of-nature-hurricanes-in-a-changing-climate/"
      },
      {
        "datetime": "2022-07-05T04:07:45Z",
        "uri": "https://web.archive.org/web/20220705040745/https://climate.nasa.gov/news/3184/a-force-of-nature-hurricanes-in-a-changing-climate/"
      },
      {
        "datetime": "2022-07-05T05:11:21Z",
        "uri": "https://web.archive.org/web/20220705051121/https://climate.nasa.gov/news/3184/a-force-of-nature-hurricanes-in-a-changing-climate/"
      },
      {
        "datetime": "2022-07-06T05:28:21Z",
        "uri": "https://web.archive.org/web/20220706052821/https://climate.nasa.gov/news/3184/a-force-of-nature-hurricanes-in-a-changing-climate/"
      },
      {
        "datetime": "2022-07-06T22:53:28Z",
        "uri": "https://web.archive.org/web/20220706225328/https://climate.nasa.gov/news/3184/a-force-of-nature-hurricanes-in-a-changing-climate/"
      },
      {
        "datetime": "2022-07-07T15:57:22Z",
        "uri": "https://web.archive.org/web/20220707155722/https://climate.nasa.gov/news/3184/a-force-of-nature-hurricanes-in-a-changing-climate/"
      },
      {
        "datetime": "2022-07-12T20:08:11Z",
        "uri": "https://web.archive.org/web/20220712200811/https://climate.nasa.gov/news/3184/a-force-of-nature-hurricanes-in-a-changing-climate/"
      },
      {
        "datetime": "2022-07-17T02:54:01Z",
        "uri": "https://web.archive.org/web/20220717025401/https://climate.nasa.gov/news/3184/a-force-of-nature-hurricanes-in-a-changing-climate/"
      },
      {
        "datetime": "2022-07-18T22:04:53Z",
        "uri": "https://web.archive.org/web/20220718220453/https://climate.nasa.gov/news/3184/a-force-of-nature-hurricanes-in-a-changing-climate/"
      },
      {
        "datetime": "2022-07-18T22:10:15Z",
        "uri": "https://web.archive.org/web/20220718221015/https://climate.nasa.gov/news/3184/a-force-of-nature-hurricanes-in-a-changing-climate/"
      },
      {
        "datetime": "2022-07-20T02:05:58Z",
        "uri": "https://web.archive.org/web/20220720020558/https://climate.nasa.gov/news/3184/a-force-of-nature-hurricanes-in-a-changing-climate/"
      },
      {
        "datetime": "2022-07-23T06:22:19Z",
        "uri": "https://web.archive.org/web/20220723062219/https://climate.nasa.gov/news/3184/a-force-of-nature-hurricanes-in-a-changing-climate/"
      },
      {
        "datetime": "2022-07-29T11:45:15Z",
        "uri": "https://web.archive.org/web/20220729114515/http://climate.nasa.gov/news/3184/a-force-of-nature-hurricanes-in-a-changing-climate/"
      },
      {
        "datetime": "2022-08-08T21:37:59Z",
        "uri": "https://web.archive.org/web/20220808213759/https://climate.nasa.gov/news/3184/a-force-of-nature-hurricanes-in-a-changing-climate/"
      },
      {
        "datetime": "2022-08-12T19:44:16Z",
        "uri": "https://web.archive.org/web/20220812194416/https://climate.nasa.gov/news/3184/a-force-of-nature-hurricanes-in-a-changing-climate/"
      },
      {
        "datetime": "2022-08-27T06:10:15Z",
        "uri": "https://web.archive.org/web/20220827061015/https://climate.nasa.gov/news/3184/a-force-of-nature-hurricanes-in-a-changing-climate/"
      },
      {
        "datetime": "2022-08-31T17:17:41Z",
        "uri": "https://web.archive.org/web/20220831171741/https://climate.nasa.gov/news/3184/a-force-of-nature-hurricanes-in-a-changing-climate/"
      },
      {
        "datetime": "2022-09-01T00:22:28Z",
        "uri": "https://web.archive.org/web/20220901002228/https://climate.nasa.gov/news/3184/a-force-of-nature-hurricanes-in-a-changing-climate/"
      },
      {
        "datetime": "2022-09-01T15:42:00Z",
        "uri": "https://web.archive.org/web/20220901154200/https://climate.nasa.gov/news/3184/a-force-of-nature-hurricanes-in-a-changing-climate/"
      },
      {
        "datetime": "2022-09-01T22:02:07Z",
        "uri": "https://web.archive.org/web/20220901220207/https://climate.nasa.gov/news/3184/a-force-of-nature-hurricanes-in-a-changing-climate/"
      },
      {
        "datetime": "2022-09-20T13:53:20Z",
        "uri": "https://web.archive.org/web/20220920135320/https://climate.nasa.gov/news/3184/a-force-of-nature-hurricanes-in-a-changing-climate/"
      },
      {
        "datetime": "2022-09-22T06:31:58Z",
        "uri": "https://web.archive.org/web/20220922063158/https://climate.nasa.gov/news/3184/a-force-of-nature-hurricanes-in-a-changing-climate/"
      },
      {
        "datetime": "2022-09-23T13:03:46Z",
        "uri": "https://web.archive.org/web/20220923130346/https://climate.nasa.gov/news/3184/a-force-of-nature-hurricanes-in-a-changing-climate"
      },
      {
        "datetime": "2022-09-23T23:57:05Z",
        "uri": "https://web.archive.org/web/20220923235705/https://climate.nasa.gov/news/3184/a-force-of-nature-hurricanes-in-a-changing-climate/"
      },
      {
        "datetime": "2022-09-26T20:08:00Z",
        "uri": "https://web.archive.org/web/20220926200800/https://climate.nasa.gov/news/3184/a-force-of-nature-hurricanes-in-a-changing-climate/"
      },
      {
        "datetime": "2022-09-26T20:08:30Z",
        "uri": "https://web.archive.org/web/20220926200830/https://climate.nasa.gov/news/3184/a-force-of-nature-hurricanes-in-a-changing-climate/"
      },
      {
        "datetime": "2022-09-26T20:23:20Z",
        "uri": "https://web.archive.org/web/20220926202320/https://climate.nasa.gov/news/3184/a-force-of-nature-hurricanes-in-a-changing-climate/"
      },
      {
        "datetime": "2022-09-26T20:23:36Z",
        "uri": "https://web.archive.org/web/20220926202336/https://climate.nasa.gov/news/3184/a-force-of-nature-hurricanes-in-a-changing-climate/"
      },
      {
        "datetime": "2022-09-26T20:38:48Z",
        "uri": "https://web.archive.org/web/20220926203848/https://climate.nasa.gov/news/3184/a-force-of-nature-hurricanes-in-a-changing-climate/"
      },
      {
        "datetime": "2022-09-26T21:05:46Z",
        "uri": "https://web.archive.org/web/20220926210546/https://climate.nasa.gov/news/3184/a-force-of-nature-hurricanes-in-a-changing-climate/"
      },
      {
        "datetime": "2022-09-26T21:10:53Z",
        "uri": "https://web.archive.org/web/20220926211053/https://climate.nasa.gov/news/3184/a-force-of-nature-hurricanes-in-a-changing-climate/"
      },
      {
        "datetime": "2022-09-26T21:37:16Z",
        "uri": "https://web.archive.org/web/20220926213716/https://climate.nasa.gov/news/3184/a-force-of-nature-hurricanes-in-a-changing-climate/"
      },
      {
        "datetime": "2022-09-26T22:08:14Z",
        "uri": "https://web.archive.org/web/20220926220814/https://climate.nasa.gov/news/3184/a-force-of-nature-hurricanes-in-a-changing-climate/"
      },
      {
        "datetime": "2022-09-26T22:35:56Z",
        "uri": "https://web.archive.org/web/20220926223556/https://climate.nasa.gov/news/3184/a-force-of-nature-hurricanes-in-a-changing-climate/"
      },
      {
        "datetime": "2022-09-26T22:53:52Z",
        "uri": "https://web.archive.org/web/20220926225352/https://climate.nasa.gov/news/3184/a-force-of-nature-hurricanes-in-a-changing-climate/"
      },
      {
        "datetime": "2022-09-26T23:03:18Z",
        "uri": "https://web.archive.org/web/20220926230318/https://climate.nasa.gov/news/3184/a-force-of-nature-hurricanes-in-a-changing-climate/"
      },
      {
        "datetime": "2022-09-26T23:09:16Z",
        "uri": "https://web.archive.org/web/20220926230916/https://climate.nasa.gov/news/3184/a-force-of-nature-hurricanes-in-a-changing-climate/"
      },
      {
        "datetime": "2022-09-26T23:18:54Z",
        "uri": "https://web.archive.org/web/20220926231854/https://climate.nasa.gov/news/3184/a-force-of-nature-hurricanes-in-a-changing-climate/"
      },
      {
        "datetime": "2022-09-26T23:24:53Z",
        "uri": "https://web.archive.org/web/20220926232453/https://climate.nasa.gov/news/3184/a-force-of-nature-hurricanes-in-a-changing-climate/"
      },
      {
        "datetime": "2022-09-27T00:05:27Z",
        "uri": "https://web.archive.org/web/20220927000527/https://climate.nasa.gov/news/3184/a-force-of-nature-hurricanes-in-a-changing-climate/"
      },
      {
        "datetime": "2022-09-27T00:21:32Z",
        "uri": "https://web.archive.org/web/20220927002132/https://climate.nasa.gov/news/3184/a-force-of-nature-hurricanes-in-a-changing-climate/"
      },
      {
        "datetime": "2022-09-27T01:06:44Z",
        "uri": "https://web.archive.org/web/20220927010644/https://climate.nasa.gov/news/3184/a-force-of-nature-hurricanes-in-a-changing-climate/"
      },
      {
        "datetime": "2022-09-27T01:22:43Z",
        "uri": "https://web.archive.org/web/20220927012243/https://climate.nasa.gov/news/3184/a-force-of-nature-hurricanes-in-a-changing-climate/"
      },
      {
        "datetime": "2022-09-27T01:37:30Z",
        "uri": "https://web.archive.org/web/20220927013730/https://climate.nasa.gov/news/3184/a-force-of-nature-hurricanes-in-a-changing-climate/"
      },
      {
        "datetime": "2022-09-27T01:52:44Z",
        "uri": "https://web.archive.org/web/20220927015244/https://climate.nasa.gov/news/3184/a-force-of-nature-hurricanes-in-a-changing-climate/"
      },
      {
        "datetime": "2022-09-27T01:53:27Z",
        "uri": "https://web.archive.org/web/20220927015327/https://climate.nasa.gov/news/3184/a-force-of-nature-hurricanes-in-a-changing-climate/"
      },
      {
        "datetime": "2022-09-27T02:23:36Z",
        "uri": "https://web.archive.org/web/20220927022336/https://climate.nasa.gov/news/3184/a-force-of-nature-hurricanes-in-a-changing-climate/"
      },
      {
        "datetime": "2022-09-27T02:33:29Z",
        "uri": "https://web.archive.org/web/20220927023329/https://climate.nasa.gov/news/3184/a-force-of-nature-hurricanes-in-a-changing-climate/"
      },
      {
        "datetime": "2022-09-27T02:38:55Z",
        "uri": "https://web.archive.org/web/20220927023855/https://climate.nasa.gov/news/3184/a-force-of-nature-hurricanes-in-a-changing-climate/"
      },
      {
        "datetime": "2022-09-27T02:39:13Z",
        "uri": "https://web.archive.org/web/20220927023913/https://climate.nasa.gov/news/3184/a-force-of-nature-hurricanes-in-a-changing-climate/"
      },
      {
        "datetime": "2022-09-27T02:48:55Z",
        "uri": "https://web.archive.org/web/20220927024855/https://climate.nasa.gov/news/3184/a-force-of-nature-hurricanes-in-a-changing-climate/"
      },
      {
        "datetime": "2022-09-27T02:54:15Z",
        "uri": "https://web.archive.org/web/20220927025415/https://climate.nasa.gov/news/3184/a-force-of-nature-hurricanes-in-a-changing-climate/"
      },
      {
        "datetime": "2022-09-27T03:04:30Z",
        "uri": "https://web.archive.org/web/20220927030430/https://climate.nasa.gov/news/3184/a-force-of-nature-hurricanes-in-a-changing-climate/"
      },
      {
        "datetime": "2022-09-27T03:05:02Z",
        "uri": "https://web.archive.org/web/20220927030502/https://climate.nasa.gov/news/3184/a-force-of-nature-hurricanes-in-a-changing-climate/"
      },
      {
        "datetime": "2022-09-27T03:20:42Z",
        "uri": "https://web.archive.org/web/20220927032042/https://climate.nasa.gov/news/3184/a-force-of-nature-hurricanes-in-a-changing-climate/"
      },
      {
        "datetime": "2022-09-27T03:25:56Z",
        "uri": "https://web.archive.org/web/20220927032556/https://climate.nasa.gov/news/3184/a-force-of-nature-hurricanes-in-a-changing-climate/"
      },
      {
        "datetime": "2022-09-27T03:35:59Z",
        "uri": "https://web.archive.org/web/20220927033559/https://climate.nasa.gov/news/3184/a-force-of-nature-hurricanes-in-a-changing-climate/"
      },
      {
        "datetime": "2022-09-27T04:06:12Z",
        "uri": "https://web.archive.org/web/20220927040612/https://climate.nasa.gov/news/3184/a-force-of-nature-hurricanes-in-a-changing-climate/"
      },
      {
        "datetime": "2022-09-27T04:22:03Z",
        "uri": "https://web.archive.org/web/20220927042203/https://climate.nasa.gov/news/3184/a-force-of-nature-hurricanes-in-a-changing-climate"
      },
      {
        "datetime": "2022-09-27T04:52:54Z",
        "uri": "https://web.archive.org/web/20220927045254/https://climate.nasa.gov/news/3184/a-force-of-nature-hurricanes-in-a-changing-climate/"
      },
      {
        "datetime": "2022-09-27T06:05:24Z",
        "uri": "https://web.archive.org/web/20220927060524/https://climate.nasa.gov/news/3184/a-force-of-nature-hurricanes-in-a-changing-climate/"
      },
      {
        "datetime": "2022-09-27T07:06:41Z",
        "uri": "https://web.archive.org/web/20220927070641/https://climate.nasa.gov/news/3184/a-force-of-nature-hurricanes-in-a-changing-climate/"
      },
      {
        "datetime": "2022-09-27T11:34:43Z",
        "uri": "https://web.archive.org/web/20220927113443/https://climate.nasa.gov/news/3184/a-force-of-nature-hurricanes-in-a-changing-climate/"
      },
      {
        "datetime": "2022-09-27T14:36:54Z",
        "uri": "https://web.archive.org/web/20220927143654/https://climate.nasa.gov/news/3184/a-force-of-nature-hurricanes-in-a-changing-climate/"
      },
      {
        "datetime": "2022-09-27T14:42:21Z",
        "uri": "https://web.archive.org/web/20220927144221/https://climate.nasa.gov/news/3184/a-force-of-nature-hurricanes-in-a-changing-climate/"
      },
      {
        "datetime": "2022-09-27T15:39:06Z",
        "uri": "https://web.archive.org/web/20220927153906/https://climate.nasa.gov/news/3184/a-force-of-nature-hurricanes-in-a-changing-climate/"
      },
      {
        "datetime": "2022-09-27T16:21:47Z",
        "uri": "https://wayback.archive-it.org/all/20220927162147/https://climate.nasa.gov/news/3184/a-force-of-nature-hurricanes-in-a-changing-climate/"
      },
      {
        "datetime": "2022-09-27T16:23:41Z",
        "uri": "https://web.archive.org/web/20220927162341/https://climate.nasa.gov/news/3184/a-force-of-nature-hurricanes-in-a-changing-climate/"
      },
      {
        "datetime": "2022-09-27T16:38:23Z",
        "uri": "https://web.archive.org/web/20220927163823/https://climate.nasa.gov/news/3184/a-force-of-nature-hurricanes-in-a-changing-climate/"
      },
      {
        "datetime": "2022-09-27T18:53:29Z",
        "uri": "https://web.archive.org/web/20220927185329/https://climate.nasa.gov/news/3184/a-force-of-nature-hurricanes-in-a-changing-climate/"
      },
      {
        "datetime": "2022-09-27T18:54:24Z",
        "uri": "https://web.archive.org/web/20220927185424/https://climate.nasa.gov/news/3184/a-force-of-nature-hurricanes-in-a-changing-climate/"
      }
    ],
    "first": {
      "datetime": "2022-06-16T19:00:10Z",
      "uri": "https://web.archive.org/web/20220616190010/https://climate.nasa.gov/news/3184/a-force-of-nature-hurricanes-in-a-changing-climate/"
    },
    "last": {
      "datetime": "2022-09-27T18:54:24Z",
      "uri": "https://web.archive.org/web/20220927185424/https://climate.nasa.gov/news/3184/a-force-of-nature-hurricanes-in-a-changing-climate/"
    }
  },
  "timemap_uri": {
    "link_format": "http://localhost:1208/timemap/link/https://climate.nasa.gov/news/3184/a-force-of-nature-hurricanes-in-a-changing-climate/#:~:text=As%20the%20air%20continues%20to%20warm%20due%20to,in%20the%20air,%20both%20of%20which%20fuel%20hurricanes",
    "json_format": "http://localhost:1208/timemap/json/https://climate.nasa.gov/news/3184/a-force-of-nature-hurricanes-in-a-changing-climate/#:~:text=As%20the%20air%20continues%20to%20warm%20due%20to,in%20the%20air,%20both%20of%20which%20fuel%20hurricanes",
    "cdxj_format": "http://localhost:1208/timemap/cdxj/https://climate.nasa.gov/news/3184/a-force-of-nature-hurricanes-in-a-changing-climate/#:~:text=As%20the%20air%20continues%20to%20warm%20due%20to,in%20the%20air,%20both%20of%20which%20fuel%20hurricanes"
  },
  "timegate_uri": "http://localhost:1208/timegate/https://climate.nasa.gov/news/3184/a-force-of-nature-hurricanes-in-a-changing-climate/#:~:text=As%20the%20air%20continues%20to%20warm%20due%20to,in%20the%20air,%20both%20of%20which%20fuel%20hurricanes"
}
