{
  "original_uri": "https://www.technews24h.com/2022/09/celebrate-international-observe-moon.html",
  "self": "http://localhost:1208/timemap/json/https://www.technews24h.com/2022/09/celebrate-international-observe-moon.html",
  "mementos": {
    "list": [
      {
        "datetime": "2022-09-23T20:30:37Z",
        "uri": "https://web.archive.org/web/20220923203037/http://www.technews24h.com/2022/09/celebrate-international-observe-moon.html"
      },
      {
        "datetime": "2022-09-23T20:30:49Z",
        "uri": "https://web.archive.org/web/20220923203049/https://www.technews24h.com/2022/09/celebrate-international-observe-moon.html"
      }
    ],
    "first": {
      "datetime": "2022-09-23T20:30:37Z",
      "uri": "https://web.archive.org/web/20220923203037/http://www.technews24h.com/2022/09/celebrate-international-observe-moon.html"
    },
    "last": {
      "datetime": "2022-09-23T20:30:49Z",
      "uri": "https://web.archive.org/web/20220923203049/https://www.technews24h.com/2022/09/celebrate-international-observe-moon.html"
    }
  },
  "timemap_uri": {
    "link_format": "http://localhost:1208/timemap/link/https://www.technews24h.com/2022/09/celebrate-international-observe-moon.html",
    "json_format": "http://localhost:1208/timemap/json/https://www.technews24h.com/2022/09/celebrate-international-observe-moon.html",
    "cdxj_format": "http://localhost:1208/timemap/cdxj/https://www.technews24h.com/2022/09/celebrate-international-observe-moon.html"
  },
  "timegate_uri": "http://localhost:1208/timegate/https://www.technews24h.com/2022/09/celebrate-international-observe-moon.html"
}
