{
  "original_uri": "https://www.nasa.gov/specials/sea-level-rise-2020/",
  "self": "http://localhost:1208/timemap/json/https://www.nasa.gov/specials/sea-level-rise-2020/",
  "mementos": {
    "list": [
      {
        "datetime": "2020-11-05T19:22:17Z",
        "uri": "https://web.archive.org/web/20201105192217/https://www.nasa.gov/specials/sea-level-rise-2020/"
      },
      {
        "datetime": "2020-11-05T19:22:17Z",
        "uri": "https://web.archive.org/web/20201105192217/http://nasa.gov/specials/sea-level-rise-2020"
      },
      {
        "datetime": "2020-11-05T19:54:54Z",
        "uri": "https://web.archive.org/web/20201105195454/https://www.nasa.gov/specials/sea-level-rise-2020/"
      },
      {
        "datetime": "2020-11-05T20:26:29Z",
        "uri": "https://web.archive.org/web/20201105202629/https://www.nasa.gov/specials/sea-level-rise-2020/"
      },
      {
        "datetime": "2020-11-05T20:26:29Z",
        "uri": "https://web.archive.org/web/20201105202629/https://www.nasa.gov/specials/sea-level-rise-2020"
      },
      {
        "datetime": "2020-11-06T02:26:05Z",
        "uri": "https://web.archive.org/web/20201106022605/https://www.nasa.gov/specials/sea-level-rise-2020/"
      },
      {
        "datetime": "2020-11-06T07:43:15Z",
        "uri": "https://web.archive.org/web/20201106074315/https://www.nasa.gov/specials/sea-level-rise-2020/"
      },
      {
        "datetime": "2020-11-06T07:43:15Z",
        "uri": "https://web.archive.org/web/20201106074315/https://www.nasa.gov/specials/sea-level-rise-2020"
      },
      {
        "datetime": "2020-11-06T17:19:45Z",
        "uri": "https://web.archive.org/web/20201106171945/https://www.nasa.gov/specials/sea-level-rise-2020/"
      },
      {
        "datetime": "2020-11-16T17:00:53Z",
        "uri": "https://web.archive.org/web/20201116170053/https://www.nasa.gov/specials/sea-level-rise-2020/"
      },
      {
        "datetime": "2020-11-19T00:59:06Z",
        "uri": "https://web.archive.org/web/20201119005906/https://www.nasa.gov/specials/sea-level-rise-2020/"
      },
      {
        "datetime": "2020-11-20T21:43:39Z",
        "uri": "https://web.archive.org/web/20201120214339/https://www.nasa.gov/specials/sea-level-rise-2020/"
      },
      {
        "datetime": "2020-11-20T21:43:39Z",
        "uri": "https://web.archive.org/web/20201120214339/https://nasa.gov/specials/sea-level-rise-2020/"
      },
      {
        "datetime": "2020-11-20T22:23:54Z",
        "uri": "https://web.archive.org/web/20201120222354/https://www.nasa.gov/specials/sea-level-rise-2020/"
      },
      {
        "datetime": "2020-11-20T22:23:54Z",
        "uri": "https://web.archive.org/web/20201120222354/https://www.nasa.gov/specials/sea-level-rise-2020"
      },
      {
        "datetime": "2020-11-29T17:12:08Z",
        "uri": "https://web.archive.org/web/20201129171208/https://www.nasa.gov/specials/sea-level-rise-2020/"
      },
      {
        "datetime": "2020-12-01T12:44:38Z",
        "uri": "https://web.archive.org/web/20201201124438/https://www.nasa.gov/specials/sea-level-rise-2020/"
      },
      {
        "datetime": "2020-12-07T17:50:28Z",
        "uri": "https://web.archive.org/web/20201207175028/https://www.nasa.gov/specials/sea-level-rise-2020/"
      },
      {
        "datetime": "2020-12-18T21:52:25Z",
        "uri": "https://web.archive.org/web/20201218215225/https://www.nasa.gov/specials/sea-level-rise-2020/"
      },
      {
        "datetime": "2020-12-19T02:15:44Z",
        "uri": "https://web.archive.org/web/20201219021544/http://nasa.gov/specials/sea-level-rise-2020"
      },
      {
        "datetime": "2020-12-19T19:34:13Z",
        "uri": "https://web.archive.org/web/20201219193413/https://www.nasa.gov/specials/sea-level-rise-2020"
      },
      {
        "datetime": "2021-01-15T14:22:46Z",
        "uri": "https://web.archive.org/web/20210115142246/https://www.nasa.gov/specials/sea-level-rise-2020/"
      },
      {
        "datetime": "2021-01-15T14:27:31Z",
        "uri": "https://web.archive.org/web/20210115142731/http://nasa.gov/specials/sea-level-rise-2020"
      },
      {
        "datetime": "2021-01-15T14:27:37Z",
        "uri": "https://web.archive.org/web/20210115142737/https://www.nasa.gov/specials/sea-level-rise-2020"
      },
      {
        "datetime": "2021-01-15T20:29:06Z",
        "uri": "https://web.archive.org/web/20210115202906/https://www.nasa.gov/specials/sea-level-rise-2020/"
      },
      {
        "datetime": "2021-01-15T20:33:47Z",
        "uri": "https://web.archive.org/web/20210115203347/http://nasa.gov/specials/sea-level-rise-2020"
      },
      {
        "datetime": "2021-01-15T20:34:00Z",
        "uri": "https://web.archive.org/web/20210115203400/https://www.nasa.gov/specials/sea-level-rise-2020"
      },
      {
        "datetime": "2021-02-19T06:20:04Z",
        "uri": "https://web.archive.org/web/20210219062004/https://www.nasa.gov/specials/sea-level-rise-2020/"
      },
      {
        "datetime": "2021-03-01T13:52:33Z",
        "uri": "https://web.archive.org/web/20210301135233/https://www.nasa.gov/specials/sea-level-rise-2020/"
      },
      {
        "datetime": "2021-04-10T21:27:03Z",
        "uri": "https://web.archive.org/web/20210410212703/https://www.nasa.gov/specials/sea-level-rise-2020/"
      },
      {
        "datetime": "2021-04-28T17:20:04Z",
        "uri": "https://web.archive.org/web/20210428172004/https://www.nasa.gov/specials/sea-level-rise-2020/"
      },
      {
        "datetime": "2021-04-29T01:32:22Z",
        "uri": "https://web.archive.org/web/20210429013222/https://www.nasa.gov/specials/sea-level-rise-2020/"
      },
      {
        "datetime": "2021-05-31T00:01:26Z",
        "uri": "https://web.archive.org/web/20210531000126/https://www.nasa.gov/specials/sea-level-rise-2020/"
      },
      {
        "datetime": "2021-06-29T18:51:49Z",
        "uri": "https://web.archive.org/web/20210629185149/https://www.nasa.gov/specials/sea-level-rise-2020/"
      },
      {
        "datetime": "2021-09-06T09:05:47Z",
        "uri": "https://web.archive.org/web/20210906090547/https://www.nasa.gov/specials/sea-level-rise-2020/"
      },
      {
        "datetime": "2021-10-15T18:14:58Z",
        "uri": "https://web.archive.org/web/20211015181458/https://www.nasa.gov/specials/sea-level-rise-2020/"
      },
      {
        "datetime": "2021-10-28T13:06:22Z",
        "uri": "https://web.archive.org/web/20211028130622/https://www.nasa.gov/specials/sea-level-rise-2020/"
      },
      {
        "datetime": "2021-11-08T10:52:55Z",
        "uri": "https://web.archive.org/web/20211108105255/https://www.nasa.gov/specials/sea-level-rise-2020/"
      },
      {
        "datetime": "2021-11-08T11:08:22Z",
        "uri": "https://web.archive.org/web/20211108110822/https://www.nasa.gov/specials/sea-level-rise-2020/"
      },
      {
        "datetime": "2021-11-08T11:39:14Z",
        "uri": "https://web.archive.org/web/20211108113914/https://www.nasa.gov/specials/sea-level-rise-2020/"
      },
      {
        "datetime": "2021-11-08T13:38:14Z",
        "uri": "https://web.archive.org/web/20211108133814/https://www.nasa.gov/specials/sea-level-rise-2020/"
      },
      {
        "datetime": "2021-11-08T13:53:34Z",
        "uri": "https://web.archive.org/web/20211108135334/https://www.nasa.gov/specials/sea-level-rise-2020/"
      },
      {
        "datetime": "2021-11-08T14:08:49Z",
        "uri": "https://web.archive.org/web/20211108140849/https://www.nasa.gov/specials/sea-level-rise-2020/"
      },
      {
        "datetime": "2021-11-08T14:39:59Z",
        "uri": "https://web.archive.org/web/20211108143959/https://www.nasa.gov/specials/sea-level-rise-2020/"
      },
      {
        "datetime": "2021-11-08T15:21:32Z",
        "uri": "https://web.archive.org/web/20211108152132/https://www.nasa.gov/specials/sea-level-rise-2020/"
      },
      {
        "datetime": "2021-11-08T15:36:48Z",
        "uri": "https://web.archive.org/web/20211108153648/https://www.nasa.gov/specials/sea-level-rise-2020/"
      },
      {
        "datetime": "2021-11-08T15:52:20Z",
        "uri": "https://web.archive.org/web/20211108155220/https://www.nasa.gov/specials/sea-level-rise-2020/"
      },
      {
        "datetime": "2021-11-08T16:23:30Z",
        "uri": "https://web.archive.org/web/20211108162330/https://www.nasa.gov/specials/sea-level-rise-2020/"
      },
      {
        "datetime": "2021-11-08T17:05:20Z",
        "uri": "https://web.archive.org/web/20211108170520/https://www.nasa.gov/specials/sea-level-rise-2020/"
      },
      {
        "datetime": "2021-11-08T17:20:31Z",
        "uri": "https://web.archive.org/web/20211108172031/https://www.nasa.gov/specials/sea-level-rise-2020/"
      },
      {
        "datetime": "2021-11-08T17:35:59Z",
        "uri": "https://web.archive.org/web/20211108173559/https://www.nasa.gov/specials/sea-level-rise-2020/"
      },
      {
        "datetime": "2021-11-08T17:51:36Z",
        "uri": "https://web.archive.org/web/20211108175136/https://www.nasa.gov/specials/sea-level-rise-2020/"
      },
      {
        "datetime": "2021-11-08T18:07:37Z",
        "uri": "https://web.archive.org/web/20211108180737/https://www.nasa.gov/specials/sea-level-rise-2020/"
      },
      {
        "datetime": "2021-11-08T19:08:59Z",
        "uri": "https://web.archive.org/web/20211108190859/https://www.nasa.gov/specials/sea-level-rise-2020/"
      },
      {
        "datetime": "2021-11-08T23:36:09Z",
        "uri": "https://web.archive.org/web/20211108233609/https://www.nasa.gov/specials/sea-level-rise-2020/"
      },
      {
        "datetime": "2021-12-02T21:51:02Z",
        "uri": "https://web.archive.org/web/20211202215102/https://www.nasa.gov/specials/sea-level-rise-2020/"
      },
      {
        "datetime": "2021-12-25T18:07:24Z",
        "uri": "https://web.archive.org/web/20211225180724/https://www.nasa.gov/specials/sea-level-rise-2020/"
      },
      {
        "datetime": "2022-01-06T17:30:10Z",
        "uri": "https://web.archive.org/web/20220106173010/https://www.nasa.gov/specials/sea-level-rise-2020/"
      },
      {
        "datetime": "2022-01-13T18:52:58Z",
        "uri": "https://web.archive.org/web/20220113185258/https://www.nasa.gov/specials/sea-level-rise-2020/"
      },
      {
        "datetime": "2022-01-14T14:25:42Z",
        "uri": "https://wayback.archive-it.org/all/20220114142542/https://www.nasa.gov/specials/sea-level-rise-2020/"
      },
      {
        "datetime": "2022-01-14T14:25:42Z",
        "uri": "https://web.archive.org/web/20220114142542/https://www.nasa.gov/specials/sea-level-rise-2020/"
      },
      {
        "datetime": "2022-01-16T00:37:51Z",
        "uri": "https://web.archive.org/web/20220116003751/https://www.nasa.gov/specials/sea-level-rise-2020/"
      },
      {
        "datetime": "2022-01-18T01:36:49Z",
        "uri": "https://web.archive.org/web/20220118013649/https://www.nasa.gov/specials/sea-level-rise-2020/"
      },
      {
        "datetime": "2022-01-18T20:46:54Z",
        "uri": "https://wayback.archive-it.org/all/20220118204654/https://www.nasa.gov/specials/sea-level-rise-2020/"
      },
      {
        "datetime": "2022-01-18T20:46:54Z",
        "uri": "https://web.archive.org/web/20220118204654/https://www.nasa.gov/specials/sea-level-rise-2020/"
      },
      {
        "datetime": "2022-01-21T19:46:11Z",
        "uri": "https://web.archive.org/web/20220121194611/https://www.nasa.gov/specials/sea-level-rise-2020/"
      },
      {
        "datetime": "2022-01-28T11:39:58Z",
        "uri": "https://wayback.archive-it.org/all/20220128113958/https://www.nasa.gov/specials/sea-level-rise-2020/"
      },
      {
        "datetime": "2022-01-28T11:39:58Z",
        "uri": "https://web.archive.org/web/20220128113958/https://www.nasa.gov/specials/sea-level-rise-2020/"
      },
      {
        "datetime": "2022-02-02T14:51:29Z",
        "uri": "https://web.archive.org/web/20220202145129/https://www.nasa.gov/specials/sea-level-rise-2020/"
      },
      {
        "datetime": "2022-02-02T15:47:18Z",
        "uri": "https://web.archive.org/web/20220202154718/https://www.nasa.gov/specials/sea-level-rise-2020/"
      },
      {
        "datetime": "2022-02-02T16:23:23Z",
        "uri": "https://web.archive.org/web/20220202162323/https://www.nasa.gov/specials/sea-level-rise-2020/"
      },
      {
        "datetime": "2022-02-02T16:31:13Z",
        "uri": "https://web.archive.org/web/20220202163113/https://www.nasa.gov/specials/sea-level-rise-2020/"
      },
      {
        "datetime": "2022-02-02T16:55:34Z",
        "uri": "https://web.archive.org/web/20220202165534/https://www.nasa.gov/specials/sea-level-rise-2020/"
      },
      {
        "datetime": "2022-02-05T11:19:19Z",
        "uri": "https://wayback.archive-it.org/all/20220205111919/https://www.nasa.gov/specials/sea-level-rise-2020/"
      },
      {
        "datetime": "2022-02-05T11:19:19Z",
        "uri": "https://web.archive.org/web/20220205111919/https://www.nasa.gov/specials/sea-level-rise-2020/"
      },
      {
        "datetime": "2022-05-07T01:34:47Z",
        "uri": "https://web.archive.org/web/20220507013447/https://www.nasa.gov/specials/sea-level-rise-2020/"
      },
      {
        "datetime": "2022-05-25T23:09:45Z",
        "uri": "https://web.archive.org/web/20220525230945/https://www.nasa.gov/specials/sea-level-rise-2020/"
      },
      {
        "datetime": "2022-07-12T19:10:13Z",
        "uri": "https://web.archive.org/web/20220712191013/https://www.nasa.gov/specials/sea-level-rise-2020/"
      },
      {
        "datetime": "2022-07-29T07:14:58Z",
        "uri": "https://web.archive.org/web/20220729071458/http://www.nasa.gov/specials/sea-level-rise-2020"
      }
    ],
    "first": {
      "datetime": "2020-11-05T19:22:17Z",
      "uri": "https://web.archive.org/web/20201105192217/https://www.nasa.gov/specials/sea-level-rise-2020/"
    },
    "last": {
      "datetime": "2022-07-29T07:14:58Z",
      "uri": "https://web.archive.org/web/20220729071458/http://www.nasa.gov/specials/sea-level-rise-2020"
    }
  },
  "timemap_uri": {
    "link_format": "http://localhost:1208/timemap/link/https://www.nasa.gov/specials/sea-level-rise-2020/",
    "json_format": "http://localhost:1208/timemap/json/https://www.nasa.gov/specials/sea-level-rise-2020/",
    "cdxj_format": "http://localhost:1208/timemap/cdxj/https://www.nasa.gov/specials/sea-level-rise-2020/"
  },
  "timegate_uri": "http://localhost:1208/timegate/https://www.nasa.gov/specials/sea-level-rise-2020/"
}
