{
  "original_uri": "https://thecritic.co.uk/A-time-for-Anglican-Royalism/",
  "self": "http://localhost:1208/timemap/json/https://thecritic.co.uk/A-time-for-Anglican-Royalism/",
  "mementos": {
    "list": [
      {
        "datetime": "2022-09-28T06:07:27Z",
        "uri": "https://web.archive.org/web/20220928060727/https://thecritic.co.uk/a-time-for-anglican-royalism/"
      },
      {
        "datetime": "2022-09-28T09:40:01Z",
        "uri": "https://web.archive.org/web/20220928094001/https://thecritic.co.uk/A-time-for-Anglican-Royalism"
      },
      {
        "datetime": "2022-09-28T09:41:15Z",
        "uri": "https://web.archive.org/web/20220928094115/https://thecritic.co.uk/A-time-for-Anglican-Royalism/"
      }
    ],
    "first": {
      "datetime": "2022-09-28T06:07:27Z",
      "uri": "https://web.archive.org/web/20220928060727/https://thecritic.co.uk/a-time-for-anglican-royalism/"
    },
    "last": {
      "datetime": "2022-09-28T09:41:15Z",
      "uri": "https://web.archive.org/web/20220928094115/https://thecritic.co.uk/A-time-for-Anglican-Royalism/"
    }
  },
  "timemap_uri": {
    "link_format": "http://localhost:1208/timemap/link/https://thecritic.co.uk/A-time-for-Anglican-Royalism/",
    "json_format": "http://localhost:1208/timemap/json/https://thecritic.co.uk/A-time-for-Anglican-Royalism/",
    "cdxj_format": "http://localhost:1208/timemap/cdxj/https://thecritic.co.uk/A-time-for-Anglican-Royalism/"
  },
  "timegate_uri": "http://localhost:1208/timegate/https://thecritic.co.uk/A-time-for-Anglican-Royalism/"
}
