{
  "original_uri": "https://www.nasa.gov/mission_pages/tdm/loftid/index.html",
  "self": "http://localhost:1208/timemap/json/https://www.nasa.gov/mission_pages/tdm/loftid/index.html",
  "mementos": {
    "list": [
      {
        "datetime": "2018-08-18T02:51:47Z",
        "uri": "https://web.archive.org/web/20180818025147/https://www.nasa.gov/mission_pages/tdm/loftid/index.html"
      },
      {
        "datetime": "2020-07-23T11:42:30Z",
        "uri": "https://web.archive.org/web/20200723114230/https://www.nasa.gov/mission_pages/tdm/loftid/index.html"
      },
      {
        "datetime": "2021-01-14T13:41:45Z",
        "uri": "https://web.archive.org/web/20210114134145/https://www.nasa.gov/mission_pages/tdm/loftid/index.html"
      },
      {
        "datetime": "2021-05-08T10:24:27Z",
        "uri": "https://web.archive.org/web/20210508102427/https://www.nasa.gov/mission_pages/tdm/loftid/index.html"
      },
      {
        "datetime": "2021-10-24T06:14:43Z",
        "uri": "https://web.archive.org/web/20211024061443/https://www.nasa.gov/mission_pages/tdm/loftid/index.html"
      },
      {
        "datetime": "2021-12-25T09:20:19Z",
        "uri": "https://web.archive.org/web/20211225092019/https://www.nasa.gov/mission_pages/tdm/loftid/index.html"
      },
      {
        "datetime": "2021-12-31T11:44:19Z",
        "uri": "https://web.archive.org/web/20211231114419/https://www.nasa.gov/mission_pages/tdm/loftid/index.html"
      },
      {
        "datetime": "2022-02-09T22:30:48Z",
        "uri": "https://web.archive.org/web/20220209223048/https://www.nasa.gov/mission_pages/tdm/loftid/index.html"
      },
      {
        "datetime": "2022-02-12T18:06:36Z",
        "uri": "https://web.archive.org/web/20220212180636/https://www.nasa.gov/mission_pages/tdm/loftid/index.html"
      },
      {
        "datetime": "2022-02-12T18:26:05Z",
        "uri": "https://web.archive.org/web/20220212182605/https://www.nasa.gov/mission_pages/tdm/loftid/index.html"
      },
      {
        "datetime": "2022-02-12T18:39:09Z",
        "uri": "https://web.archive.org/web/20220212183909/https://www.nasa.gov/mission_pages/tdm/loftid/index.html"
      },
      {
        "datetime": "2022-02-12T19:16:58Z",
        "uri": "https://web.archive.org/web/20220212191658/https://www.nasa.gov/mission_pages/tdm/loftid/index.html"
      },
      {
        "datetime": "2022-02-12T19:32:55Z",
        "uri": "https://web.archive.org/web/20220212193255/https://www.nasa.gov/mission_pages/tdm/loftid/index.html"
      },
      {
        "datetime": "2022-02-12T19:37:14Z",
        "uri": "https://web.archive.org/web/20220212193714/https://www.nasa.gov/mission_pages/tdm/loftid/index.html"
      },
      {
        "datetime": "2022-02-12T19:55:11Z",
        "uri": "https://web.archive.org/web/20220212195511/https://www.nasa.gov/mission_pages/tdm/loftid/index.html"
      },
      {
        "datetime": "2022-02-12T20:03:09Z",
        "uri": "https://web.archive.org/web/20220212200309/https://www.nasa.gov/mission_pages/tdm/loftid/index.html"
      },
      {
        "datetime": "2022-02-26T16:52:04Z",
        "uri": "https://web.archive.org/web/20220226165204/http://www.nasa.gov/mission_pages/tdm/loftid/index.html"
      },
      {
        "datetime": "2022-03-01T18:02:46Z",
        "uri": "https://web.archive.org/web/20220301180246/https://www.nasa.gov/mission_pages/tdm/loftid/index.html"
      },
      {
        "datetime": "2022-03-07T08:39:24Z",
        "uri": "https://web.archive.org/web/20220307083924/https://www.nasa.gov/mission_pages/tdm/loftid/index.html"
      },
      {
        "datetime": "2022-06-01T12:12:26Z",
        "uri": "https://web.archive.org/web/20220601121226/https://www.nasa.gov/mission_pages/tdm/loftid/index.html"
      },
      {
        "datetime": "2022-06-09T13:12:54Z",
        "uri": "https://web.archive.org/web/20220609131254/https://www.nasa.gov/mission_pages/tdm/loftid/index.html"
      },
      {
        "datetime": "2022-06-21T04:43:32Z",
        "uri": "https://web.archive.org/web/20220621044332/https://www.nasa.gov/mission_pages/tdm/loftid/index.html"
      },
      {
        "datetime": "2022-06-29T03:16:09Z",
        "uri": "https://web.archive.org/web/20220629031609/https://www.nasa.gov/mission_pages/tdm/loftid/index.html"
      },
      {
        "datetime": "2022-07-05T12:41:19Z",
        "uri": "https://web.archive.org/web/20220705124119/https://www.nasa.gov/mission_pages/tdm/loftid/index.html"
      },
      {
        "datetime": "2022-09-23T09:51:46Z",
        "uri": "https://web.archive.org/web/20220923095146/https://www.nasa.gov/mission_pages/tdm/loftid/index.html"
      }
    ],
    "first": {
      "datetime": "2018-08-18T02:51:47Z",
      "uri": "https://web.archive.org/web/20180818025147/https://www.nasa.gov/mission_pages/tdm/loftid/index.html"
    },
    "last": {
      "datetime": "2022-09-23T09:51:46Z",
      "uri": "https://web.archive.org/web/20220923095146/https://www.nasa.gov/mission_pages/tdm/loftid/index.html"
    }
  },
  "timemap_uri": {
    "link_format": "http://localhost:1208/timemap/link/https://www.nasa.gov/mission_pages/tdm/loftid/index.html",
    "json_format": "http://localhost:1208/timemap/json/https://www.nasa.gov/mission_pages/tdm/loftid/index.html",
    "cdxj_format": "http://localhost:1208/timemap/cdxj/https://www.nasa.gov/mission_pages/tdm/loftid/index.html"
  },
  "timegate_uri": "http://localhost:1208/timegate/https://www.nasa.gov/mission_pages/tdm/loftid/index.html"
}
