{
  "original_uri": "https://tweetedtimes.com/v/2077",
  "self": "http://localhost:1208/timemap/json/https://tweetedtimes.com/v/2077",
  "mementos": {
    "list": [
      {
        "datetime": "2017-02-24T04:04:57Z",
        "uri": "https://web.archive.org/web/20170224040457/http://tweetedtimes.com/v/2077"
      },
      {
        "datetime": "2018-01-23T17:56:50Z",
        "uri": "https://web.archive.org/web/20180123175650/http://tweetedtimes.com/v/2077"
      },
      {
        "datetime": "2018-07-31T11:03:21Z",
        "uri": "https://web.archive.org/web/20180731110321/http://tweetedtimes.com/v/2077"
      },
      {
        "datetime": "2019-12-31T23:34:51Z",
        "uri": "https://web.archive.org/web/20191231233451/https://tweetedtimes.com/v/2077"
      },
      {
        "datetime": "2020-04-21T09:42:37Z",
        "uri": "https://web.archive.org/web/20200421094237/https://tweetedtimes.com/v/2077"
      },
      {
        "datetime": "2020-06-05T22:42:53Z",
        "uri": "https://web.archive.org/web/20200605224253/https://tweetedtimes.com/v/2077"
      },
      {
        "datetime": "2020-07-19T09:16:16Z",
        "uri": "https://web.archive.org/web/20200719091616/https://tweetedtimes.com/v/2077"
      },
      {
        "datetime": "2020-08-19T17:56:57Z",
        "uri": "https://web.archive.org/web/20200819175657/https://tweetedtimes.com/v/2077"
      },
      {
        "datetime": "2020-10-04T07:32:04Z",
        "uri": "https://web.archive.org/web/20201004073204/https://tweetedtimes.com/v/2077"
      },
      {
        "datetime": "2020-10-31T06:37:00Z",
        "uri": "https://web.archive.org/web/20201031063700/https://tweetedtimes.com/v/2077"
      },
      {
        "datetime": "2021-06-04T15:46:38Z",
        "uri": "https://web.archive.org/web/20210604154638/https://tweetedtimes.com/v/2077"
      },
      {
        "datetime": "2022-03-24T23:56:57Z",
        "uri": "https://web.archive.org/web/20220324235657/https://tweetedtimes.com/v/2077"
      },
      {
        "datetime": "2022-03-29T07:50:58Z",
        "uri": "https://web.archive.org/web/20220329075058/https://tweetedtimes.com/v/2077"
      },
      {
        "datetime": "2022-09-24T17:49:31Z",
        "uri": "https://web.archive.org/web/20220924174931/https://tweetedtimes.com/v/2077"
      }
    ],
    "first": {
      "datetime": "2017-02-24T04:04:57Z",
      "uri": "https://web.archive.org/web/20170224040457/http://tweetedtimes.com/v/2077"
    },
    "last": {
      "datetime": "2022-09-24T17:49:31Z",
      "uri": "https://web.archive.org/web/20220924174931/https://tweetedtimes.com/v/2077"
    }
  },
  "timemap_uri": {
    "link_format": "http://localhost:1208/timemap/link/https://tweetedtimes.com/v/2077",
    "json_format": "http://localhost:1208/timemap/json/https://tweetedtimes.com/v/2077",
    "cdxj_format": "http://localhost:1208/timemap/cdxj/https://tweetedtimes.com/v/2077"
  },
  "timegate_uri": "http://localhost:1208/timegate/https://tweetedtimes.com/v/2077"
}
