{
  "original_uri": "https://www.etsy.com/listing/512016994/earth-nasa-poster-home-exoplanet-2016?ref=rss",
  "self": "http://localhost:1208/timemap/json/https://www.etsy.com/listing/512016994/earth-nasa-poster-home-exoplanet-2016?ref=rss",
  "mementos": {
    "list": [
      {
        "datetime": "2020-11-04T06:17:39Z",
        "uri": "https://web.archive.org/web/20201104061739/https://www.etsy.com/listing/512016994/earth-nasa-poster-home-exoplanet-2016?ref=rss"
      },
      {
        "datetime": "2022-04-04T15:21:59Z",
        "uri": "https://web.archive.org/web/20220404152159/https://www.etsy.com/listing/512016994/earth-nasa-poster-home-exoplanet-2016?ref=rss"
      }
    ],
    "first": {
      "datetime": "2020-11-04T06:17:39Z",
      "uri": "https://web.archive.org/web/20201104061739/https://www.etsy.com/listing/512016994/earth-nasa-poster-home-exoplanet-2016?ref=rss"
    },
    "last": {
      "datetime": "2022-04-04T15:21:59Z",
      "uri": "https://web.archive.org/web/20220404152159/https://www.etsy.com/listing/512016994/earth-nasa-poster-home-exoplanet-2016?ref=rss"
    }
  },
  "timemap_uri": {
    "link_format": "http://localhost:1208/timemap/link/https://www.etsy.com/listing/512016994/earth-nasa-poster-home-exoplanet-2016?ref=rss",
    "json_format": "http://localhost:1208/timemap/json/https://www.etsy.com/listing/512016994/earth-nasa-poster-home-exoplanet-2016?ref=rss",
    "cdxj_format": "http://localhost:1208/timemap/cdxj/https://www.etsy.com/listing/512016994/earth-nasa-poster-home-exoplanet-2016?ref=rss"
  },
  "timegate_uri": "http://localhost:1208/timegate/https://www.etsy.com/listing/512016994/earth-nasa-poster-home-exoplanet-2016?ref=rss"
}
