{
  "original_uri": "https://www.mcgill.ca/oss/article/did-you-know/nasa-and-spacex-owe-their-accomplishments-dog-named-laika",
  "self": "http://localhost:1208/timemap/json/https://www.mcgill.ca/oss/article/did-you-know/nasa-and-spacex-owe-their-accomplishments-dog-named-laika",
  "mementos": {
    "list": [
      {
        "datetime": "2021-04-20T14:08:19Z",
        "uri": "https://web.archive.org/web/20210420140819/https://www.mcgill.ca/oss/article/did-you-know/nasa-and-spacex-owe-their-accomplishments-dog-named-laika"
      },
      {
        "datetime": "2021-06-14T06:31:03Z",
        "uri": "https://web.archive.org/web/20210614063103/https://www.mcgill.ca/oss/article/did-you-know/nasa-and-spacex-owe-their-accomplishments-dog-named-laika"
      },
      {
        "datetime": "2021-06-14T06:31:03Z",
        "uri": "https://web.archive.org/web/20210614063103/https://www.mcgill.ca/oss/article/did-you-know/nasa-and-spacex-owe-their-accomplishments-dog-named-laika"
      },
      {
        "datetime": "2022-08-29T13:19:26Z",
        "uri": "https://web.archive.org/web/20220829131926/https://www.mcgill.ca/oss/article/did-you-know/nasa-and-spacex-owe-their-accomplishments-dog-named-laika"
      },
      {
        "datetime": "2022-08-31T09:37:55Z",
        "uri": "https://web.archive.org/web/20220831093755/https://mcgill.ca/oss/article/did-you-know/nasa-and-spacex-owe-their-accomplishments-dog-named-laika"
      },
      {
        "datetime": "2022-08-31T13:29:56Z",
        "uri": "https://web.archive.org/web/20220831132956/https://www.mcgill.ca/oss/article/did-you-know/nasa-and-spacex-owe-their-accomplishments-dog-named-laika"
      },
      {
        "datetime": "2022-08-31T13:30:39Z",
        "uri": "https://web.archive.org/web/20220831133039/https://www.mcgill.ca/oss/article/did-you-know/nasa-and-spacex-owe-their-accomplishments-dog-named-laika"
      }
    ],
    "first": {
      "datetime": "2021-04-20T14:08:19Z",
      "uri": "https://web.archive.org/web/20210420140819/https://www.mcgill.ca/oss/article/did-you-know/nasa-and-spacex-owe-their-accomplishments-dog-named-laika"
    },
    "last": {
      "datetime": "2022-08-31T13:30:39Z",
      "uri": "https://web.archive.org/web/20220831133039/https://www.mcgill.ca/oss/article/did-you-know/nasa-and-spacex-owe-their-accomplishments-dog-named-laika"
    }
  },
  "timemap_uri": {
    "link_format": "http://localhost:1208/timemap/link/https://www.mcgill.ca/oss/article/did-you-know/nasa-and-spacex-owe-their-accomplishments-dog-named-laika",
    "json_format": "http://localhost:1208/timemap/json/https://www.mcgill.ca/oss/article/did-you-know/nasa-and-spacex-owe-their-accomplishments-dog-named-laika",
    "cdxj_format": "http://localhost:1208/timemap/cdxj/https://www.mcgill.ca/oss/article/did-you-know/nasa-and-spacex-owe-their-accomplishments-dog-named-laika"
  },
  "timegate_uri": "http://localhost:1208/timegate/https://www.mcgill.ca/oss/article/did-you-know/nasa-and-spacex-owe-their-accomplishments-dog-named-laika"
}
