{
  "original_uri": "https://t.me/+kfzGF98QQrMwMWE8",
  "self": "http://localhost:1208/timemap/json/https://t.me/+kfzGF98QQrMwMWE8",
  "mementos": {
    "list": [
      {
        "datetime": "2022-09-10T23:14:24Z",
        "uri": "https://web.archive.org/web/20220910231424/https://t.me/+kfzGF98QQrMwMWE8"
      },
      {
        "datetime": "2022-09-10T23:14:39Z",
        "uri": "https://web.archive.org/web/20220910231439/https://t.me/+kfzGF98QQrMwMWE8"
      },
      {
        "datetime": "2022-09-10T23:15:04Z",
        "uri": "https://web.archive.org/web/20220910231504/https://t.me/+kfzGF98QQrMwMWE8"
      },
      {
        "datetime": "2022-09-10T23:15:24Z",
        "uri": "https://web.archive.org/web/20220910231524/https://t.me/+kfzGF98QQrMwMWE8"
      },
      {
        "datetime": "2022-09-10T23:15:43Z",
        "uri": "https://web.archive.org/web/20220910231543/https://t.me/+kfzGF98QQrMwMWE8"
      },
      {
        "datetime": "2022-09-26T11:48:47Z",
        "uri": "https://web.archive.org/web/20220926114847/https://t.me/+kfzGF98QQrMwMWE8"
      },
      {
        "datetime": "2022-09-26T11:48:50Z",
        "uri": "https://web.archive.org/web/20220926114850/https://t.me/+kfzGF98QQrMwMWE8"
      },
      {
        "datetime": "2022-09-26T11:49:13Z",
        "uri": "https://web.archive.org/web/20220926114913/https://t.me/+kfzGF98QQrMwMWE8"
      },
      {
        "datetime": "2022-09-26T11:49:27Z",
        "uri": "https://web.archive.org/web/20220926114927/https://t.me/+kfzGF98QQrMwMWE8"
      },
      {
        "datetime": "2022-09-26T11:49:44Z",
        "uri": "https://web.archive.org/web/20220926114944/https://t.me/+kfzGF98QQrMwMWE8"
      },
      {
        "datetime": "2022-09-26T11:50:05Z",
        "uri": "https://web.archive.org/web/20220926115005/https://t.me/+kfzGF98QQrMwMWE8"
      }
    ],
    "first": {
      "datetime": "2022-09-10T23:14:24Z",
      "uri": "https://web.archive.org/web/20220910231424/https://t.me/+kfzGF98QQrMwMWE8"
    },
    "last": {
      "datetime": "2022-09-26T11:50:05Z",
      "uri": "https://web.archive.org/web/20220926115005/https://t.me/+kfzGF98QQrMwMWE8"
    }
  },
  "timemap_uri": {
    "link_format": "http://localhost:1208/timemap/link/https://t.me/+kfzGF98QQrMwMWE8",
    "json_format": "http://localhost:1208/timemap/json/https://t.me/+kfzGF98QQrMwMWE8",
    "cdxj_format": "http://localhost:1208/timemap/cdxj/https://t.me/+kfzGF98QQrMwMWE8"
  },
  "timegate_uri": "http://localhost:1208/timegate/https://t.me/+kfzGF98QQrMwMWE8"
}
