{
  "original_uri": "https://www.foxnews.com/media/joy-reid-gloats-desantis-asking-bidens-hurricane-help-he-must-go-hat-in-hand-aid",
  "self": "http://localhost:1208/timemap/json/https://www.foxnews.com/media/joy-reid-gloats-desantis-asking-bidens-hurricane-help-he-must-go-hat-in-hand-aid",
  "mementos": {
    "list": [
      {
        "datetime": "2022-10-01T21:47:04Z",
        "uri": "https://web.archive.org/web/20221001214704/https://www.foxnews.com/media/joy-reid-gloats-desantis-asking-bidens-hurricane-help-he-must-go-hat-in-hand-aid"
      }
    ],
    "first": {
      "datetime": "2022-10-01T21:47:04Z",
      "uri": "https://web.archive.org/web/20221001214704/https://www.foxnews.com/media/joy-reid-gloats-desantis-asking-bidens-hurricane-help-he-must-go-hat-in-hand-aid"
    },
    "last": {
      "datetime": "2022-10-01T21:47:04Z",
      "uri": "https://web.archive.org/web/20221001214704/https://www.foxnews.com/media/joy-reid-gloats-desantis-asking-bidens-hurricane-help-he-must-go-hat-in-hand-aid"
    }
  },
  "timemap_uri": {
    "link_format": "http://localhost:1208/timemap/link/https://www.foxnews.com/media/joy-reid-gloats-desantis-asking-bidens-hurricane-help-he-must-go-hat-in-hand-aid",
    "json_format": "http://localhost:1208/timemap/json/https://www.foxnews.com/media/joy-reid-gloats-desantis-asking-bidens-hurricane-help-he-must-go-hat-in-hand-aid",
    "cdxj_format": "http://localhost:1208/timemap/cdxj/https://www.foxnews.com/media/joy-reid-gloats-desantis-asking-bidens-hurricane-help-he-must-go-hat-in-hand-aid"
  },
  "timegate_uri": "http://localhost:1208/timegate/https://www.foxnews.com/media/joy-reid-gloats-desantis-asking-bidens-hurricane-help-he-must-go-hat-in-hand-aid"
}
