{
  "original_uri": "https://freebeacon.com/biden-administration/ron-klain-wife-scandal/",
  "self": "http://localhost:1208/timemap/json/https://freebeacon.com/biden-administration/ron-klain-wife-scandal/",
  "mementos": {
    "list": [
      {
        "datetime": "2022-09-30T08:43:45Z",
        "uri": "http://archive.md/20220930084345/https://freebeacon.com/biden-administration/ron-klain-wife-scandal/"
      },
      {
        "datetime": "2022-10-01T03:14:54Z",
        "uri": "https://wayback.archive-it.org/all/20221001031454/https://freebeacon.com/biden-administration/ron-klain-wife-scandal/"
      }
    ],
    "first": {
      "datetime": "2022-09-30T08:43:45Z",
      "uri": "http://archive.md/20220930084345/https://freebeacon.com/biden-administration/ron-klain-wife-scandal/"
    },
    "last": {
      "datetime": "2022-10-01T03:14:54Z",
      "uri": "https://wayback.archive-it.org/all/20221001031454/https://freebeacon.com/biden-administration/ron-klain-wife-scandal/"
    }
  },
  "timemap_uri": {
    "link_format": "http://localhost:1208/timemap/link/https://freebeacon.com/biden-administration/ron-klain-wife-scandal/",
    "json_format": "http://localhost:1208/timemap/json/https://freebeacon.com/biden-administration/ron-klain-wife-scandal/",
    "cdxj_format": "http://localhost:1208/timemap/cdxj/https://freebeacon.com/biden-administration/ron-klain-wife-scandal/"
  },
  "timegate_uri": "http://localhost:1208/timegate/https://freebeacon.com/biden-administration/ron-klain-wife-scandal/"
}
