{
  "original_uri": "https://www.thegatewaypundit.com/2022/09/cnn-makes-fun-ginni-thomas-believing-2020-election-stolen-right-2020-election-never-certified-joe-biden/",
  "self": "http://localhost:1208/timemap/json/https://www.thegatewaypundit.com/2022/09/cnn-makes-fun-ginni-thomas-believing-2020-election-stolen-right-2020-election-never-certified-joe-biden/",
  "mementos": {
    "list": [
      {
        "datetime": "2022-09-30T17:14:54Z",
        "uri": "https://web.archive.org/web/20220930171454/https://www.thegatewaypundit.com/2022/09/cnn-makes-fun-ginni-thomas-believing-2020-election-stolen-right-2020-election-never-certified-joe-biden/"
      },
      {
        "datetime": "2022-09-30T21:22:05Z",
        "uri": "https://web.archive.org/web/20220930212205/https://www.thegatewaypundit.com/2022/09/cnn-makes-fun-ginni-thomas-believing-2020-election-stolen-right-2020-election-never-certified-joe-biden/"
      },
      {
        "datetime": "2022-09-30T21:22:24Z",
        "uri": "http://archive.md/20220930212224/https://www.thegatewaypundit.com/2022/09/cnn-makes-fun-ginni-thomas-believing-2020-election-stolen-right-2020-election-never-certified-joe-biden/"
      },
      {
        "datetime": "2022-10-01T00:49:40Z",
        "uri": "https://web.archive.org/web/20221001004940/https://www.thegatewaypundit.com/2022/09/cnn-makes-fun-ginni-thomas-believing-2020-election-stolen-right-2020-election-never-certified-joe-biden/"
      },
      {
        "datetime": "2022-10-01T14:18:04Z",
        "uri": "https://wayback.archive-it.org/all/20221001141804/https://www.thegatewaypundit.com/2022/09/cnn-makes-fun-ginni-thomas-believing-2020-election-stolen-right-2020-election-never-certified-joe-biden/"
      }
    ],
    "first": {
      "datetime": "2022-09-30T17:14:54Z",
      "uri": "https://web.archive.org/web/20220930171454/https://www.thegatewaypundit.com/2022/09/cnn-makes-fun-ginni-thomas-believing-2020-election-stolen-right-2020-election-never-certified-joe-biden/"
    },
    "last": {
      "datetime": "2022-10-01T14:18:04Z",
      "uri": "https://wayback.archive-it.org/all/20221001141804/https://www.thegatewaypundit.com/2022/09/cnn-makes-fun-ginni-thomas-believing-2020-election-stolen-right-2020-election-never-certified-joe-biden/"
    }
  },
  "timemap_uri": {
    "link_format": "http://localhost:1208/timemap/link/https://www.thegatewaypundit.com/2022/09/cnn-makes-fun-ginni-thomas-believing-2020-election-stolen-right-2020-election-never-certified-joe-biden/",
    "json_format": "http://localhost:1208/timemap/json/https://www.thegatewaypundit.com/2022/09/cnn-makes-fun-ginni-thomas-believing-2020-election-stolen-right-2020-election-never-certified-joe-biden/",
    "cdxj_format": "http://localhost:1208/timemap/cdxj/https://www.thegatewaypundit.com/2022/09/cnn-makes-fun-ginni-thomas-believing-2020-election-stolen-right-2020-election-never-certified-joe-biden/"
  },
  "timegate_uri": "http://localhost:1208/timegate/https://www.thegatewaypundit.com/2022/09/cnn-makes-fun-ginni-thomas-believing-2020-election-stolen-right-2020-election-never-certified-joe-biden/"
}
