{
  "original_uri": "https://www.nytimes.com/2022/09/30/opinion/supreme-court-biden.html",
  "self": "http://localhost:1208/timemap/json/https://www.nytimes.com/2022/09/30/opinion/supreme-court-biden.html",
  "mementos": {
    "list": [
      {
        "datetime": "2022-09-30T09:20:48Z",
        "uri": "https://web.archive.org/web/20220930092048/https://www.nytimes.com/2022/09/30/opinion/supreme-court-biden.html"
      },
      {
        "datetime": "2022-09-30T10:20:37Z",
        "uri": "https://web.archive.org/web/20220930102037/https://www.nytimes.com/2022/09/30/opinion/supreme-court-biden.html"
      },
      {
        "datetime": "2022-09-30T10:21:12Z",
        "uri": "http://archive.md/20220930102112/https://www.nytimes.com/2022/09/30/opinion/supreme-court-biden.html"
      },
      {
        "datetime": "2022-10-01T01:17:09Z",
        "uri": "https://web.archive.org/web/20221001011709/https://www.nytimes.com/2022/09/30/opinion/supreme-court-biden.html"
      }
    ],
    "first": {
      "datetime": "2022-09-30T09:20:48Z",
      "uri": "https://web.archive.org/web/20220930092048/https://www.nytimes.com/2022/09/30/opinion/supreme-court-biden.html"
    },
    "last": {
      "datetime": "2022-10-01T01:17:09Z",
      "uri": "https://web.archive.org/web/20221001011709/https://www.nytimes.com/2022/09/30/opinion/supreme-court-biden.html"
    }
  },
  "timemap_uri": {
    "link_format": "http://localhost:1208/timemap/link/https://www.nytimes.com/2022/09/30/opinion/supreme-court-biden.html",
    "json_format": "http://localhost:1208/timemap/json/https://www.nytimes.com/2022/09/30/opinion/supreme-court-biden.html",
    "cdxj_format": "http://localhost:1208/timemap/cdxj/https://www.nytimes.com/2022/09/30/opinion/supreme-court-biden.html"
  },
  "timegate_uri": "http://localhost:1208/timegate/https://www.nytimes.com/2022/09/30/opinion/supreme-court-biden.html"
}
