{
  "original_uri": "https://www.irishcentral.com/roots/genealogy/is-biden-an-irish-name#:~:text=Biden%20is%20an%20Anglo-Saxon,%22dweller%20by%20the%20down%22",
  "self": "http://localhost:1208/timemap/json/https://www.irishcentral.com/roots/genealogy/is-biden-an-irish-name#:~:text=Biden%20is%20an%20Anglo-Saxon,%22dweller%20by%20the%20down%22",
  "mementos": {
    "list": [
      {
        "datetime": "2020-12-14T23:01:33Z",
        "uri": "https://web.archive.org/web/20201214230133/https://www.irishcentral.com/roots/genealogy/is-biden-an-irish-name"
      },
      {
        "datetime": "2020-12-15T09:15:35Z",
        "uri": "https://web.archive.org/web/20201215091535/https://www.irishcentral.com/roots/genealogy/is-biden-an-irish-name"
      },
      {
        "datetime": "2020-12-15T13:02:09Z",
        "uri": "https://web.archive.org/web/20201215130209/https://www.irishcentral.com/roots/genealogy/is-biden-an-irish-name"
      },
      {
        "datetime": "2020-12-15T21:43:14Z",
        "uri": "https://web.archive.org/web/20201215214314/https://www.irishcentral.com/roots/genealogy/is-biden-an-irish-name"
      },
      {
        "datetime": "2021-01-21T00:07:10Z",
        "uri": "https://web.archive.org/web/20210121000710/https://www.irishcentral.com/roots/genealogy/is-biden-an-irish-name"
      },
      {
        "datetime": "2021-01-21T19:39:56Z",
        "uri": "https://web.archive.org/web/20210121193956/https://www.irishcentral.com/roots/genealogy/is-biden-an-irish-name"
      },
      {
        "datetime": "2021-01-22T03:36:48Z",
        "uri": "https://web.archive.org/web/20210122033648/https://www.irishcentral.com/roots/genealogy/is-biden-an-irish-name"
      },
      {
        "datetime": "2021-01-24T03:10:03Z",
        "uri": "https://web.archive.org/web/20210124031003/https://www.irishcentral.com/roots/genealogy/is-biden-an-irish-name"
      },
      {
        "datetime": "2021-01-30T20:59:35Z",
        "uri": "https://web.archive.org/web/20210130205935/https://www.irishcentral.com/roots/genealogy/is-biden-an-irish-name"
      },
      {
        "datetime": "2021-02-14T01:30:41Z",
        "uri": "https://web.archive.org/web/20210214013041/https://www.irishcentral.com/roots/genealogy/is-biden-an-irish-name"
      },
      {
        "datetime": "2021-04-22T14:36:18Z",
        "uri": "https://web.archive.org/web/20210422143618/https://www.irishcentral.com/roots/genealogy/is-biden-an-irish-name"
      },
      {
        "datetime": "2021-05-06T03:56:54Z",
        "uri": "https://web.archive.org/web/20210506035654/https://www.irishcentral.com/roots/genealogy/is-biden-an-irish-name"
      },
      {
        "datetime": "2021-06-22T03:12:35Z",
        "uri": "https://web.archive.org/web/20210622031235/https://www.irishcentral.com/roots/genealogy/is-biden-an-irish-name"
      },
      {
        "datetime": "2021-06-22T03:12:35Z",
        "uri": "https://web.archive.org/web/20210622031235/http://www.irishcentral.com/roots/genealogy/is-biden-an-irish-name"
      },
      {
        "datetime": "2021-06-27T14:38:10Z",
        "uri": "https://web.archive.org/web/20210627143810/https://www.irishcentral.com/roots/genealogy/is-biden-an-irish-name"
      },
      {
        "datetime": "2021-06-30T17:36:34Z",
        "uri": "https://web.archive.org/web/20210630173634/https://www.irishcentral.com/roots/genealogy/is-biden-an-irish-name"
      },
      {
        "datetime": "2021-07-26T04:53:00Z",
        "uri": "https://web.archive.org/web/20210726045300/https://www.irishcentral.com/roots/genealogy/is-biden-an-irish-name"
      },
      {
        "datetime": "2021-08-21T00:44:07Z",
        "uri": "http://archive.md/20210821004407/https://www.irishcentral.com/roots/genealogy/is-biden-an-irish-name"
      },
      {
        "datetime": "2021-10-21T08:36:39Z",
        "uri": "https://web.archive.org/web/20211021083639/https://www.irishcentral.com/roots/genealogy/is-biden-an-irish-name"
      },
      {
        "datetime": "2022-01-04T19:02:27Z",
        "uri": "https://web.archive.org/web/20220104190227/https://www.irishcentral.com/roots/genealogy/is-biden-an-irish-name"
      },
      {
        "datetime": "2022-02-16T06:35:12Z",
        "uri": "https://web.archive.org/web/20220216063512/https://www.irishcentral.com/roots/genealogy/is-biden-an-irish-name"
      },
      {
        "datetime": "2022-02-20T11:42:58Z",
        "uri": "https://web.archive.org/web/20220220114258/https://www.irishcentral.com/roots/genealogy/is-biden-an-irish-name"
      },
      {
        "datetime": "2022-03-17T07:02:58Z",
        "uri": "https://web.archive.org/web/20220317070258/https://www.irishcentral.com/roots/genealogy/is-biden-an-irish-name"
      },
      {
        "datetime": "2022-03-26T20:39:50Z",
        "uri": "https://web.archive.org/web/20220326203950/https://www.irishcentral.com/roots/genealogy/is-biden-an-irish-name"
      },
      {
        "datetime": "2022-07-19T08:50:59Z",
        "uri": "https://web.archive.org/web/20220719085059/https://www.irishcentral.com/roots/genealogy/is-biden-an-irish-name"
      },
      {
        "datetime": "2022-07-20T18:03:20Z",
        "uri": "https://web.archive.org/web/20220720180320/https://www.irishcentral.com/roots/genealogy/is-biden-an-irish-name"
      },
      {
        "datetime": "2022-07-22T02:33:49Z",
        "uri": "https://web.archive.org/web/20220722023349/https://www.irishcentral.com/roots/genealogy/is-biden-an-irish-name"
      },
      {
        "datetime": "2022-07-22T22:46:01Z",
        "uri": "https://web.archive.org/web/20220722224601/https://www.irishcentral.com/roots/genealogy/is-biden-an-irish-name"
      },
      {
        "datetime": "2022-08-30T03:23:44Z",
        "uri": "https://web.archive.org/web/20220830032344/https://www.irishcentral.com/roots/genealogy/is-biden-an-irish-name"
      },
      {
        "datetime": "2022-09-19T08:23:19Z",
        "uri": "https://web.archive.org/web/20220919082319/http://www.irishcentral.com/roots/genealogy/is-biden-an-irish-name"
      },
      {
        "datetime": "2022-09-19T11:49:46Z",
        "uri": "https://web.archive.org/web/20220919114946/https://www.irishcentral.com/roots/genealogy/is-biden-an-irish-name"
      },
      {
        "datetime": "2022-09-19T11:55:20Z",
        "uri": "https://web.archive.org/web/20220919115520/https://www.irishcentral.com/roots/genealogy/is-biden-an-irish-name"
      },
      {
        "datetime": "2022-09-21T05:50:32Z",
        "uri": "https://web.archive.org/web/20220921055032/https://www.irishcentral.com/roots/genealogy/is-biden-an-irish-name"
      },
      {
        "datetime": "2022-09-23T07:24:48Z",
        "uri": "https://web.archive.org/web/20220923072448/https://www.irishcentral.com/roots/genealogy/is-biden-an-irish-name"
      }
    ],
    "first": {
      "datetime": "2020-12-14T23:01:33Z",
      "uri": "https://web.archive.org/web/20201214230133/https://www.irishcentral.com/roots/genealogy/is-biden-an-irish-name"
    },
    "last": {
      "datetime": "2022-09-23T07:24:48Z",
      "uri": "https://web.archive.org/web/20220923072448/https://www.irishcentral.com/roots/genealogy/is-biden-an-irish-name"
    }
  },
  "timemap_uri": {
    "link_format": "http://localhost:1208/timemap/link/https://www.irishcentral.com/roots/genealogy/is-biden-an-irish-name#:~:text=Biden%20is%20an%20Anglo-Saxon,%22dweller%20by%20the%20down%22",
    "json_format": "http://localhost:1208/timemap/json/https://www.irishcentral.com/roots/genealogy/is-biden-an-irish-name#:~:text=Biden%20is%20an%20Anglo-Saxon,%22dweller%20by%20the%20down%22",
    "cdxj_format": "http://localhost:1208/timemap/cdxj/https://www.irishcentral.com/roots/genealogy/is-biden-an-irish-name#:~:text=Biden%20is%20an%20Anglo-Saxon,%22dweller%20by%20the%20down%22"
  },
  "timegate_uri": "http://localhost:1208/timegate/https://www.irishcentral.com/roots/genealogy/is-biden-an-irish-name#:~:text=Biden%20is%20an%20Anglo-Saxon,%22dweller%20by%20the%20down%22"
}
