{
  "original_uri": "https://americanvoice.online/here-is-what-happened-after-biden-claims-he-will-get-the-border-under-control/",
  "self": "http://localhost:1208/timemap/json/https://americanvoice.online/here-is-what-happened-after-biden-claims-he-will-get-the-border-under-control/",
  "mementos": {
    "list": [
      {
        "datetime": "2022-08-18T16:25:23Z",
        "uri": "https://web.archive.org/web/20220818162523/https://americanvoice.online/here-is-what-happened-after-biden-claims-he-will-get-the-border-under-control/"
      }
    ],
    "first": {
      "datetime": "2022-08-18T16:25:23Z",
      "uri": "https://web.archive.org/web/20220818162523/https://americanvoice.online/here-is-what-happened-after-biden-claims-he-will-get-the-border-under-control/"
    },
    "last": {
      "datetime": "2022-08-18T16:25:23Z",
      "uri": "https://web.archive.org/web/20220818162523/https://americanvoice.online/here-is-what-happened-after-biden-claims-he-will-get-the-border-under-control/"
    }
  },
  "timemap_uri": {
    "link_format": "http://localhost:1208/timemap/link/https://americanvoice.online/here-is-what-happened-after-biden-claims-he-will-get-the-border-under-control/",
    "json_format": "http://localhost:1208/timemap/json/https://americanvoice.online/here-is-what-happened-after-biden-claims-he-will-get-the-border-under-control/",
    "cdxj_format": "http://localhost:1208/timemap/cdxj/https://americanvoice.online/here-is-what-happened-after-biden-claims-he-will-get-the-border-under-control/"
  },
  "timegate_uri": "http://localhost:1208/timegate/https://americanvoice.online/here-is-what-happened-after-biden-claims-he-will-get-the-border-under-control/"
}
