{
  "original_uri": "https://www.alternet.org/2022/09/how-the-spouses-of-3-supreme-court-justices-present-potential-conflicts-of-interest-report/",
  "self": "http://localhost:1208/timemap/json/https://www.alternet.org/2022/09/how-the-spouses-of-3-supreme-court-justices-present-potential-conflicts-of-interest-report/",
  "mementos": {
    "list": [
      {
        "datetime": "2022-09-30T17:40:49Z",
        "uri": "https://web.archive.org/web/20220930174049/https://www.alternet.org/2022/09/how-the-spouses-of-3-supreme-court-justices-present-potential-conflicts-of-interest-report/"
      }
    ],
    "first": {
      "datetime": "2022-09-30T17:40:49Z",
      "uri": "https://web.archive.org/web/20220930174049/https://www.alternet.org/2022/09/how-the-spouses-of-3-supreme-court-justices-present-potential-conflicts-of-interest-report/"
    },
    "last": {
      "datetime": "2022-09-30T17:40:49Z",
      "uri": "https://web.archive.org/web/20220930174049/https://www.alternet.org/2022/09/how-the-spouses-of-3-supreme-court-justices-present-potential-conflicts-of-interest-report/"
    }
  },
  "timemap_uri": {
    "link_format": "http://localhost:1208/timemap/link/https://www.alternet.org/2022/09/how-the-spouses-of-3-supreme-court-justices-present-potential-conflicts-of-interest-report/",
    "json_format": "http://localhost:1208/timemap/json/https://www.alternet.org/2022/09/how-the-spouses-of-3-supreme-court-justices-present-potential-conflicts-of-interest-report/",
    "cdxj_format": "http://localhost:1208/timemap/cdxj/https://www.alternet.org/2022/09/how-the-spouses-of-3-supreme-court-justices-present-potential-conflicts-of-interest-report/"
  },
  "timegate_uri": "http://localhost:1208/timegate/https://www.alternet.org/2022/09/how-the-spouses-of-3-supreme-court-justices-present-potential-conflicts-of-interest-report/"
}
