{
  "original_uri": "https://www.thecentersquare.com/national/congressmen-whistleblower-evidence-shows-biden-s-doj-is-targeting-parents-with-fbi-investigations/article_cff75a4c-d22b-11ec-a34b-5398e29ccf0b.html",
  "self": "http://localhost:1208/timemap/json/https://www.thecentersquare.com/national/congressmen-whistleblower-evidence-shows-biden-s-doj-is-targeting-parents-with-fbi-investigations/article_cff75a4c-d22b-11ec-a34b-5398e29ccf0b.html",
  "mementos": {
    "list": [
      {
        "datetime": "2022-05-12T20:19:37Z",
        "uri": "https://web.archive.org/web/20220512201937/https://www.thecentersquare.com/national/congressmen-whistleblower-evidence-shows-biden-s-doj-is-targeting-parents-with-fbi-investigations/article_cff75a4c-d22b-11ec-a34b-5398e29ccf0b.html"
      },
      {
        "datetime": "2022-05-12T20:25:04Z",
        "uri": "https://web.archive.org/web/20220512202504/https://www.thecentersquare.com/national/congressmen-whistleblower-evidence-shows-biden-s-doj-is-targeting-parents-with-fbi-investigations/article_cff75a4c-d22b-11ec-a34b-5398e29ccf0b.html"
      },
      {
        "datetime": "2022-05-13T17:35:07Z",
        "uri": "https://web.archive.org/web/20220513173507/https://www.thecentersquare.com/national/congressmen-whistleblower-evidence-shows-biden-s-doj-is-targeting-parents-with-fbi-investigations/article_cff75a4c-d22b-11ec-a34b-5398e29ccf0b.html"
      },
      {
        "datetime": "2022-05-23T19:00:50Z",
        "uri": "https://web.archive.org/web/20220523190050/https://www.thecentersquare.com/national/congressmen-whistleblower-evidence-shows-biden-s-doj-is-targeting-parents-with-fbi-investigations/article_cff75a4c-d22b-11ec-a34b-5398e29ccf0b.html"
      },
      {
        "datetime": "2022-05-23T23:11:09Z",
        "uri": "https://web.archive.org/web/20220523231109/https://www.thecentersquare.com/national/congressmen-whistleblower-evidence-shows-biden-s-doj-is-targeting-parents-with-fbi-investigations/article_cff75a4c-d22b-11ec-a34b-5398e29ccf0b.html"
      },
      {
        "datetime": "2022-06-15T23:10:19Z",
        "uri": "https://web.archive.org/web/20220615231019/https://www.thecentersquare.com/national/congressmen-whistleblower-evidence-shows-biden-s-doj-is-targeting-parents-with-fbi-investigations/article_cff75a4c-d22b-11ec-a34b-5398e29ccf0b.html"
      },
      {
        "datetime": "2022-07-28T21:47:40Z",
        "uri": "https://web.archive.org/web/20220728214740/https://www.thecentersquare.com/national/congressmen-whistleblower-evidence-shows-biden-s-doj-is-targeting-parents-with-fbi-investigations/article_cff75a4c-d22b-11ec-a34b-5398e29ccf0b.html"
      }
    ],
    "first": {
      "datetime": "2022-05-12T20:19:37Z",
      "uri": "https://web.archive.org/web/20220512201937/https://www.thecentersquare.com/national/congressmen-whistleblower-evidence-shows-biden-s-doj-is-targeting-parents-with-fbi-investigations/article_cff75a4c-d22b-11ec-a34b-5398e29ccf0b.html"
    },
    "last": {
      "datetime": "2022-07-28T21:47:40Z",
      "uri": "https://web.archive.org/web/20220728214740/https://www.thecentersquare.com/national/congressmen-whistleblower-evidence-shows-biden-s-doj-is-targeting-parents-with-fbi-investigations/article_cff75a4c-d22b-11ec-a34b-5398e29ccf0b.html"
    }
  },
  "timemap_uri": {
    "link_format": "http://localhost:1208/timemap/link/https://www.thecentersquare.com/national/congressmen-whistleblower-evidence-shows-biden-s-doj-is-targeting-parents-with-fbi-investigations/article_cff75a4c-d22b-11ec-a34b-5398e29ccf0b.html",
    "json_format": "http://localhost:1208/timemap/json/https://www.thecentersquare.com/national/congressmen-whistleblower-evidence-shows-biden-s-doj-is-targeting-parents-with-fbi-investigations/article_cff75a4c-d22b-11ec-a34b-5398e29ccf0b.html",
    "cdxj_format": "http://localhost:1208/timemap/cdxj/https://www.thecentersquare.com/national/congressmen-whistleblower-evidence-shows-biden-s-doj-is-targeting-parents-with-fbi-investigations/article_cff75a4c-d22b-11ec-a34b-5398e29ccf0b.html"
  },
  "timegate_uri": "http://localhost:1208/timegate/https://www.thecentersquare.com/national/congressmen-whistleblower-evidence-shows-biden-s-doj-is-targeting-parents-with-fbi-investigations/article_cff75a4c-d22b-11ec-a34b-5398e29ccf0b.html"
}
