{
  "original_uri": "https://www.foxnews.com/politics/hunter-biden-assistant-former-chinese-government",
  "self": "http://localhost:1208/timemap/json/https://www.foxnews.com/politics/hunter-biden-assistant-former-chinese-government",
  "mementos": {
    "list": [
      {
        "datetime": "2022-01-27T16:52:43Z",
        "uri": "https://web.archive.org/web/20220127165243/https://www.foxnews.com/politics/hunter-biden-assistant-former-chinese-government"
      },
      {
        "datetime": "2022-01-27T16:53:33Z",
        "uri": "https://web.archive.org/web/20220127165333/https://www.foxnews.com/politics/hunter-biden-assistant-former-chinese-government"
      },
      {
        "datetime": "2022-01-27T16:57:17Z",
        "uri": "https://web.archive.org/web/20220127165717/https://www.foxnews.com/politics/hunter-biden-assistant-former-chinese-government"
      },
      {
        "datetime": "2022-01-27T18:07:43Z",
        "uri": "https://web.archive.org/web/20220127180743/https://www.foxnews.com/politics/hunter-biden-assistant-former-chinese-government"
      },
      {
        "datetime": "2022-01-27T18:49:21Z",
        "uri": "http://archive.md/20220127184921/https://www.foxnews.com/politics/hunter-biden-assistant-former-chinese-government"
      },
      {
        "datetime": "2022-01-27T20:18:57Z",
        "uri": "https://web.archive.org/web/20220127201857/https://www.foxnews.com/politics/hunter-biden-assistant-former-chinese-government"
      },
      {
        "datetime": "2022-01-29T03:23:44Z",
        "uri": "https://web.archive.org/web/20220129032344/https://www.foxnews.com/politics/hunter-biden-assistant-former-chinese-government"
      },
      {
        "datetime": "2022-01-30T18:07:47Z",
        "uri": "https://web.archive.org/web/20220130180747/https://www.foxnews.com/politics/hunter-biden-assistant-former-chinese-government"
      },
      {
        "datetime": "2022-02-01T08:19:13Z",
        "uri": "https://web.archive.org/web/20220201081913/https://www.foxnews.com/politics/hunter-biden-assistant-former-chinese-government"
      },
      {
        "datetime": "2022-02-01T08:19:14Z",
        "uri": "https://web.archive.org/web/20220201081914/http://foxnews.com/politics/hunter-biden-assistant-former-chinese-government"
      },
      {
        "datetime": "2022-02-01T19:21:16Z",
        "uri": "https://web.archive.org/web/20220201192116/https://www.foxnews.com/politics/hunter-biden-assistant-former-chinese-government"
      },
      {
        "datetime": "2022-02-02T08:49:39Z",
        "uri": "https://web.archive.org/web/20220202084939/https://www.foxnews.com/politics/hunter-biden-assistant-former-chinese-government"
      },
      {
        "datetime": "2022-02-02T08:49:40Z",
        "uri": "https://web.archive.org/web/20220202084940/http://foxnews.com/politics/hunter-biden-assistant-former-chinese-government"
      },
      {
        "datetime": "2022-02-03T10:23:06Z",
        "uri": "https://web.archive.org/web/20220203102306/https://www.foxnews.com/politics/hunter-biden-assistant-former-chinese-government"
      },
      {
        "datetime": "2022-02-03T10:23:07Z",
        "uri": "https://web.archive.org/web/20220203102307/http://foxnews.com/politics/hunter-biden-assistant-former-chinese-government"
      },
      {
        "datetime": "2022-02-03T23:46:04Z",
        "uri": "https://web.archive.org/web/20220203234604/https://www.foxnews.com/politics/hunter-biden-assistant-former-chinese-government"
      },
      {
        "datetime": "2022-02-04T12:54:51Z",
        "uri": "https://web.archive.org/web/20220204125451/https://www.foxnews.com/politics/hunter-biden-assistant-former-chinese-government"
      },
      {
        "datetime": "2022-02-04T12:54:52Z",
        "uri": "https://web.archive.org/web/20220204125452/http://foxnews.com/politics/hunter-biden-assistant-former-chinese-government"
      },
      {
        "datetime": "2022-02-05T11:56:23Z",
        "uri": "https://web.archive.org/web/20220205115623/https://www.foxnews.com/politics/hunter-biden-assistant-former-chinese-government"
      },
      {
        "datetime": "2022-02-05T11:56:24Z",
        "uri": "https://web.archive.org/web/20220205115624/http://foxnews.com/politics/hunter-biden-assistant-former-chinese-government"
      },
      {
        "datetime": "2022-02-08T10:05:41Z",
        "uri": "https://web.archive.org/web/20220208100541/https://www.foxnews.com/politics/hunter-biden-assistant-former-chinese-government"
      },
      {
        "datetime": "2022-02-12T11:00:19Z",
        "uri": "https://web.archive.org/web/20220212110019/https://www.foxnews.com/politics/hunter-biden-assistant-former-chinese-government"
      },
      {
        "datetime": "2022-02-13T11:58:56Z",
        "uri": "https://web.archive.org/web/20220213115856/https://www.foxnews.com/politics/hunter-biden-assistant-former-chinese-government"
      },
      {
        "datetime": "2022-02-14T15:25:03Z",
        "uri": "https://web.archive.org/web/20220214152503/https://www.foxnews.com/politics/hunter-biden-assistant-former-chinese-government"
      },
      {
        "datetime": "2022-02-15T20:34:00Z",
        "uri": "https://web.archive.org/web/20220215203400/https://www.foxnews.com/politics/hunter-biden-assistant-former-chinese-government"
      },
      {
        "datetime": "2022-02-16T18:41:00Z",
        "uri": "https://web.archive.org/web/20220216184100/https://www.foxnews.com/politics/hunter-biden-assistant-former-chinese-government"
      },
      {
        "datetime": "2022-02-19T06:42:53Z",
        "uri": "https://web.archive.org/web/20220219064253/https://www.foxnews.com/politics/hunter-biden-assistant-former-chinese-government"
      },
      {
        "datetime": "2022-04-02T12:31:34Z",
        "uri": "https://web.archive.org/web/20220402123134/https://www.foxnews.com/politics/hunter-biden-assistant-former-chinese-government"
      },
      {
        "datetime": "2022-04-03T17:06:12Z",
        "uri": "https://web.archive.org/web/20220403170612/https://www.foxnews.com/politics/hunter-biden-assistant-former-chinese-government"
      },
      {
        "datetime": "2022-04-23T06:27:24Z",
        "uri": "https://web.archive.org/web/20220423062724/https://www.foxnews.com/politics/hunter-biden-assistant-former-chinese-government"
      },
      {
        "datetime": "2022-04-24T04:18:46Z",
        "uri": "https://web.archive.org/web/20220424041846/https://www.foxnews.com/politics/hunter-biden-assistant-former-chinese-government"
      },
      {
        "datetime": "2022-04-25T04:49:49Z",
        "uri": "https://web.archive.org/web/20220425044949/https://www.foxnews.com/politics/hunter-biden-assistant-former-chinese-government"
      },
      {
        "datetime": "2022-04-26T05:52:41Z",
        "uri": "https://web.archive.org/web/20220426055241/https://www.foxnews.com/politics/hunter-biden-assistant-former-chinese-government"
      },
      {
        "datetime": "2022-04-27T06:15:42Z",
        "uri": "https://web.archive.org/web/20220427061542/https://www.foxnews.com/politics/hunter-biden-assistant-former-chinese-government"
      },
      {
        "datetime": "2022-04-28T06:37:28Z",
        "uri": "https://web.archive.org/web/20220428063728/https://www.foxnews.com/politics/hunter-biden-assistant-former-chinese-government"
      },
      {
        "datetime": "2022-04-29T07:18:17Z",
        "uri": "https://web.archive.org/web/20220429071817/https://www.foxnews.com/politics/hunter-biden-assistant-former-chinese-government"
      },
      {
        "datetime": "2022-04-30T07:21:33Z",
        "uri": "https://web.archive.org/web/20220430072133/https://www.foxnews.com/politics/hunter-biden-assistant-former-chinese-government"
      },
      {
        "datetime": "2022-05-01T08:19:19Z",
        "uri": "https://web.archive.org/web/20220501081919/https://www.foxnews.com/politics/hunter-biden-assistant-former-chinese-government"
      },
      {
        "datetime": "2022-05-02T09:48:24Z",
        "uri": "https://web.archive.org/web/20220502094824/https://www.foxnews.com/politics/hunter-biden-assistant-former-chinese-government"
      },
      {
        "datetime": "2022-05-03T08:53:07Z",
        "uri": "https://web.archive.org/web/20220503085307/https://www.foxnews.com/politics/hunter-biden-assistant-former-chinese-government"
      },
      {
        "datetime": "2022-09-28T01:06:22Z",
        "uri": "https://web.archive.org/web/20220928010622/https://www.foxnews.com/politics/hunter-biden-assistant-former-chinese-government"
      }
    ],
    "first": {
      "datetime": "2022-01-27T16:52:43Z",
      "uri": "https://web.archive.org/web/20220127165243/https://www.foxnews.com/politics/hunter-biden-assistant-former-chinese-government"
    },
    "last": {
      "datetime": "2022-09-28T01:06:22Z",
      "uri": "https://web.archive.org/web/20220928010622/https://www.foxnews.com/politics/hunter-biden-assistant-former-chinese-government"
    }
  },
  "timemap_uri": {
    "link_format": "http://localhost:1208/timemap/link/https://www.foxnews.com/politics/hunter-biden-assistant-former-chinese-government",
    "json_format": "http://localhost:1208/timemap/json/https://www.foxnews.com/politics/hunter-biden-assistant-former-chinese-government",
    "cdxj_format": "http://localhost:1208/timemap/cdxj/https://www.foxnews.com/politics/hunter-biden-assistant-former-chinese-government"
  },
  "timegate_uri": "http://localhost:1208/timegate/https://www.foxnews.com/politics/hunter-biden-assistant-former-chinese-government"
}
