{
  "original_uri": "https://thehill.com/homenews/ap/ap-business/ap-inflation-hits-record-10-in-19-eu-countries-using-euro/",
  "self": "http://localhost:1208/timemap/json/https://thehill.com/homenews/ap/ap-business/ap-inflation-hits-record-10-in-19-eu-countries-using-euro/",
  "mementos": {
    "list": [
      {
        "datetime": "2022-09-30T15:33:21Z",
        "uri": "http://archive.md/20220930153321/https://thehill.com/homenews/ap/ap-business/ap-inflation-hits-record-10-in-19-eu-countries-using-euro/"
      }
    ],
    "first": {
      "datetime": "2022-09-30T15:33:21Z",
      "uri": "http://archive.md/20220930153321/https://thehill.com/homenews/ap/ap-business/ap-inflation-hits-record-10-in-19-eu-countries-using-euro/"
    },
    "last": {
      "datetime": "2022-09-30T15:33:21Z",
      "uri": "http://archive.md/20220930153321/https://thehill.com/homenews/ap/ap-business/ap-inflation-hits-record-10-in-19-eu-countries-using-euro/"
    }
  },
  "timemap_uri": {
    "link_format": "http://localhost:1208/timemap/link/https://thehill.com/homenews/ap/ap-business/ap-inflation-hits-record-10-in-19-eu-countries-using-euro/",
    "json_format": "http://localhost:1208/timemap/json/https://thehill.com/homenews/ap/ap-business/ap-inflation-hits-record-10-in-19-eu-countries-using-euro/",
    "cdxj_format": "http://localhost:1208/timemap/cdxj/https://thehill.com/homenews/ap/ap-business/ap-inflation-hits-record-10-in-19-eu-countries-using-euro/"
  },
  "timegate_uri": "http://localhost:1208/timegate/https://thehill.com/homenews/ap/ap-business/ap-inflation-hits-record-10-in-19-eu-countries-using-euro/"
}
