{
  "original_uri": "https://www.kdubradio.com/",
  "self": "http://localhost:1208/timemap/json/https://www.kdubradio.com/",
  "mementos": {
    "list": [
      {
        "datetime": "2018-02-02T00:58:49Z",
        "uri": "https://web.archive.org/web/20180202005849/http://www.kdubradio.com/"
      },
      {
        "datetime": "2018-02-10T08:12:24Z",
        "uri": "https://web.archive.org/web/20180210081224/https://www.kdubradio.com/"
      },
      {
        "datetime": "2018-08-05T16:26:25Z",
        "uri": "https://web.archive.org/web/20180805162625/http://kdubradio.com/"
      },
      {
        "datetime": "2018-08-19T14:15:04Z",
        "uri": "https://web.archive.org/web/20180819141504/http://www.kdubradio.com/"
      },
      {
        "datetime": "2018-10-18T11:27:36Z",
        "uri": "https://web.archive.org/web/20181018112736/https://www.kdubradio.com/"
      },
      {
        "datetime": "2018-12-29T15:50:01Z",
        "uri": "https://web.archive.org/web/20181229155001/http://kdubradio.com/"
      },
      {
        "datetime": "2019-01-22T06:41:26Z",
        "uri": "https://web.archive.org/web/20190122064126/http://www.kdubradio.com/"
      },
      {
        "datetime": "2019-02-13T20:13:03Z",
        "uri": "https://web.archive.org/web/20190213201303/https://www.kdubradio.com/"
      },
      {
        "datetime": "2019-03-30T04:37:43Z",
        "uri": "https://web.archive.org/web/20190330043743/https://www.kdubradio.com/"
      },
      {
        "datetime": "2019-05-10T12:50:43Z",
        "uri": "https://web.archive.org/web/20190510125043/http://kdubradio.com/"
      },
      {
        "datetime": "2020-04-04T02:26:47Z",
        "uri": "https://web.archive.org/web/20200404022647/https://www.kdubradio.com/"
      },
      {
        "datetime": "2020-04-08T01:51:40Z",
        "uri": "https://web.archive.org/web/20200408015140/https://www.kdubradio.com/"
      },
      {
        "datetime": "2020-04-16T15:42:45Z",
        "uri": "https://web.archive.org/web/20200416154245/https://www.kdubradio.com/"
      },
      {
        "datetime": "2020-04-17T01:35:07Z",
        "uri": "https://web.archive.org/web/20200417013507/https://www.kdubradio.com/"
      },
      {
        "datetime": "2020-04-23T02:11:15Z",
        "uri": "https://web.archive.org/web/20200423021115/http://www.kdubradio.com/"
      },
      {
        "datetime": "2020-05-30T14:05:38Z",
        "uri": "https://web.archive.org/web/20200530140538/http://kdubradio.com/"
      },
      {
        "datetime": "2020-06-10T14:06:56Z",
        "uri": "https://web.archive.org/web/20200610140656/http://www.kdubradio.com/"
      },
      {
        "datetime": "2020-08-05T16:03:11Z",
        "uri": "https://web.archive.org/web/20200805160311/https://www.kdubradio.com/"
      },
      {
        "datetime": "2020-08-15T13:54:54Z",
        "uri": "https://web.archive.org/web/20200815135454/https://www.kdubradio.com/"
      },
      {
        "datetime": "2020-08-22T19:36:39Z",
        "uri": "https://web.archive.org/web/20200822193639/https://www.kdubradio.com/"
      },
      {
        "datetime": "2020-08-29T06:49:02Z",
        "uri": "https://web.archive.org/web/20200829064902/https://www.kdubradio.com/"
      },
      {
        "datetime": "2020-09-18T13:19:11Z",
        "uri": "https://web.archive.org/web/20200918131911/https://www.kdubradio.com/"
      },
      {
        "datetime": "2020-09-26T16:27:36Z",
        "uri": "https://web.archive.org/web/20200926162736/https://www.kdubradio.com/"
      },
      {
        "datetime": "2020-10-10T01:55:28Z",
        "uri": "https://web.archive.org/web/20201010015528/https://kdubradio.com/"
      },
      {
        "datetime": "2020-10-23T02:12:55Z",
        "uri": "https://web.archive.org/web/20201023021255/https://www.kdubradio.com/"
      },
      {
        "datetime": "2020-11-01T02:17:23Z",
        "uri": "https://web.archive.org/web/20201101021723/https://www.kdubradio.com/"
      },
      {
        "datetime": "2020-11-01T02:17:23Z",
        "uri": "https://web.archive.org/web/20201101021723/http://www.kdubradio.com/"
      },
      {
        "datetime": "2020-11-01T05:57:28Z",
        "uri": "https://web.archive.org/web/20201101055728/https://www.kdubradio.com/"
      },
      {
        "datetime": "2020-11-01T07:44:16Z",
        "uri": "https://web.archive.org/web/20201101074416/https://kdubradio.com/"
      },
      {
        "datetime": "2020-11-01T07:44:17Z",
        "uri": "https://web.archive.org/web/20201101074417/https://www.kdubradio.com/"
      },
      {
        "datetime": "2020-11-04T03:10:41Z",
        "uri": "https://web.archive.org/web/20201104031041/http://kdubradio.com/"
      },
      {
        "datetime": "2020-11-04T03:10:42Z",
        "uri": "https://web.archive.org/web/20201104031042/https://www.kdubradio.com/"
      },
      {
        "datetime": "2020-11-04T03:10:42Z",
        "uri": "https://web.archive.org/web/20201104031042/http://www.kdubradio.com/"
      },
      {
        "datetime": "2020-11-25T04:48:35Z",
        "uri": "https://web.archive.org/web/20201125044835/https://www.kdubradio.com/"
      },
      {
        "datetime": "2021-01-28T07:54:57Z",
        "uri": "https://web.archive.org/web/20210128075457/https://www.kdubradio.com/"
      },
      {
        "datetime": "2021-03-16T20:13:11Z",
        "uri": "https://web.archive.org/web/20210316201311/https://www.kdubradio.com/"
      },
      {
        "datetime": "2021-04-20T06:54:31Z",
        "uri": "https://web.archive.org/web/20210420065431/https://www.kdubradio.com/"
      },
      {
        "datetime": "2021-06-15T09:21:40Z",
        "uri": "https://web.archive.org/web/20210615092140/https://www.kdubradio.com/"
      },
      {
        "datetime": "2021-06-15T09:21:40Z",
        "uri": "https://web.archive.org/web/20210615092140/https://www.kdubradio.com/"
      },
      {
        "datetime": "2021-07-30T13:20:43Z",
        "uri": "https://web.archive.org/web/20210730132043/https://www.kdubradio.com/"
      },
      {
        "datetime": "2021-08-13T09:06:36Z",
        "uri": "https://web.archive.org/web/20210813090636/http://www.kdubradio.com/"
      },
      {
        "datetime": "2021-09-25T21:04:50Z",
        "uri": "https://web.archive.org/web/20210925210450/https://www.kdubradio.com/"
      },
      {
        "datetime": "2021-10-09T23:51:00Z",
        "uri": "https://web.archive.org/web/20211009235100/https://www.kdubradio.com/"
      },
      {
        "datetime": "2021-10-16T02:09:35Z",
        "uri": "https://web.archive.org/web/20211016020935/https://www.kdubradio.com/"
      },
      {
        "datetime": "2021-11-29T08:14:50Z",
        "uri": "https://web.archive.org/web/20211129081450/https://www.kdubradio.com/"
      },
      {
        "datetime": "2021-12-04T20:17:18Z",
        "uri": "https://web.archive.org/web/20211204201718/http://kdubradio.com/"
      },
      {
        "datetime": "2021-12-23T07:15:16Z",
        "uri": "https://web.archive.org/web/20211223071516/http://www.kdubradio.com/"
      },
      {
        "datetime": "2021-12-23T07:29:57Z",
        "uri": "https://web.archive.org/web/20211223072957/http://www.kdubradio.com/"
      },
      {
        "datetime": "2021-12-23T07:41:18Z",
        "uri": "https://web.archive.org/web/20211223074118/https://www.kdubradio.com/"
      },
      {
        "datetime": "2022-01-16T08:01:28Z",
        "uri": "https://web.archive.org/web/20220116080128/http://www.kdubradio.com/"
      },
      {
        "datetime": "2022-01-28T00:58:17Z",
        "uri": "https://web.archive.org/web/20220128005817/http://kdubradio.com/"
      },
      {
        "datetime": "2022-01-28T01:47:12Z",
        "uri": "https://web.archive.org/web/20220128014712/http://kdubradio.com/"
      },
      {
        "datetime": "2022-01-31T19:23:06Z",
        "uri": "https://web.archive.org/web/20220131192306/http://www.kdubradio.com/"
      },
      {
        "datetime": "2022-02-11T09:43:02Z",
        "uri": "https://web.archive.org/web/20220211094302/http://www.kdubradio.com/"
      },
      {
        "datetime": "2022-02-11T09:43:03Z",
        "uri": "https://web.archive.org/web/20220211094303/https://www.kdubradio.com/"
      },
      {
        "datetime": "2022-02-11T09:43:12Z",
        "uri": "https://web.archive.org/web/20220211094312/https://www.kdubradio.com/"
      },
      {
        "datetime": "2022-02-11T09:57:10Z",
        "uri": "https://web.archive.org/web/20220211095710/https://www.kdubradio.com/"
      },
      {
        "datetime": "2022-02-11T09:57:10Z",
        "uri": "https://web.archive.org/web/20220211095710/http://kdubradio.com/"
      },
      {
        "datetime": "2022-02-25T17:41:45Z",
        "uri": "https://web.archive.org/web/20220225174145/http://www.kdubradio.com/"
      },
      {
        "datetime": "2022-04-08T14:33:38Z",
        "uri": "https://web.archive.org/web/20220408143338/https://www.kdubradio.com/"
      },
      {
        "datetime": "2022-04-30T11:37:15Z",
        "uri": "https://web.archive.org/web/20220430113715/https://www.kdubradio.com/"
      },
      {
        "datetime": "2022-05-20T14:55:21Z",
        "uri": "https://web.archive.org/web/20220520145521/https://www.kdubradio.com/"
      },
      {
        "datetime": "2022-07-17T09:38:13Z",
        "uri": "https://web.archive.org/web/20220717093813/https://www.kdubradio.com/"
      },
      {
        "datetime": "2022-09-19T17:11:12Z",
        "uri": "https://web.archive.org/web/20220919171112/https://www.kdubradio.com/"
      },
      {
        "datetime": "2022-09-21T00:24:27Z",
        "uri": "https://web.archive.org/web/20220921002427/http://www.kdubradio.com/"
      },
      {
        "datetime": "2022-09-21T00:35:01Z",
        "uri": "https://web.archive.org/web/20220921003501/http://www.kdubradio.com/"
      },
      {
        "datetime": "2022-09-21T00:56:32Z",
        "uri": "https://web.archive.org/web/20220921005632/http://www.kdubradio.com/"
      },
      {
        "datetime": "2022-09-21T13:24:41Z",
        "uri": "https://web.archive.org/web/20220921132441/https://www.kdubradio.com/"
      },
      {
        "datetime": "2022-09-21T14:19:04Z",
        "uri": "https://web.archive.org/web/20220921141904/https://www.kdubradio.com/"
      },
      {
        "datetime": "2022-09-21T14:19:55Z",
        "uri": "https://web.archive.org/web/20220921141955/https://www.kdubradio.com/"
      }
    ],
    "first": {
      "datetime": "2018-02-02T00:58:49Z",
      "uri": "https://web.archive.org/web/20180202005849/http://www.kdubradio.com/"
    },
    "last": {
      "datetime": "2022-09-21T14:19:55Z",
      "uri": "https://web.archive.org/web/20220921141955/https://www.kdubradio.com/"
    }
  },
  "timemap_uri": {
    "link_format": "http://localhost:1208/timemap/link/https://www.kdubradio.com/",
    "json_format": "http://localhost:1208/timemap/json/https://www.kdubradio.com/",
    "cdxj_format": "http://localhost:1208/timemap/cdxj/https://www.kdubradio.com/"
  },
  "timegate_uri": "http://localhost:1208/timegate/https://www.kdubradio.com/"
}
