{
  "original_uri": "https://www.usatoday.com/story/opinion/voices/2021/03/07/pro-choice-abortion-hyde-amendment-obgyn-biden-harris-column/4592699001/",
  "self": "http://localhost:1208/timemap/json/https://www.usatoday.com/story/opinion/voices/2021/03/07/pro-choice-abortion-hyde-amendment-obgyn-biden-harris-column/4592699001/",
  "mementos": {
    "list": [
      {
        "datetime": "2021-03-07T10:53:48Z",
        "uri": "https://web.archive.org/web/20210307105348/https://www.usatoday.com/story/opinion/voices/2021/03/07/pro-choice-abortion-hyde-amendment-obgyn-biden-harris-column/4592699001/"
      },
      {
        "datetime": "2021-03-07T14:01:24Z",
        "uri": "https://web.archive.org/web/20210307140124/https://www.usatoday.com/story/opinion/voices/2021/03/07/pro-choice-abortion-hyde-amendment-obgyn-biden-harris-column/4592699001/"
      },
      {
        "datetime": "2021-03-07T17:11:29Z",
        "uri": "https://web.archive.org/web/20210307171129/https://www.usatoday.com/story/opinion/voices/2021/03/07/pro-choice-abortion-hyde-amendment-obgyn-biden-harris-column/4592699001/"
      },
      {
        "datetime": "2021-03-07T19:19:22Z",
        "uri": "https://web.archive.org/web/20210307191922/https://www.usatoday.com/story/opinion/voices/2021/03/07/pro-choice-abortion-hyde-amendment-obgyn-biden-harris-column/4592699001/"
      },
      {
        "datetime": "2021-03-08T18:14:27Z",
        "uri": "https://web.archive.org/web/20210308181427/https://www.usatoday.com/story/opinion/voices/2021/03/07/pro-choice-abortion-hyde-amendment-obgyn-biden-harris-column/4592699001/"
      },
      {
        "datetime": "2021-03-09T01:13:13Z",
        "uri": "https://web.archive.org/web/20210309011313/https://www.usatoday.com/story/opinion/voices/2021/03/07/pro-choice-abortion-hyde-amendment-obgyn-biden-harris-column/4592699001/"
      },
      {
        "datetime": "2021-03-09T01:32:00Z",
        "uri": "https://web.archive.org/web/20210309013200/https://www.usatoday.com/story/opinion/voices/2021/03/07/pro-choice-abortion-hyde-amendment-obgyn-biden-harris-column/4592699001/"
      },
      {
        "datetime": "2021-03-09T03:14:37Z",
        "uri": "https://web.archive.org/web/20210309031437/https://www.usatoday.com/story/opinion/voices/2021/03/07/pro-choice-abortion-hyde-amendment-obgyn-biden-harris-column/4592699001/"
      },
      {
        "datetime": "2021-03-09T18:41:25Z",
        "uri": "https://web.archive.org/web/20210309184125/https://www.usatoday.com/story/opinion/voices/2021/03/07/pro-choice-abortion-hyde-amendment-obgyn-biden-harris-column/4592699001/"
      },
      {
        "datetime": "2021-03-09T18:47:37Z",
        "uri": "https://web.archive.org/web/20210309184737/https://www.usatoday.com/story/opinion/voices/2021/03/07/pro-choice-abortion-hyde-amendment-obgyn-biden-harris-column/4592699001/"
      },
      {
        "datetime": "2021-03-10T04:18:15Z",
        "uri": "https://web.archive.org/web/20210310041815/https://www.usatoday.com/story/opinion/voices/2021/03/07/pro-choice-abortion-hyde-amendment-obgyn-biden-harris-column/4592699001/"
      },
      {
        "datetime": "2021-03-10T05:50:18Z",
        "uri": "https://web.archive.org/web/20210310055018/https://www.usatoday.com/story/opinion/voices/2021/03/07/pro-choice-abortion-hyde-amendment-obgyn-biden-harris-column/4592699001/"
      },
      {
        "datetime": "2021-03-10T22:50:42Z",
        "uri": "https://web.archive.org/web/20210310225042/https://www.usatoday.com/story/opinion/voices/2021/03/07/pro-choice-abortion-hyde-amendment-obgyn-biden-harris-column/4592699001/"
      },
      {
        "datetime": "2021-03-18T00:01:12Z",
        "uri": "https://web.archive.org/web/20210318000112/https://www.usatoday.com/story/opinion/voices/2021/03/07/pro-choice-abortion-hyde-amendment-obgyn-biden-harris-column/4592699001/"
      },
      {
        "datetime": "2021-04-17T20:59:11Z",
        "uri": "https://web.archive.org/web/20210417205911/https://www.usatoday.com/story/opinion/voices/2021/03/07/pro-choice-abortion-hyde-amendment-obgyn-biden-harris-column/4592699001/"
      },
      {
        "datetime": "2021-06-18T12:18:50Z",
        "uri": "https://web.archive.org/web/20210618121850/https://www.usatoday.com/story/opinion/voices/2021/03/07/pro-choice-abortion-hyde-amendment-obgyn-biden-harris-column/4592699001/"
      },
      {
        "datetime": "2021-06-18T13:31:41Z",
        "uri": "https://web.archive.org/web/20210618133141/https://www.usatoday.com/story/opinion/voices/2021/03/07/pro-choice-abortion-hyde-amendment-obgyn-biden-harris-column/4592699001/"
      },
      {
        "datetime": "2021-06-28T01:19:29Z",
        "uri": "https://web.archive.org/web/20210628011929/https://www.usatoday.com/story/opinion/voices/2021/03/07/pro-choice-abortion-hyde-amendment-obgyn-biden-harris-column/4592699001/"
      },
      {
        "datetime": "2022-02-20T20:10:59Z",
        "uri": "https://web.archive.org/web/20220220201059/https://www.usatoday.com/story/opinion/voices/2021/03/07/pro-choice-abortion-hyde-amendment-obgyn-biden-harris-column/4592699001/"
      },
      {
        "datetime": "2022-08-29T05:13:42Z",
        "uri": "https://web.archive.org/web/20220829051342/https://www.usatoday.com/story/opinion/voices/2021/03/07/pro-choice-abortion-hyde-amendment-obgyn-biden-harris-column/4592699001/"
      },
      {
        "datetime": "2022-08-29T05:13:43Z",
        "uri": "https://web.archive.org/web/20220829051343/https://www.usatoday.com/story/opinion/voices/2021/03/07/pro-choice-abortion-hyde-amendment-obgyn-biden-harris-column/4592699001/"
      }
    ],
    "first": {
      "datetime": "2021-03-07T10:53:48Z",
      "uri": "https://web.archive.org/web/20210307105348/https://www.usatoday.com/story/opinion/voices/2021/03/07/pro-choice-abortion-hyde-amendment-obgyn-biden-harris-column/4592699001/"
    },
    "last": {
      "datetime": "2022-08-29T05:13:43Z",
      "uri": "https://web.archive.org/web/20220829051343/https://www.usatoday.com/story/opinion/voices/2021/03/07/pro-choice-abortion-hyde-amendment-obgyn-biden-harris-column/4592699001/"
    }
  },
  "timemap_uri": {
    "link_format": "http://localhost:1208/timemap/link/https://www.usatoday.com/story/opinion/voices/2021/03/07/pro-choice-abortion-hyde-amendment-obgyn-biden-harris-column/4592699001/",
    "json_format": "http://localhost:1208/timemap/json/https://www.usatoday.com/story/opinion/voices/2021/03/07/pro-choice-abortion-hyde-amendment-obgyn-biden-harris-column/4592699001/",
    "cdxj_format": "http://localhost:1208/timemap/cdxj/https://www.usatoday.com/story/opinion/voices/2021/03/07/pro-choice-abortion-hyde-amendment-obgyn-biden-harris-column/4592699001/"
  },
  "timegate_uri": "http://localhost:1208/timegate/https://www.usatoday.com/story/opinion/voices/2021/03/07/pro-choice-abortion-hyde-amendment-obgyn-biden-harris-column/4592699001/"
}
