{
  "original_uri": "https://magavoice.online/president-biden-and-harris-were-faced-off-against-by-trump/",
  "self": "http://localhost:1208/timemap/json/https://magavoice.online/president-biden-and-harris-were-faced-off-against-by-trump/",
  "mementos": {
    "list": [
      {
        "datetime": "2022-09-16T04:27:19Z",
        "uri": "https://web.archive.org/web/20220916042719/https://magavoice.online/president-biden-and-harris-were-faced-off-against-by-trump/"
      }
    ],
    "first": {
      "datetime": "2022-09-16T04:27:19Z",
      "uri": "https://web.archive.org/web/20220916042719/https://magavoice.online/president-biden-and-harris-were-faced-off-against-by-trump/"
    },
    "last": {
      "datetime": "2022-09-16T04:27:19Z",
      "uri": "https://web.archive.org/web/20220916042719/https://magavoice.online/president-biden-and-harris-were-faced-off-against-by-trump/"
    }
  },
  "timemap_uri": {
    "link_format": "http://localhost:1208/timemap/link/https://magavoice.online/president-biden-and-harris-were-faced-off-against-by-trump/",
    "json_format": "http://localhost:1208/timemap/json/https://magavoice.online/president-biden-and-harris-were-faced-off-against-by-trump/",
    "cdxj_format": "http://localhost:1208/timemap/cdxj/https://magavoice.online/president-biden-and-harris-were-faced-off-against-by-trump/"
  },
  "timegate_uri": "http://localhost:1208/timegate/https://magavoice.online/president-biden-and-harris-were-faced-off-against-by-trump/"
}
