{
  "original_uri": "https://www.bookclubpro.com/books/1892",
  "self": "http://localhost:1208/timemap/json/https://www.bookclubpro.com/books/1892",
  "mementos": {
    "list": [
      {
        "datetime": "2021-08-03T20:11:34Z",
        "uri": "https://web.archive.org/web/20210803201134/https://www.bookclubpro.com/books/1892"
      }
    ],
    "first": {
      "datetime": "2021-08-03T20:11:34Z",
      "uri": "https://web.archive.org/web/20210803201134/https://www.bookclubpro.com/books/1892"
    },
    "last": {
      "datetime": "2021-08-03T20:11:34Z",
      "uri": "https://web.archive.org/web/20210803201134/https://www.bookclubpro.com/books/1892"
    }
  },
  "timemap_uri": {
    "link_format": "http://localhost:1208/timemap/link/https://www.bookclubpro.com/books/1892",
    "json_format": "http://localhost:1208/timemap/json/https://www.bookclubpro.com/books/1892",
    "cdxj_format": "http://localhost:1208/timemap/cdxj/https://www.bookclubpro.com/books/1892"
  },
  "timegate_uri": "http://localhost:1208/timegate/https://www.bookclubpro.com/books/1892"
}
