{
  "original_uri": "https://www.cnn.com/2022/09/29/europe/denmark-queen-grandchildren-scli-intl/index.html",
  "self": "http://localhost:1208/timemap/json/https://www.cnn.com/2022/09/29/europe/denmark-queen-grandchildren-scli-intl/index.html",
  "mementos": {
    "list": [
      {
        "datetime": "2022-10-01T05:15:10Z",
        "uri": "http://archive.md/20221001051510/https://www.cnn.com/2022/09/29/europe/denmark-queen-grandchildren-scli-intl/index.html"
      },
      {
        "datetime": "2022-10-01T10:33:52Z",
        "uri": "https://web.archive.org/web/20221001103352/https://www.cnn.com/2022/09/29/europe/denmark-queen-grandchildren-scli-intl/index.html"
      }
    ],
    "first": {
      "datetime": "2022-10-01T05:15:10Z",
      "uri": "http://archive.md/20221001051510/https://www.cnn.com/2022/09/29/europe/denmark-queen-grandchildren-scli-intl/index.html"
    },
    "last": {
      "datetime": "2022-10-01T10:33:52Z",
      "uri": "https://web.archive.org/web/20221001103352/https://www.cnn.com/2022/09/29/europe/denmark-queen-grandchildren-scli-intl/index.html"
    }
  },
  "timemap_uri": {
    "link_format": "http://localhost:1208/timemap/link/https://www.cnn.com/2022/09/29/europe/denmark-queen-grandchildren-scli-intl/index.html",
    "json_format": "http://localhost:1208/timemap/json/https://www.cnn.com/2022/09/29/europe/denmark-queen-grandchildren-scli-intl/index.html",
    "cdxj_format": "http://localhost:1208/timemap/cdxj/https://www.cnn.com/2022/09/29/europe/denmark-queen-grandchildren-scli-intl/index.html"
  },
  "timegate_uri": "http://localhost:1208/timegate/https://www.cnn.com/2022/09/29/europe/denmark-queen-grandchildren-scli-intl/index.html"
}
