{
  "original_uri": "https://elcidonline.com/",
  "self": "http://localhost:1208/timemap/json/https://elcidonline.com/",
  "mementos": {
    "list": [
      {
        "datetime": "2010-11-04T21:29:30Z",
        "uri": "https://web.archive.org/web/20101104212930/http://www.elcidonline.com:80/"
      },
      {
        "datetime": "2011-01-28T08:50:09Z",
        "uri": "https://web.archive.org/web/20110128085009/http://elcidonline.com/"
      },
      {
        "datetime": "2011-01-29T02:48:26Z",
        "uri": "https://web.archive.org/web/20110129024826/http://www.elcidonline.com/"
      },
      {
        "datetime": "2011-03-10T09:14:04Z",
        "uri": "https://web.archive.org/web/20110310091404/http://www.elcidonline.com:80/"
      },
      {
        "datetime": "2011-05-13T02:42:10Z",
        "uri": "https://web.archive.org/web/20110513024210/http://www.elcidonline.com/"
      },
      {
        "datetime": "2011-08-22T20:16:35Z",
        "uri": "https://web.archive.org/web/20110822201635/http://www.elcidonline.com:80/"
      },
      {
        "datetime": "2011-08-24T05:30:52Z",
        "uri": "https://web.archive.org/web/20110824053052/http://www.elcidonline.com:80/"
      },
      {
        "datetime": "2011-10-10T10:23:38Z",
        "uri": "https://web.archive.org/web/20111010102338/http://www.elcidonline.com:80/"
      },
      {
        "datetime": "2011-11-02T17:43:35Z",
        "uri": "https://web.archive.org/web/20111102174335/http://elcidonline.com/"
      },
      {
        "datetime": "2011-11-17T01:49:12Z",
        "uri": "https://web.archive.org/web/20111117014912/http://www.elcidonline.com:80/"
      },
      {
        "datetime": "2011-12-19T02:07:23Z",
        "uri": "https://web.archive.org/web/20111219020723/http://www.elcidonline.com:80/"
      },
      {
        "datetime": "2012-07-16T00:49:53Z",
        "uri": "https://web.archive.org/web/20120716004953/http://www.elcidonline.com:80/"
      },
      {
        "datetime": "2012-09-14T23:15:52Z",
        "uri": "https://web.archive.org/web/20120914231552/http://www.elcidonline.com:80/"
      },
      {
        "datetime": "2012-09-16T01:21:07Z",
        "uri": "https://web.archive.org/web/20120916012107/http://www.elcidonline.com:80/"
      },
      {
        "datetime": "2013-05-27T22:25:24Z",
        "uri": "https://web.archive.org/web/20130527222524/http://elcidonline.com/"
      },
      {
        "datetime": "2013-06-07T21:20:20Z",
        "uri": "https://web.archive.org/web/20130607212020/http://www.elcidonline.com:80/"
      },
      {
        "datetime": "2013-07-15T07:33:44Z",
        "uri": "https://web.archive.org/web/20130715073344/http://www.elcidonline.com:80/"
      },
      {
        "datetime": "2013-08-26T09:45:09Z",
        "uri": "https://web.archive.org/web/20130826094509/http://www.elcidonline.com/"
      },
      {
        "datetime": "2013-09-11T23:17:32Z",
        "uri": "https://web.archive.org/web/20130911231732/http://www.elcidonline.com:80/"
      },
      {
        "datetime": "2014-01-02T14:40:09Z",
        "uri": "https://web.archive.org/web/20140102144009/http://elcidonline.com/"
      },
      {
        "datetime": "2014-02-10T06:18:17Z",
        "uri": "https://web.archive.org/web/20140210061817/http://www.elcidonline.com/"
      },
      {
        "datetime": "2014-04-09T12:26:06Z",
        "uri": "https://web.archive.org/web/20140409122606/http://elcidonline.com/"
      },
      {
        "datetime": "2014-05-17T07:00:53Z",
        "uri": "https://web.archive.org/web/20140517070053/http://elcidonline.com/"
      },
      {
        "datetime": "2014-09-30T14:48:32Z",
        "uri": "https://web.archive.org/web/20140930144832/http://www.elcidonline.com:80/"
      },
      {
        "datetime": "2014-09-30T14:48:32Z",
        "uri": "https://web.archive.org/web/20140930144832/http://elcidonline.com:80/"
      },
      {
        "datetime": "2014-10-14T10:36:53Z",
        "uri": "https://web.archive.org/web/20141014103653/http://elcidonline.com:80/"
      },
      {
        "datetime": "2014-11-23T05:25:19Z",
        "uri": "https://web.archive.org/web/20141123052519/http://elcidonline.com:80/?"
      },
      {
        "datetime": "2014-12-17T09:35:28Z",
        "uri": "https://web.archive.org/web/20141217093528/http://elcidonline.com/"
      },
      {
        "datetime": "2014-12-23T22:04:20Z",
        "uri": "https://web.archive.org/web/20141223220420/http://elcidonline.com:80/"
      },
      {
        "datetime": "2014-12-24T11:35:24Z",
        "uri": "https://web.archive.org/web/20141224113524/http://elcidonline.com:80/?"
      },
      {
        "datetime": "2015-02-06T17:46:39Z",
        "uri": "https://web.archive.org/web/20150206174639/http://www.elcidonline.com:80/"
      },
      {
        "datetime": "2015-02-06T17:46:39Z",
        "uri": "https://web.archive.org/web/20150206174639/http://elcidonline.com:80/"
      },
      {
        "datetime": "2015-02-09T07:49:54Z",
        "uri": "https://web.archive.org/web/20150209074954/http://www.elcidonline.com/"
      },
      {
        "datetime": "2015-02-21T19:54:21Z",
        "uri": "https://web.archive.org/web/20150221195421/http://elcidonline.com:80/"
      },
      {
        "datetime": "2015-03-15T03:09:35Z",
        "uri": "https://web.archive.org/web/20150315030935/http://elcidonline.com/"
      },
      {
        "datetime": "2015-03-19T00:30:31Z",
        "uri": "https://web.archive.org/web/20150319003031/http://www.elcidonline.com/"
      },
      {
        "datetime": "2015-04-04T20:22:05Z",
        "uri": "https://web.archive.org/web/20150404202205/http://elcidonline.com:80/"
      },
      {
        "datetime": "2015-05-06T05:16:54Z",
        "uri": "https://web.archive.org/web/20150506051654/http://elcidonline.com:80/"
      },
      {
        "datetime": "2015-08-01T10:33:25Z",
        "uri": "https://web.archive.org/web/20150801103325/http://elcidonline.com/"
      },
      {
        "datetime": "2015-08-14T19:47:05Z",
        "uri": "https://web.archive.org/web/20150814194705/http://www.elcidonline.com/"
      },
      {
        "datetime": "2015-09-08T09:03:10Z",
        "uri": "https://web.archive.org/web/20150908090310/http://elcidonline.com/"
      },
      {
        "datetime": "2015-09-23T08:42:55Z",
        "uri": "https://web.archive.org/web/20150923084255/http://www.elcidonline.com/"
      },
      {
        "datetime": "2015-10-26T05:05:02Z",
        "uri": "https://web.archive.org/web/20151026050502/http://elcidonline.com:80/"
      },
      {
        "datetime": "2015-11-26T08:17:17Z",
        "uri": "https://web.archive.org/web/20151126081717/http://elcidonline.com:80/"
      },
      {
        "datetime": "2015-12-29T17:37:40Z",
        "uri": "https://web.archive.org/web/20151229173740/http://elcidonline.com:80/"
      },
      {
        "datetime": "2016-01-11T21:28:20Z",
        "uri": "https://web.archive.org/web/20160111212820/http://elcidonline.com/"
      },
      {
        "datetime": "2016-01-29T03:18:09Z",
        "uri": "https://web.archive.org/web/20160129031809/http://elcidonline.com:80/?"
      },
      {
        "datetime": "2016-01-30T20:04:31Z",
        "uri": "https://web.archive.org/web/20160130200431/http://elcidonline.com:80/"
      },
      {
        "datetime": "2016-02-22T02:36:20Z",
        "uri": "https://web.archive.org/web/20160222023620/http://www.elcidonline.com/"
      },
      {
        "datetime": "2016-03-01T12:14:54Z",
        "uri": "https://web.archive.org/web/20160301121454/http://elcidonline.com:80/?"
      },
      {
        "datetime": "2016-03-01T20:30:47Z",
        "uri": "https://web.archive.org/web/20160301203047/http://elcidonline.com:80/"
      },
      {
        "datetime": "2016-03-04T12:05:39Z",
        "uri": "https://web.archive.org/web/20160304120539/http://www.elcidonline.com/"
      },
      {
        "datetime": "2016-03-09T20:22:25Z",
        "uri": "https://web.archive.org/web/20160309202225/http://elcidonline.com/"
      },
      {
        "datetime": "2016-03-26T10:28:14Z",
        "uri": "https://web.archive.org/web/20160326102814/http://elcidonline.com/"
      },
      {
        "datetime": "2016-03-31T09:01:43Z",
        "uri": "https://web.archive.org/web/20160331090143/http://www.elcidonline.com/"
      },
      {
        "datetime": "2016-04-07T02:26:34Z",
        "uri": "https://web.archive.org/web/20160407022634/http://www.elcidonline.com/"
      },
      {
        "datetime": "2016-06-01T12:09:14Z",
        "uri": "https://web.archive.org/web/20160601120914/http://elcidonline.com:80/"
      },
      {
        "datetime": "2016-06-23T18:24:08Z",
        "uri": "https://web.archive.org/web/20160623182408/http://elcidonline.com/"
      },
      {
        "datetime": "2016-07-02T20:42:21Z",
        "uri": "https://web.archive.org/web/20160702204221/http://elcidonline.com:80/"
      },
      {
        "datetime": "2016-08-08T08:20:32Z",
        "uri": "https://web.archive.org/web/20160808082032/http://elcidonline.com:80/"
      },
      {
        "datetime": "2016-09-11T18:39:54Z",
        "uri": "https://web.archive.org/web/20160911183954/http://elcidonline.com:80/"
      },
      {
        "datetime": "2016-10-02T22:14:38Z",
        "uri": "https://web.archive.org/web/20161002221438/http://elcidonline.com/"
      },
      {
        "datetime": "2016-10-21T13:15:43Z",
        "uri": "https://web.archive.org/web/20161021131543/http://www.elcidonline.com/"
      },
      {
        "datetime": "2017-04-25T08:49:36Z",
        "uri": "https://web.archive.org/web/20170425084936/http://elcidonline.com:80/"
      },
      {
        "datetime": "2017-05-29T01:04:26Z",
        "uri": "https://web.archive.org/web/20170529010426/http://elcidonline.com:80/"
      },
      {
        "datetime": "2017-06-26T08:49:48Z",
        "uri": "https://web.archive.org/web/20170626084948/http://elcidonline.com/"
      },
      {
        "datetime": "2017-06-30T00:37:38Z",
        "uri": "https://web.archive.org/web/20170630003738/http://elcidonline.com:80/"
      },
      {
        "datetime": "2017-07-31T08:00:57Z",
        "uri": "https://web.archive.org/web/20170731080057/http://elcidonline.com:80/"
      },
      {
        "datetime": "2017-09-02T01:46:33Z",
        "uri": "https://web.archive.org/web/20170902014633/http://elcidonline.com:80/"
      },
      {
        "datetime": "2017-09-26T12:34:32Z",
        "uri": "https://web.archive.org/web/20170926123432/http://elcidonline.com/"
      },
      {
        "datetime": "2017-10-04T13:19:18Z",
        "uri": "https://web.archive.org/web/20171004131918/http://elcidonline.com:80/"
      },
      {
        "datetime": "2017-10-16T20:20:31Z",
        "uri": "https://web.archive.org/web/20171016202031/https://elcidonline.com/"
      },
      {
        "datetime": "2017-11-01T13:04:50Z",
        "uri": "https://web.archive.org/web/20171101130450/http://www.elcidonline.com:80/"
      },
      {
        "datetime": "2017-11-05T01:17:41Z",
        "uri": "https://web.archive.org/web/20171105011741/http://elcidonline.com:80/"
      },
      {
        "datetime": "2017-12-07T01:33:05Z",
        "uri": "https://web.archive.org/web/20171207013305/http://elcidonline.com:80/"
      },
      {
        "datetime": "2018-01-10T18:38:20Z",
        "uri": "https://web.archive.org/web/20180110183820/http://elcidonline.com:80/"
      },
      {
        "datetime": "2018-02-13T04:05:56Z",
        "uri": "https://web.archive.org/web/20180213040556/http://elcidonline.com:80/"
      },
      {
        "datetime": "2018-03-07T09:16:18Z",
        "uri": "https://web.archive.org/web/20180307091618/http://elcidonline.com/"
      },
      {
        "datetime": "2018-03-10T04:44:47Z",
        "uri": "https://web.archive.org/web/20180310044447/https://elcidonline.com/"
      },
      {
        "datetime": "2018-03-17T12:17:42Z",
        "uri": "https://web.archive.org/web/20180317121742/http://elcidonline.com:80/"
      },
      {
        "datetime": "2018-04-19T04:25:39Z",
        "uri": "https://web.archive.org/web/20180419042539/http://elcidonline.com:80/"
      },
      {
        "datetime": "2018-05-23T07:19:45Z",
        "uri": "https://web.archive.org/web/20180523071945/http://elcidonline.com:80/"
      },
      {
        "datetime": "2018-06-24T02:58:02Z",
        "uri": "https://web.archive.org/web/20180624025802/http://elcidonline.com:80/"
      },
      {
        "datetime": "2018-08-01T14:22:02Z",
        "uri": "https://web.archive.org/web/20180801142202/http://elcidonline.com:80/"
      },
      {
        "datetime": "2018-08-02T15:54:08Z",
        "uri": "https://web.archive.org/web/20180802155408/http://elcidonline.com:80/"
      },
      {
        "datetime": "2018-08-07T23:43:08Z",
        "uri": "https://web.archive.org/web/20180807234308/http://elcidonline.com/"
      },
      {
        "datetime": "2018-08-27T13:12:44Z",
        "uri": "https://web.archive.org/web/20180827131244/https://elcidonline.com/"
      },
      {
        "datetime": "2018-09-05T15:45:33Z",
        "uri": "https://web.archive.org/web/20180905154533/http://elcidonline.com:80/"
      },
      {
        "datetime": "2018-10-06T22:39:56Z",
        "uri": "https://web.archive.org/web/20181006223956/http://elcidonline.com:80/"
      },
      {
        "datetime": "2018-10-08T07:52:36Z",
        "uri": "https://web.archive.org/web/20181008075236/http://elcidonline.com:80/"
      },
      {
        "datetime": "2018-12-24T02:23:26Z",
        "uri": "https://web.archive.org/web/20181224022326/http://elcidonline.com/"
      },
      {
        "datetime": "2019-01-10T18:42:28Z",
        "uri": "https://web.archive.org/web/20190110184228/https://elcidonline.com/"
      },
      {
        "datetime": "2019-07-06T19:09:26Z",
        "uri": "https://web.archive.org/web/20190706190926/https://www.elcidonline.com/"
      },
      {
        "datetime": "2019-07-06T19:09:48Z",
        "uri": "https://web.archive.org/web/20190706190948/https://elcidonline.com/"
      },
      {
        "datetime": "2019-07-12T20:06:47Z",
        "uri": "https://web.archive.org/web/20190712200647/http://elcidonline.com/"
      },
      {
        "datetime": "2020-05-03T20:31:09Z",
        "uri": "https://web.archive.org/web/20200503203109/https://elcidonline.com/"
      },
      {
        "datetime": "2020-08-14T00:23:31Z",
        "uri": "https://web.archive.org/web/20200814002331/https://elcidonline.com/"
      },
      {
        "datetime": "2020-09-23T00:14:42Z",
        "uri": "https://web.archive.org/web/20200923001442/https://elcidonline.com/"
      },
      {
        "datetime": "2020-10-20T23:20:55Z",
        "uri": "https://web.archive.org/web/20201020232055/https://elcidonline.com/"
      },
      {
        "datetime": "2020-11-01T07:23:29Z",
        "uri": "https://web.archive.org/web/20201101072329/https://elcidonline.com/"
      },
      {
        "datetime": "2020-11-01T07:35:42Z",
        "uri": "https://web.archive.org/web/20201101073542/https://elcidonline.com/"
      },
      {
        "datetime": "2020-12-03T11:09:11Z",
        "uri": "https://web.archive.org/web/20201203110911/https://elcidonline.com/"
      },
      {
        "datetime": "2021-01-20T04:09:08Z",
        "uri": "https://web.archive.org/web/20210120040908/https://elcidonline.com/"
      },
      {
        "datetime": "2021-03-01T01:17:58Z",
        "uri": "https://web.archive.org/web/20210301011758/https://elcidonline.com/"
      },
      {
        "datetime": "2021-04-12T19:38:36Z",
        "uri": "https://web.archive.org/web/20210412193836/https://elcidonline.com/"
      },
      {
        "datetime": "2021-05-15T08:38:06Z",
        "uri": "https://web.archive.org/web/20210515083806/https://elcidonline.com/"
      },
      {
        "datetime": "2021-06-22T05:16:46Z",
        "uri": "https://web.archive.org/web/20210622051646/https://elcidonline.com/"
      },
      {
        "datetime": "2021-06-22T05:16:46Z",
        "uri": "https://web.archive.org/web/20210622051646/https://elcidonline.com/"
      },
      {
        "datetime": "2021-07-16T01:55:30Z",
        "uri": "https://web.archive.org/web/20210716015530/https://elcidonline.com/"
      },
      {
        "datetime": "2021-07-31T00:12:54Z",
        "uri": "https://web.archive.org/web/20210731001254/https://elcidonline.com/"
      },
      {
        "datetime": "2021-09-24T18:47:27Z",
        "uri": "https://web.archive.org/web/20210924184727/https://elcidonline.com/"
      },
      {
        "datetime": "2021-09-25T06:43:30Z",
        "uri": "https://web.archive.org/web/20210925064330/http://elcidonline.com/"
      },
      {
        "datetime": "2021-09-25T06:43:31Z",
        "uri": "https://web.archive.org/web/20210925064331/https://elcidonline.com/"
      },
      {
        "datetime": "2021-10-17T13:22:19Z",
        "uri": "https://web.archive.org/web/20211017132219/https://elcidonline.com/"
      },
      {
        "datetime": "2021-11-30T03:34:48Z",
        "uri": "https://web.archive.org/web/20211130033448/http://elcidonline.com/"
      },
      {
        "datetime": "2021-12-03T20:18:39Z",
        "uri": "https://web.archive.org/web/20211203201839/https://elcidonline.com/"
      },
      {
        "datetime": "2021-12-31T19:02:24Z",
        "uri": "https://web.archive.org/web/20211231190224/https://elcidonline.com/"
      },
      {
        "datetime": "2022-02-04T21:30:23Z",
        "uri": "https://web.archive.org/web/20220204213023/https://elcidonline.com/"
      },
      {
        "datetime": "2022-03-25T22:41:04Z",
        "uri": "https://web.archive.org/web/20220325224104/https://elcidonline.com/"
      },
      {
        "datetime": "2022-03-27T06:59:08Z",
        "uri": "https://web.archive.org/web/20220327065908/https://elcidonline.com/"
      },
      {
        "datetime": "2022-05-26T02:57:12Z",
        "uri": "https://web.archive.org/web/20220526025712/https://elcidonline.com/"
      },
      {
        "datetime": "2022-07-06T06:36:39Z",
        "uri": "https://web.archive.org/web/20220706063639/https://elcidonline.com/"
      },
      {
        "datetime": "2022-09-01T04:30:31Z",
        "uri": "https://web.archive.org/web/20220901043031/https://elcidonline.com/"
      }
    ],
    "first": {
      "datetime": "2010-11-04T21:29:30Z",
      "uri": "https://web.archive.org/web/20101104212930/http://www.elcidonline.com:80/"
    },
    "last": {
      "datetime": "2022-09-01T04:30:31Z",
      "uri": "https://web.archive.org/web/20220901043031/https://elcidonline.com/"
    }
  },
  "timemap_uri": {
    "link_format": "http://localhost:1208/timemap/link/https://elcidonline.com/",
    "json_format": "http://localhost:1208/timemap/json/https://elcidonline.com/",
    "cdxj_format": "http://localhost:1208/timemap/cdxj/https://elcidonline.com/"
  },
  "timegate_uri": "http://localhost:1208/timegate/https://elcidonline.com/"
}
