{
  "original_uri": "https://www.reuters.com/world/uk/queen-elizabeth-says-covid-left-one-very-tired-exhausted-2022-04-11/",
  "self": "http://localhost:1208/timemap/json/https://www.reuters.com/world/uk/queen-elizabeth-says-covid-left-one-very-tired-exhausted-2022-04-11/",
  "mementos": {
    "list": [
      {
        "datetime": "2022-04-11T07:51:53Z",
        "uri": "https://web.archive.org/web/20220411075153/https://www.reuters.com/world/uk/queen-elizabeth-says-covid-left-one-very-tired-exhausted-2022-04-11/"
      },
      {
        "datetime": "2022-04-11T11:25:41Z",
        "uri": "https://web.archive.org/web/20220411112541/https://www.reuters.com/world/uk/queen-elizabeth-says-covid-left-one-very-tired-exhausted-2022-04-11/"
      },
      {
        "datetime": "2022-04-11T13:20:26Z",
        "uri": "https://web.archive.org/web/20220411132026/https://www.reuters.com/world/uk/queen-elizabeth-says-covid-left-one-very-tired-exhausted-2022-04-11/"
      },
      {
        "datetime": "2022-04-12T07:47:06Z",
        "uri": "https://web.archive.org/web/20220412074706/https://www.reuters.com/world/uk/queen-elizabeth-says-covid-left-one-very-tired-exhausted-2022-04-11/"
      },
      {
        "datetime": "2022-04-12T16:20:10Z",
        "uri": "https://web.archive.org/web/20220412162010/https://www.reuters.com/world/uk/queen-elizabeth-says-covid-left-one-very-tired-exhausted-2022-04-11/"
      },
      {
        "datetime": "2022-04-12T16:26:24Z",
        "uri": "https://web.archive.org/web/20220412162624/https://www.reuters.com/world/uk/queen-elizabeth-says-covid-left-one-very-tired-exhausted-2022-04-11/"
      },
      {
        "datetime": "2022-04-14T15:10:23Z",
        "uri": "https://web.archive.org/web/20220414151023/https://www.reuters.com/world/uk/queen-elizabeth-says-covid-left-one-very-tired-exhausted-2022-04-11/"
      },
      {
        "datetime": "2022-04-15T01:36:58Z",
        "uri": "https://web.archive.org/web/20220415013658/https://www.reuters.com/world/uk/queen-elizabeth-says-covid-left-one-very-tired-exhausted-2022-04-11/"
      },
      {
        "datetime": "2022-04-15T04:37:19Z",
        "uri": "https://web.archive.org/web/20220415043719/https://www.reuters.com/world/uk/queen-elizabeth-says-covid-left-one-very-tired-exhausted-2022-04-11/"
      },
      {
        "datetime": "2022-04-15T04:52:27Z",
        "uri": "https://web.archive.org/web/20220415045227/https://www.reuters.com/world/uk/queen-elizabeth-says-covid-left-one-very-tired-exhausted-2022-04-11/"
      },
      {
        "datetime": "2022-04-15T05:38:39Z",
        "uri": "https://web.archive.org/web/20220415053839/https://www.reuters.com/world/uk/queen-elizabeth-says-covid-left-one-very-tired-exhausted-2022-04-11/"
      },
      {
        "datetime": "2022-04-15T06:09:51Z",
        "uri": "https://web.archive.org/web/20220415060951/https://www.reuters.com/world/uk/queen-elizabeth-says-covid-left-one-very-tired-exhausted-2022-04-11/"
      },
      {
        "datetime": "2022-04-15T06:23:26Z",
        "uri": "https://web.archive.org/web/20220415062326/https://www.reuters.com/world/uk/queen-elizabeth-says-covid-left-one-very-tired-exhausted-2022-04-11/"
      },
      {
        "datetime": "2022-04-15T07:09:00Z",
        "uri": "https://web.archive.org/web/20220415070900/https://www.reuters.com/world/uk/queen-elizabeth-says-covid-left-one-very-tired-exhausted-2022-04-11/"
      },
      {
        "datetime": "2022-04-15T07:23:49Z",
        "uri": "https://web.archive.org/web/20220415072349/https://www.reuters.com/world/uk/queen-elizabeth-says-covid-left-one-very-tired-exhausted-2022-04-11/"
      },
      {
        "datetime": "2022-04-15T08:22:09Z",
        "uri": "https://web.archive.org/web/20220415082209/https://www.reuters.com/world/uk/queen-elizabeth-says-covid-left-one-very-tired-exhausted-2022-04-11/"
      },
      {
        "datetime": "2022-04-15T08:37:08Z",
        "uri": "https://web.archive.org/web/20220415083708/https://www.reuters.com/world/uk/queen-elizabeth-says-covid-left-one-very-tired-exhausted-2022-04-11/"
      },
      {
        "datetime": "2022-04-15T08:53:33Z",
        "uri": "https://web.archive.org/web/20220415085333/https://www.reuters.com/world/uk/queen-elizabeth-says-covid-left-one-very-tired-exhausted-2022-04-11/"
      },
      {
        "datetime": "2022-04-15T09:18:22Z",
        "uri": "https://web.archive.org/web/20220415091822/https://www.reuters.com/world/uk/queen-elizabeth-says-covid-left-one-very-tired-exhausted-2022-04-11/"
      },
      {
        "datetime": "2022-04-15T09:24:37Z",
        "uri": "https://web.archive.org/web/20220415092437/https://www.reuters.com/world/uk/queen-elizabeth-says-covid-left-one-very-tired-exhausted-2022-04-11/"
      },
      {
        "datetime": "2022-04-15T09:40:11Z",
        "uri": "https://web.archive.org/web/20220415094011/https://www.reuters.com/world/uk/queen-elizabeth-says-covid-left-one-very-tired-exhausted-2022-04-11/"
      },
      {
        "datetime": "2022-04-15T09:50:19Z",
        "uri": "https://web.archive.org/web/20220415095019/https://www.reuters.com/world/uk/queen-elizabeth-says-covid-left-one-very-tired-exhausted-2022-04-11/"
      },
      {
        "datetime": "2022-04-15T09:56:10Z",
        "uri": "https://web.archive.org/web/20220415095610/https://www.reuters.com/world/uk/queen-elizabeth-says-covid-left-one-very-tired-exhausted-2022-04-11/"
      },
      {
        "datetime": "2022-04-15T17:38:12Z",
        "uri": "https://web.archive.org/web/20220415173812/https://www.reuters.com/world/uk/queen-elizabeth-says-covid-left-one-very-tired-exhausted-2022-04-11/"
      },
      {
        "datetime": "2022-04-16T07:40:28Z",
        "uri": "https://web.archive.org/web/20220416074028/https://www.reuters.com/world/uk/queen-elizabeth-says-covid-left-one-very-tired-exhausted-2022-04-11/"
      },
      {
        "datetime": "2022-04-16T08:24:00Z",
        "uri": "https://web.archive.org/web/20220416082400/https://www.reuters.com/world/uk/queen-elizabeth-says-covid-left-one-very-tired-exhausted-2022-04-11/"
      },
      {
        "datetime": "2022-04-16T08:34:18Z",
        "uri": "https://web.archive.org/web/20220416083418/https://www.reuters.com/world/uk/queen-elizabeth-says-covid-left-one-very-tired-exhausted-2022-04-11/"
      },
      {
        "datetime": "2022-04-16T08:39:37Z",
        "uri": "https://web.archive.org/web/20220416083937/https://www.reuters.com/world/uk/queen-elizabeth-says-covid-left-one-very-tired-exhausted-2022-04-11/"
      },
      {
        "datetime": "2022-04-16T08:40:00Z",
        "uri": "https://web.archive.org/web/20220416084000/https://www.reuters.com/world/uk/queen-elizabeth-says-covid-left-one-very-tired-exhausted-2022-04-11/"
      },
      {
        "datetime": "2022-04-16T09:06:13Z",
        "uri": "https://web.archive.org/web/20220416090613/https://www.reuters.com/world/uk/queen-elizabeth-says-covid-left-one-very-tired-exhausted-2022-04-11/"
      },
      {
        "datetime": "2022-04-16T09:21:24Z",
        "uri": "https://web.archive.org/web/20220416092124/https://www.reuters.com/world/uk/queen-elizabeth-says-covid-left-one-very-tired-exhausted-2022-04-11/"
      },
      {
        "datetime": "2022-04-16T10:38:18Z",
        "uri": "https://web.archive.org/web/20220416103818/https://www.reuters.com/world/uk/queen-elizabeth-says-covid-left-one-very-tired-exhausted-2022-04-11/"
      },
      {
        "datetime": "2022-04-16T11:25:20Z",
        "uri": "https://web.archive.org/web/20220416112520/https://www.reuters.com/world/uk/queen-elizabeth-says-covid-left-one-very-tired-exhausted-2022-04-11/"
      },
      {
        "datetime": "2022-04-16T11:35:32Z",
        "uri": "https://web.archive.org/web/20220416113532/https://www.reuters.com/world/uk/queen-elizabeth-says-covid-left-one-very-tired-exhausted-2022-04-11/"
      },
      {
        "datetime": "2022-04-16T11:40:42Z",
        "uri": "https://web.archive.org/web/20220416114042/https://www.reuters.com/world/uk/queen-elizabeth-says-covid-left-one-very-tired-exhausted-2022-04-11/"
      },
      {
        "datetime": "2022-04-16T19:23:41Z",
        "uri": "https://web.archive.org/web/20220416192341/https://www.reuters.com/world/uk/queen-elizabeth-says-covid-left-one-very-tired-exhausted-2022-04-11/"
      },
      {
        "datetime": "2022-05-05T19:19:54Z",
        "uri": "https://web.archive.org/web/20220505191954/https://www.reuters.com/world/uk/queen-elizabeth-says-covid-left-one-very-tired-exhausted-2022-04-11/"
      },
      {
        "datetime": "2022-05-07T08:36:21Z",
        "uri": "https://web.archive.org/web/20220507083621/https://www.reuters.com/world/uk/queen-elizabeth-says-covid-left-one-very-tired-exhausted-2022-04-11/"
      },
      {
        "datetime": "2022-06-28T15:52:41Z",
        "uri": "https://web.archive.org/web/20220628155241/https://www.reuters.com/world/uk/queen-elizabeth-says-covid-left-one-very-tired-exhausted-2022-04-11/"
      },
      {
        "datetime": "2022-09-09T00:07:23Z",
        "uri": "https://web.archive.org/web/20220909000723/https://www.reuters.com/world/uk/queen-elizabeth-says-covid-left-one-very-tired-exhausted-2022-04-11/"
      },
      {
        "datetime": "2022-09-09T00:07:26Z",
        "uri": "https://web.archive.org/web/20220909000726/https://www.reuters.com/world/uk/queen-elizabeth-says-covid-left-one-very-tired-exhausted-2022-04-11/"
      },
      {
        "datetime": "2022-09-15T03:23:10Z",
        "uri": "https://web.archive.org/web/20220915032310/https://www.reuters.com/world/uk/queen-elizabeth-says-covid-left-one-very-tired-exhausted-2022-04-11/"
      },
      {
        "datetime": "2022-09-20T17:25:23Z",
        "uri": "https://web.archive.org/web/20220920172523/https://www.reuters.com/world/uk/queen-elizabeth-says-covid-left-one-very-tired-exhausted-2022-04-11/"
      },
      {
        "datetime": "2022-09-21T18:33:12Z",
        "uri": "https://web.archive.org/web/20220921183312/https://www.reuters.com/world/uk/queen-elizabeth-says-covid-left-one-very-tired-exhausted-2022-04-11/"
      },
      {
        "datetime": "2022-09-22T03:07:59Z",
        "uri": "https://web.archive.org/web/20220922030759/https://www.reuters.com/world/uk/queen-elizabeth-says-covid-left-one-very-tired-exhausted-2022-04-11/"
      }
    ],
    "first": {
      "datetime": "2022-04-11T07:51:53Z",
      "uri": "https://web.archive.org/web/20220411075153/https://www.reuters.com/world/uk/queen-elizabeth-says-covid-left-one-very-tired-exhausted-2022-04-11/"
    },
    "last": {
      "datetime": "2022-09-22T03:07:59Z",
      "uri": "https://web.archive.org/web/20220922030759/https://www.reuters.com/world/uk/queen-elizabeth-says-covid-left-one-very-tired-exhausted-2022-04-11/"
    }
  },
  "timemap_uri": {
    "link_format": "http://localhost:1208/timemap/link/https://www.reuters.com/world/uk/queen-elizabeth-says-covid-left-one-very-tired-exhausted-2022-04-11/",
    "json_format": "http://localhost:1208/timemap/json/https://www.reuters.com/world/uk/queen-elizabeth-says-covid-left-one-very-tired-exhausted-2022-04-11/",
    "cdxj_format": "http://localhost:1208/timemap/cdxj/https://www.reuters.com/world/uk/queen-elizabeth-says-covid-left-one-very-tired-exhausted-2022-04-11/"
  },
  "timegate_uri": "http://localhost:1208/timegate/https://www.reuters.com/world/uk/queen-elizabeth-says-covid-left-one-very-tired-exhausted-2022-04-11/"
}
