{
  "original_uri": "https://1650thefan.com/",
  "self": "http://localhost:1208/timemap/json/https://1650thefan.com/",
  "mementos": {
    "list": [
      {
        "datetime": "2009-10-24T10:32:57Z",
        "uri": "https://web.archive.org/web/20091024103257/http://www.1650thefan.com:80/"
      },
      {
        "datetime": "2011-01-28T12:23:35Z",
        "uri": "https://web.archive.org/web/20110128122335/http://1650thefan.com/"
      },
      {
        "datetime": "2011-09-24T08:13:33Z",
        "uri": "https://web.archive.org/web/20110924081333/http://www.1650thefan.com:80/"
      },
      {
        "datetime": "2011-11-03T19:20:09Z",
        "uri": "https://webarchive.loc.gov/all/20111103192009/http://1650thefan.com/"
      },
      {
        "datetime": "2011-11-13T16:31:48Z",
        "uri": "https://web.archive.org/web/20111113163148/http://www.1650thefan.com:80/"
      },
      {
        "datetime": "2011-12-15T09:14:23Z",
        "uri": "https://web.archive.org/web/20111215091423/http://www.1650thefan.com:80/"
      },
      {
        "datetime": "2012-01-29T07:48:21Z",
        "uri": "https://web.archive.org/web/20120129074821/http://www.1650thefan.com/"
      },
      {
        "datetime": "2012-04-20T14:15:41Z",
        "uri": "https://web.archive.org/web/20120420141541/http://www.1650thefan.com:80/"
      },
      {
        "datetime": "2012-06-21T04:48:55Z",
        "uri": "https://web.archive.org/web/20120621044855/http://www.1650thefan.com:80/"
      },
      {
        "datetime": "2012-07-23T02:11:32Z",
        "uri": "https://web.archive.org/web/20120723021132/http://www.1650thefan.com/"
      },
      {
        "datetime": "2012-11-27T15:52:22Z",
        "uri": "https://web.archive.org/web/20121127155222/http://www.1650thefan.com:80/"
      },
      {
        "datetime": "2013-05-14T23:05:10Z",
        "uri": "https://web.archive.org/web/20130514230510/http://www.1650thefan.com/"
      },
      {
        "datetime": "2013-05-21T04:22:25Z",
        "uri": "https://web.archive.org/web/20130521042225/http://1650thefan.com/"
      },
      {
        "datetime": "2013-09-14T16:51:13Z",
        "uri": "https://web.archive.org/web/20130914165113/http://www.1650thefan.com/"
      },
      {
        "datetime": "2013-11-01T01:38:11Z",
        "uri": "https://web.archive.org/web/20131101013811/http://www.1650thefan.com/"
      },
      {
        "datetime": "2013-11-07T17:24:34Z",
        "uri": "https://web.archive.org/web/20131107172434/http://1650thefan.com/"
      },
      {
        "datetime": "2014-02-09T16:00:34Z",
        "uri": "https://web.archive.org/web/20140209160034/http://www.1650thefan.com/"
      },
      {
        "datetime": "2014-02-27T09:49:33Z",
        "uri": "https://web.archive.org/web/20140227094933/http://www.1650thefan.com:80/"
      },
      {
        "datetime": "2014-05-17T01:41:39Z",
        "uri": "https://web.archive.org/web/20140517014139/http://1650thefan.com/"
      },
      {
        "datetime": "2014-07-11T05:32:45Z",
        "uri": "https://web.archive.org/web/20140711053245/http://www.1650thefan.com/"
      },
      {
        "datetime": "2014-10-26T08:11:40Z",
        "uri": "https://web.archive.org/web/20141026081140/http://www.1650thefan.com:80/"
      },
      {
        "datetime": "2014-11-09T08:30:10Z",
        "uri": "https://web.archive.org/web/20141109083010/http://www.1650thefan.com/"
      },
      {
        "datetime": "2014-12-16T19:41:58Z",
        "uri": "https://web.archive.org/web/20141216194158/http://1650thefan.com/"
      },
      {
        "datetime": "2014-12-20T05:47:26Z",
        "uri": "https://web.archive.org/web/20141220054726/http://www.1650thefan.com/"
      },
      {
        "datetime": "2015-01-09T16:11:46Z",
        "uri": "https://web.archive.org/web/20150109161146/http://1650thefan.com:80/"
      },
      {
        "datetime": "2015-02-14T05:54:41Z",
        "uri": "https://web.archive.org/web/20150214055441/http://1650thefan.com:80/"
      },
      {
        "datetime": "2015-03-17T07:24:49Z",
        "uri": "https://web.archive.org/web/20150317072449/http://1650thefan.com:80/"
      },
      {
        "datetime": "2015-05-10T13:38:31Z",
        "uri": "https://web.archive.org/web/20150510133831/http://1650thefan.com:80/"
      },
      {
        "datetime": "2015-07-13T19:02:34Z",
        "uri": "https://web.archive.org/web/20150713190234/http://www.1650thefan.com/"
      },
      {
        "datetime": "2015-08-01T05:32:27Z",
        "uri": "https://web.archive.org/web/20150801053227/http://1650thefan.com/"
      },
      {
        "datetime": "2015-08-23T02:35:24Z",
        "uri": "https://web.archive.org/web/20150823023524/http://www.1650thefan.com:80/"
      },
      {
        "datetime": "2015-09-05T05:23:21Z",
        "uri": "https://web.archive.org/web/20150905052321/http://www.1650thefan.com/"
      },
      {
        "datetime": "2015-09-05T19:13:28Z",
        "uri": "https://web.archive.org/web/20150905191328/http://1650thefan.com/"
      },
      {
        "datetime": "2015-09-23T10:50:20Z",
        "uri": "https://web.archive.org/web/20150923105020/http://www.1650thefan.com:80/"
      },
      {
        "datetime": "2015-10-11T18:35:42Z",
        "uri": "https://web.archive.org/web/20151011183542/http://www.1650thefan.com:80/?"
      },
      {
        "datetime": "2015-11-13T03:43:03Z",
        "uri": "https://web.archive.org/web/20151113034303/http://www.1650thefan.com:80/?"
      },
      {
        "datetime": "2015-11-17T03:23:40Z",
        "uri": "https://web.archive.org/web/20151117032340/http://www.1650thefan.com:80/"
      },
      {
        "datetime": "2015-12-02T12:38:15Z",
        "uri": "https://web.archive.org/web/20151202123815/http://www.1650thefan.com/"
      },
      {
        "datetime": "2015-12-12T22:43:13Z",
        "uri": "https://web.archive.org/web/20151212224313/http://www.1650thefan.com:80/"
      },
      {
        "datetime": "2016-01-02T10:37:26Z",
        "uri": "https://web.archive.org/web/20160102103726/http://www.1650thefan.com:80/"
      },
      {
        "datetime": "2016-01-09T05:36:19Z",
        "uri": "https://web.archive.org/web/20160109053619/http://1650thefan.com/"
      },
      {
        "datetime": "2016-01-11T08:08:57Z",
        "uri": "https://web.archive.org/web/20160111080857/http://www.1650thefan.com/"
      },
      {
        "datetime": "2016-01-12T15:22:23Z",
        "uri": "https://web.archive.org/web/20160112152223/http://www.1650thefan.com/"
      },
      {
        "datetime": "2016-01-13T07:14:00Z",
        "uri": "https://web.archive.org/web/20160113071400/http://www.1650thefan.com/"
      },
      {
        "datetime": "2016-02-03T17:29:41Z",
        "uri": "https://web.archive.org/web/20160203172941/http://www.1650thefan.com:80/"
      },
      {
        "datetime": "2016-03-04T08:18:50Z",
        "uri": "https://web.archive.org/web/20160304081850/http://www.1650thefan.com/"
      },
      {
        "datetime": "2016-03-06T09:04:33Z",
        "uri": "https://web.archive.org/web/20160306090433/http://1650thefan.com/"
      },
      {
        "datetime": "2016-03-06T09:52:58Z",
        "uri": "https://web.archive.org/web/20160306095258/http://www.1650thefan.com:80/"
      },
      {
        "datetime": "2016-03-23T04:27:27Z",
        "uri": "https://web.archive.org/web/20160323042727/http://www.1650thefan.com/"
      },
      {
        "datetime": "2016-04-07T05:05:11Z",
        "uri": "https://web.archive.org/web/20160407050511/http://www.1650thefan.com:80/"
      },
      {
        "datetime": "2016-05-10T15:36:39Z",
        "uri": "https://web.archive.org/web/20160510153639/http://www.1650thefan.com:80/"
      },
      {
        "datetime": "2016-05-28T08:33:20Z",
        "uri": "https://web.archive.org/web/20160528083320/http://www.1650thefan.com/"
      },
      {
        "datetime": "2016-06-12T06:25:38Z",
        "uri": "https://web.archive.org/web/20160612062538/http://www.1650thefan.com:80/"
      },
      {
        "datetime": "2016-07-14T04:11:42Z",
        "uri": "https://web.archive.org/web/20160714041142/http://www.1650thefan.com:80/"
      },
      {
        "datetime": "2016-07-27T18:34:53Z",
        "uri": "https://wayback.archive-it.org/all/20160727183453/http://www.1650thefan.com/"
      },
      {
        "datetime": "2016-07-27T19:04:13Z",
        "uri": "https://wayback.archive-it.org/all/20160727190413/http://www.1650thefan.com/"
      },
      {
        "datetime": "2016-07-28T10:49:22Z",
        "uri": "https://web.archive.org/web/20160728104922/http://www.1650thefan.com/"
      },
      {
        "datetime": "2016-07-29T19:48:37Z",
        "uri": "https://web.archive.org/web/20160729194837/http://www.1650thefan.com/"
      },
      {
        "datetime": "2016-08-02T17:40:51Z",
        "uri": "https://wayback.archive-it.org/all/20160802174051/http://www.1650thefan.com/"
      },
      {
        "datetime": "2016-08-02T19:36:50Z",
        "uri": "https://wayback.archive-it.org/all/20160802193650/http://www.1650thefan.com/"
      },
      {
        "datetime": "2016-08-06T12:09:10Z",
        "uri": "https://wayback.archive-it.org/all/20160806120910/http://www.1650thefan.com/"
      },
      {
        "datetime": "2016-08-06T13:28:08Z",
        "uri": "https://wayback.archive-it.org/all/20160806132808/http://www.1650thefan.com/"
      },
      {
        "datetime": "2016-08-16T12:48:24Z",
        "uri": "https://web.archive.org/web/20160816124824/http://www.1650thefan.com:80/"
      },
      {
        "datetime": "2016-08-28T18:07:24Z",
        "uri": "https://wayback.archive-it.org/all/20160828180724/http://www.1650thefan.com/"
      },
      {
        "datetime": "2016-08-28T19:38:29Z",
        "uri": "https://wayback.archive-it.org/all/20160828193829/http://www.1650thefan.com/"
      },
      {
        "datetime": "2016-09-09T17:45:09Z",
        "uri": "https://wayback.archive-it.org/all/20160909174509/http://www.1650thefan.com/"
      },
      {
        "datetime": "2016-09-09T18:26:46Z",
        "uri": "https://wayback.archive-it.org/all/20160909182646/http://www.1650thefan.com/"
      },
      {
        "datetime": "2016-09-21T12:32:33Z",
        "uri": "https://wayback.archive-it.org/all/20160921123233/http://www.1650thefan.com/"
      },
      {
        "datetime": "2016-09-21T13:17:19Z",
        "uri": "https://wayback.archive-it.org/all/20160921131719/http://www.1650thefan.com/"
      },
      {
        "datetime": "2016-09-21T16:52:59Z",
        "uri": "https://web.archive.org/web/20160921165259/http://www.1650thefan.com:80/"
      },
      {
        "datetime": "2016-09-26T19:18:38Z",
        "uri": "https://wayback.archive-it.org/all/20160926191838/http://www.1650thefan.com/"
      },
      {
        "datetime": "2016-09-26T19:41:13Z",
        "uri": "https://wayback.archive-it.org/all/20160926194113/http://www.1650thefan.com/"
      },
      {
        "datetime": "2016-10-03T06:25:13Z",
        "uri": "https://web.archive.org/web/20161003062513/http://1650thefan.com/"
      },
      {
        "datetime": "2016-10-22T03:54:34Z",
        "uri": "https://web.archive.org/web/20161022035434/http://www.1650thefan.com/"
      },
      {
        "datetime": "2016-10-24T15:25:15Z",
        "uri": "https://web.archive.org/web/20161024152515/http://www.1650thefan.com:80/"
      },
      {
        "datetime": "2016-10-24T15:25:15Z",
        "uri": "https://web.archive.org/web/20161024152515/http://1650thefan.com:80/"
      },
      {
        "datetime": "2016-11-23T03:55:13Z",
        "uri": "https://web.archive.org/web/20161123035513/http://1650thefan.com:80/"
      },
      {
        "datetime": "2016-12-01T18:24:45Z",
        "uri": "https://wayback.archive-it.org/all/20161201182445/http://www.1650thefan.com/"
      },
      {
        "datetime": "2016-12-01T18:24:45Z",
        "uri": "https://web.archive.org/web/20161201182445/http://www.1650thefan.com/"
      },
      {
        "datetime": "2016-12-01T18:24:48Z",
        "uri": "https://wayback.archive-it.org/all/20161201182448/http://1650thefan.com/"
      },
      {
        "datetime": "2016-12-01T18:24:48Z",
        "uri": "https://web.archive.org/web/20161201182448/http://1650thefan.com/"
      },
      {
        "datetime": "2016-12-01T20:43:42Z",
        "uri": "https://wayback.archive-it.org/all/20161201204342/http://1650thefan.com/"
      },
      {
        "datetime": "2016-12-01T20:43:42Z",
        "uri": "https://web.archive.org/web/20161201204342/http://1650thefan.com/"
      },
      {
        "datetime": "2017-01-01T17:22:08Z",
        "uri": "https://wayback.archive-it.org/all/20170101172208/http://www.1650thefan.com/"
      },
      {
        "datetime": "2017-01-01T17:22:08Z",
        "uri": "https://web.archive.org/web/20170101172208/http://www.1650thefan.com/"
      },
      {
        "datetime": "2017-01-01T17:23:57Z",
        "uri": "https://wayback.archive-it.org/all/20170101172357/http://1650thefan.com/"
      },
      {
        "datetime": "2017-01-01T17:23:57Z",
        "uri": "https://web.archive.org/web/20170101172357/http://1650thefan.com/"
      },
      {
        "datetime": "2017-01-02T17:23:03Z",
        "uri": "https://wayback.archive-it.org/all/20170102172303/http://1650thefan.com/"
      },
      {
        "datetime": "2017-01-02T17:23:03Z",
        "uri": "https://web.archive.org/web/20170102172303/http://1650thefan.com/"
      },
      {
        "datetime": "2017-02-01T17:25:17Z",
        "uri": "https://wayback.archive-it.org/all/20170201172517/http://www.1650thefan.com/"
      },
      {
        "datetime": "2017-02-01T17:25:17Z",
        "uri": "https://web.archive.org/web/20170201172517/http://www.1650thefan.com/"
      },
      {
        "datetime": "2017-02-01T17:41:58Z",
        "uri": "https://wayback.archive-it.org/all/20170201174158/http://1650thefan.com/"
      },
      {
        "datetime": "2017-02-01T17:41:58Z",
        "uri": "https://web.archive.org/web/20170201174158/http://1650thefan.com/"
      },
      {
        "datetime": "2017-02-01T20:12:04Z",
        "uri": "https://wayback.archive-it.org/all/20170201201204/http://1650thefan.com/"
      },
      {
        "datetime": "2017-02-01T20:12:04Z",
        "uri": "https://web.archive.org/web/20170201201204/http://1650thefan.com/"
      },
      {
        "datetime": "2017-02-17T01:51:33Z",
        "uri": "https://web.archive.org/web/20170217015133/http://www.1650thefan.com/"
      },
      {
        "datetime": "2017-03-01T17:25:31Z",
        "uri": "https://wayback.archive-it.org/all/20170301172531/http://www.1650thefan.com/"
      },
      {
        "datetime": "2017-03-01T17:25:31Z",
        "uri": "https://web.archive.org/web/20170301172531/http://www.1650thefan.com/"
      },
      {
        "datetime": "2017-03-01T18:25:01Z",
        "uri": "https://wayback.archive-it.org/all/20170301182501/http://1650thefan.com/"
      },
      {
        "datetime": "2017-03-01T18:25:01Z",
        "uri": "https://web.archive.org/web/20170301182501/http://1650thefan.com/"
      },
      {
        "datetime": "2017-03-02T23:00:37Z",
        "uri": "https://wayback.archive-it.org/all/20170302230037/http://1650thefan.com/"
      },
      {
        "datetime": "2017-03-02T23:00:37Z",
        "uri": "https://web.archive.org/web/20170302230037/http://1650thefan.com/"
      },
      {
        "datetime": "2017-04-01T17:21:39Z",
        "uri": "https://wayback.archive-it.org/all/20170401172139/http://www.1650thefan.com/"
      },
      {
        "datetime": "2017-04-01T17:21:39Z",
        "uri": "https://web.archive.org/web/20170401172139/http://www.1650thefan.com/"
      },
      {
        "datetime": "2017-04-01T17:22:44Z",
        "uri": "https://wayback.archive-it.org/all/20170401172244/http://1650thefan.com/"
      },
      {
        "datetime": "2017-04-01T17:22:44Z",
        "uri": "https://web.archive.org/web/20170401172244/http://1650thefan.com/"
      },
      {
        "datetime": "2017-04-01T17:28:47Z",
        "uri": "https://wayback.archive-it.org/all/20170401172847/http://1650thefan.com/"
      },
      {
        "datetime": "2017-04-01T17:28:47Z",
        "uri": "https://web.archive.org/web/20170401172847/http://1650thefan.com/"
      },
      {
        "datetime": "2017-05-01T17:23:29Z",
        "uri": "https://wayback.archive-it.org/all/20170501172329/http://www.1650thefan.com/"
      },
      {
        "datetime": "2017-05-01T17:23:29Z",
        "uri": "https://web.archive.org/web/20170501172329/http://www.1650thefan.com/"
      },
      {
        "datetime": "2017-05-01T17:30:19Z",
        "uri": "https://wayback.archive-it.org/all/20170501173019/http://1650thefan.com/"
      },
      {
        "datetime": "2017-05-01T17:30:19Z",
        "uri": "https://web.archive.org/web/20170501173019/http://1650thefan.com/"
      },
      {
        "datetime": "2017-05-01T19:00:39Z",
        "uri": "https://wayback.archive-it.org/all/20170501190039/http://1650thefan.com/"
      },
      {
        "datetime": "2017-05-01T19:00:39Z",
        "uri": "https://web.archive.org/web/20170501190039/http://1650thefan.com/"
      },
      {
        "datetime": "2017-05-03T00:14:25Z",
        "uri": "https://web.archive.org/web/20170503001425/http://1650thefan.com:80/"
      },
      {
        "datetime": "2017-05-30T20:02:40Z",
        "uri": "https://web.archive.org/web/20170530200240/http://1650thefan.com/"
      },
      {
        "datetime": "2017-06-01T17:25:13Z",
        "uri": "https://wayback.archive-it.org/all/20170601172513/http://www.1650thefan.com/"
      },
      {
        "datetime": "2017-06-01T17:25:13Z",
        "uri": "https://web.archive.org/web/20170601172513/http://www.1650thefan.com/"
      },
      {
        "datetime": "2017-06-01T17:34:48Z",
        "uri": "https://wayback.archive-it.org/all/20170601173448/http://1650thefan.com/"
      },
      {
        "datetime": "2017-06-01T17:34:48Z",
        "uri": "https://web.archive.org/web/20170601173448/http://1650thefan.com/"
      },
      {
        "datetime": "2017-06-02T04:46:22Z",
        "uri": "https://wayback.archive-it.org/all/20170602044622/http://1650thefan.com/"
      },
      {
        "datetime": "2017-06-02T04:46:22Z",
        "uri": "https://web.archive.org/web/20170602044622/http://1650thefan.com/"
      },
      {
        "datetime": "2017-06-04T17:56:20Z",
        "uri": "https://web.archive.org/web/20170604175620/http://1650thefan.com:80/"
      },
      {
        "datetime": "2017-07-01T17:25:10Z",
        "uri": "https://wayback.archive-it.org/all/20170701172510/http://www.1650thefan.com/"
      },
      {
        "datetime": "2017-07-01T17:25:10Z",
        "uri": "https://web.archive.org/web/20170701172510/http://www.1650thefan.com/"
      },
      {
        "datetime": "2017-07-01T17:26:04Z",
        "uri": "https://wayback.archive-it.org/all/20170701172604/http://1650thefan.com/"
      },
      {
        "datetime": "2017-07-01T17:26:04Z",
        "uri": "https://web.archive.org/web/20170701172604/http://1650thefan.com/"
      },
      {
        "datetime": "2017-07-01T17:43:15Z",
        "uri": "https://wayback.archive-it.org/all/20170701174315/http://1650thefan.com/"
      },
      {
        "datetime": "2017-07-01T17:43:15Z",
        "uri": "https://web.archive.org/web/20170701174315/http://1650thefan.com/"
      },
      {
        "datetime": "2017-07-20T13:55:23Z",
        "uri": "https://web.archive.org/web/20170720135523/http://www.1650thefan.com:80/"
      },
      {
        "datetime": "2017-07-20T13:55:23Z",
        "uri": "https://web.archive.org/web/20170720135523/http://1650thefan.com:80/"
      },
      {
        "datetime": "2017-08-01T17:25:28Z",
        "uri": "https://wayback.archive-it.org/all/20170801172528/http://www.1650thefan.com/"
      },
      {
        "datetime": "2017-08-01T17:25:28Z",
        "uri": "https://web.archive.org/web/20170801172528/http://www.1650thefan.com/"
      },
      {
        "datetime": "2017-08-01T17:29:32Z",
        "uri": "https://wayback.archive-it.org/all/20170801172932/http://1650thefan.com/"
      },
      {
        "datetime": "2017-08-01T17:29:32Z",
        "uri": "https://web.archive.org/web/20170801172932/http://1650thefan.com/"
      },
      {
        "datetime": "2017-08-01T17:44:12Z",
        "uri": "https://wayback.archive-it.org/all/20170801174412/http://1650thefan.com/"
      },
      {
        "datetime": "2017-08-01T17:44:12Z",
        "uri": "https://web.archive.org/web/20170801174412/http://1650thefan.com/"
      },
      {
        "datetime": "2017-08-18T03:09:32Z",
        "uri": "https://web.archive.org/web/20170818030932/http://1650thefan.com/"
      },
      {
        "datetime": "2017-09-01T17:26:18Z",
        "uri": "https://wayback.archive-it.org/all/20170901172618/http://www.1650thefan.com/"
      },
      {
        "datetime": "2017-09-01T17:26:18Z",
        "uri": "https://web.archive.org/web/20170901172618/http://www.1650thefan.com/"
      },
      {
        "datetime": "2017-09-01T17:56:54Z",
        "uri": "https://wayback.archive-it.org/all/20170901175654/http://1650thefan.com/"
      },
      {
        "datetime": "2017-09-01T17:56:54Z",
        "uri": "https://web.archive.org/web/20170901175654/http://1650thefan.com/"
      },
      {
        "datetime": "2017-09-01T20:55:59Z",
        "uri": "https://wayback.archive-it.org/all/20170901205559/http://1650thefan.com/"
      },
      {
        "datetime": "2017-09-01T20:55:59Z",
        "uri": "https://web.archive.org/web/20170901205559/http://1650thefan.com/"
      },
      {
        "datetime": "2017-09-01T20:56:12Z",
        "uri": "https://wayback.archive-it.org/all/20170901205612/http://1650thefan.com/"
      },
      {
        "datetime": "2017-09-01T20:56:12Z",
        "uri": "https://web.archive.org/web/20170901205612/http://1650thefan.com/"
      },
      {
        "datetime": "2017-09-01T20:57:02Z",
        "uri": "https://wayback.archive-it.org/all/20170901205702/http://1650thefan.com/"
      },
      {
        "datetime": "2017-09-01T20:57:02Z",
        "uri": "https://web.archive.org/web/20170901205702/http://1650thefan.com/"
      },
      {
        "datetime": "2017-09-10T22:04:57Z",
        "uri": "https://web.archive.org/web/20170910220457/http://www.1650thefan.com/"
      },
      {
        "datetime": "2017-09-11T02:52:58Z",
        "uri": "https://web.archive.org/web/20170911025258/http://1650thefan.com/"
      },
      {
        "datetime": "2017-09-18T14:03:00Z",
        "uri": "https://web.archive.org/web/20170918140300/http://1650thefan.com/"
      },
      {
        "datetime": "2017-09-23T00:43:18Z",
        "uri": "https://web.archive.org/web/20170923004318/http://www.1650thefan.com:80/"
      },
      {
        "datetime": "2017-09-23T00:43:18Z",
        "uri": "https://web.archive.org/web/20170923004318/http://1650thefan.com:80/"
      },
      {
        "datetime": "2017-10-01T17:26:07Z",
        "uri": "https://wayback.archive-it.org/all/20171001172607/http://www.1650thefan.com/"
      },
      {
        "datetime": "2017-10-01T17:26:07Z",
        "uri": "https://web.archive.org/web/20171001172607/http://www.1650thefan.com/"
      },
      {
        "datetime": "2017-10-01T17:54:39Z",
        "uri": "https://wayback.archive-it.org/all/20171001175439/http://1650thefan.com/"
      },
      {
        "datetime": "2017-10-01T17:54:39Z",
        "uri": "https://web.archive.org/web/20171001175439/http://1650thefan.com/"
      },
      {
        "datetime": "2017-10-02T14:02:32Z",
        "uri": "https://wayback.archive-it.org/all/20171002140232/http://1650thefan.com/"
      },
      {
        "datetime": "2017-10-02T14:02:32Z",
        "uri": "https://web.archive.org/web/20171002140232/http://1650thefan.com/"
      },
      {
        "datetime": "2017-10-02T16:45:43Z",
        "uri": "https://wayback.archive-it.org/all/20171002164543/http://1650thefan.com/"
      },
      {
        "datetime": "2017-10-02T16:45:43Z",
        "uri": "https://web.archive.org/web/20171002164543/http://1650thefan.com/"
      },
      {
        "datetime": "2017-10-02T16:46:01Z",
        "uri": "https://wayback.archive-it.org/all/20171002164601/http://1650thefan.com/"
      },
      {
        "datetime": "2017-10-02T16:46:01Z",
        "uri": "https://web.archive.org/web/20171002164601/http://1650thefan.com/"
      },
      {
        "datetime": "2017-10-15T05:25:24Z",
        "uri": "https://web.archive.org/web/20171015052524/http://www.1650thefan.com/"
      },
      {
        "datetime": "2017-11-01T17:27:04Z",
        "uri": "https://wayback.archive-it.org/all/20171101172704/http://www.1650thefan.com/"
      },
      {
        "datetime": "2017-11-01T17:27:04Z",
        "uri": "https://web.archive.org/web/20171101172704/http://www.1650thefan.com/"
      },
      {
        "datetime": "2017-11-01T17:35:01Z",
        "uri": "https://wayback.archive-it.org/all/20171101173501/http://1650thefan.com/"
      },
      {
        "datetime": "2017-11-01T17:35:01Z",
        "uri": "https://web.archive.org/web/20171101173501/http://1650thefan.com/"
      },
      {
        "datetime": "2017-11-01T18:12:18Z",
        "uri": "https://wayback.archive-it.org/all/20171101181218/http://1650thefan.com/"
      },
      {
        "datetime": "2017-11-01T18:12:18Z",
        "uri": "https://web.archive.org/web/20171101181218/http://1650thefan.com/"
      },
      {
        "datetime": "2017-12-01T17:27:19Z",
        "uri": "https://wayback.archive-it.org/all/20171201172719/http://www.1650thefan.com/"
      },
      {
        "datetime": "2017-12-01T17:27:19Z",
        "uri": "https://web.archive.org/web/20171201172719/http://www.1650thefan.com/"
      },
      {
        "datetime": "2017-12-01T17:51:57Z",
        "uri": "https://wayback.archive-it.org/all/20171201175157/http://1650thefan.com/"
      },
      {
        "datetime": "2017-12-01T17:51:57Z",
        "uri": "https://web.archive.org/web/20171201175157/http://1650thefan.com/"
      },
      {
        "datetime": "2017-12-01T21:20:20Z",
        "uri": "https://wayback.archive-it.org/all/20171201212020/http://1650thefan.com/"
      },
      {
        "datetime": "2017-12-01T21:20:20Z",
        "uri": "https://web.archive.org/web/20171201212020/http://1650thefan.com/"
      },
      {
        "datetime": "2018-01-01T17:25:54Z",
        "uri": "https://wayback.archive-it.org/all/20180101172554/http://www.1650thefan.com/"
      },
      {
        "datetime": "2018-01-01T17:25:54Z",
        "uri": "https://web.archive.org/web/20180101172554/http://www.1650thefan.com/"
      },
      {
        "datetime": "2018-01-01T17:46:36Z",
        "uri": "https://wayback.archive-it.org/all/20180101174636/http://1650thefan.com/"
      },
      {
        "datetime": "2018-01-01T17:46:36Z",
        "uri": "https://web.archive.org/web/20180101174636/http://1650thefan.com/"
      },
      {
        "datetime": "2018-01-01T20:48:13Z",
        "uri": "https://wayback.archive-it.org/all/20180101204813/http://1650thefan.com/"
      },
      {
        "datetime": "2018-01-01T20:48:13Z",
        "uri": "https://web.archive.org/web/20180101204813/http://1650thefan.com/"
      },
      {
        "datetime": "2018-02-01T17:26:02Z",
        "uri": "https://wayback.archive-it.org/all/20180201172602/http://www.1650thefan.com/"
      },
      {
        "datetime": "2018-02-01T17:26:02Z",
        "uri": "https://web.archive.org/web/20180201172602/http://www.1650thefan.com/"
      },
      {
        "datetime": "2018-02-01T17:27:20Z",
        "uri": "https://wayback.archive-it.org/all/20180201172720/http://1650thefan.com/"
      },
      {
        "datetime": "2018-02-01T17:27:20Z",
        "uri": "https://web.archive.org/web/20180201172720/http://1650thefan.com/"
      },
      {
        "datetime": "2018-02-01T17:35:59Z",
        "uri": "https://wayback.archive-it.org/all/20180201173559/http://1650thefan.com/"
      },
      {
        "datetime": "2018-02-01T17:35:59Z",
        "uri": "https://web.archive.org/web/20180201173559/http://1650thefan.com/"
      },
      {
        "datetime": "2018-02-17T21:03:17Z",
        "uri": "https://web.archive.org/web/20180217210317/http://1650thefan.com/"
      },
      {
        "datetime": "2018-03-01T17:26:30Z",
        "uri": "https://wayback.archive-it.org/all/20180301172630/http://www.1650thefan.com/"
      },
      {
        "datetime": "2018-03-01T17:26:30Z",
        "uri": "https://web.archive.org/web/20180301172630/http://www.1650thefan.com/"
      },
      {
        "datetime": "2018-03-01T19:11:46Z",
        "uri": "https://wayback.archive-it.org/all/20180301191146/http://1650thefan.com/"
      },
      {
        "datetime": "2018-03-01T19:11:46Z",
        "uri": "https://web.archive.org/web/20180301191146/http://1650thefan.com/"
      },
      {
        "datetime": "2018-03-01T22:25:18Z",
        "uri": "https://wayback.archive-it.org/all/20180301222518/http://1650thefan.com/"
      },
      {
        "datetime": "2018-03-01T22:25:18Z",
        "uri": "https://web.archive.org/web/20180301222518/http://1650thefan.com/"
      },
      {
        "datetime": "2018-03-20T22:42:33Z",
        "uri": "https://web.archive.org/web/20180320224233/http://1650thefan.com/"
      },
      {
        "datetime": "2018-04-01T17:26:10Z",
        "uri": "https://wayback.archive-it.org/all/20180401172610/http://www.1650thefan.com/"
      },
      {
        "datetime": "2018-04-01T17:26:10Z",
        "uri": "https://web.archive.org/web/20180401172610/http://www.1650thefan.com/"
      },
      {
        "datetime": "2018-04-01T17:26:44Z",
        "uri": "https://wayback.archive-it.org/all/20180401172644/http://1650thefan.com/"
      },
      {
        "datetime": "2018-04-01T17:26:44Z",
        "uri": "https://web.archive.org/web/20180401172644/http://1650thefan.com/"
      },
      {
        "datetime": "2018-04-01T17:39:28Z",
        "uri": "https://wayback.archive-it.org/all/20180401173928/http://1650thefan.com/"
      },
      {
        "datetime": "2018-04-01T17:39:28Z",
        "uri": "https://web.archive.org/web/20180401173928/http://1650thefan.com/"
      },
      {
        "datetime": "2018-04-02T08:54:36Z",
        "uri": "https://web.archive.org/web/20180402085436/http://1650thefan.com:80/"
      },
      {
        "datetime": "2018-04-03T10:36:01Z",
        "uri": "https://web.archive.org/web/20180403103601/http://1650thefan.com:80/"
      },
      {
        "datetime": "2018-05-01T17:27:24Z",
        "uri": "https://wayback.archive-it.org/all/20180501172724/http://www.1650thefan.com/"
      },
      {
        "datetime": "2018-05-01T17:27:24Z",
        "uri": "https://web.archive.org/web/20180501172724/http://www.1650thefan.com/"
      },
      {
        "datetime": "2018-05-01T17:44:19Z",
        "uri": "https://wayback.archive-it.org/all/20180501174419/http://1650thefan.com/"
      },
      {
        "datetime": "2018-05-01T17:44:19Z",
        "uri": "https://web.archive.org/web/20180501174419/http://1650thefan.com/"
      },
      {
        "datetime": "2018-05-01T19:55:08Z",
        "uri": "https://wayback.archive-it.org/all/20180501195508/http://1650thefan.com/"
      },
      {
        "datetime": "2018-05-01T19:55:08Z",
        "uri": "https://web.archive.org/web/20180501195508/http://1650thefan.com/"
      },
      {
        "datetime": "2018-05-05T08:01:08Z",
        "uri": "https://web.archive.org/web/20180505080108/http://1650thefan.com:80/"
      },
      {
        "datetime": "2018-06-01T17:27:08Z",
        "uri": "https://wayback.archive-it.org/all/20180601172708/http://www.1650thefan.com/"
      },
      {
        "datetime": "2018-06-01T17:27:08Z",
        "uri": "https://web.archive.org/web/20180601172708/http://www.1650thefan.com/"
      },
      {
        "datetime": "2018-06-01T17:43:42Z",
        "uri": "https://wayback.archive-it.org/all/20180601174342/http://1650thefan.com/"
      },
      {
        "datetime": "2018-06-01T17:43:42Z",
        "uri": "https://web.archive.org/web/20180601174342/http://1650thefan.com/"
      },
      {
        "datetime": "2018-06-02T00:17:59Z",
        "uri": "https://wayback.archive-it.org/all/20180602001759/http://1650thefan.com/"
      },
      {
        "datetime": "2018-06-02T00:17:59Z",
        "uri": "https://web.archive.org/web/20180602001759/http://1650thefan.com/"
      },
      {
        "datetime": "2018-06-06T23:05:34Z",
        "uri": "https://web.archive.org/web/20180606230534/http://1650thefan.com:80/"
      },
      {
        "datetime": "2018-07-01T17:28:50Z",
        "uri": "https://wayback.archive-it.org/all/20180701172850/http://www.1650thefan.com/"
      },
      {
        "datetime": "2018-07-01T17:28:50Z",
        "uri": "https://web.archive.org/web/20180701172850/http://www.1650thefan.com/"
      },
      {
        "datetime": "2018-07-02T03:23:20Z",
        "uri": "https://wayback.archive-it.org/all/20180702032320/http://1650thefan.com/"
      },
      {
        "datetime": "2018-07-02T03:23:20Z",
        "uri": "https://web.archive.org/web/20180702032320/http://1650thefan.com/"
      },
      {
        "datetime": "2018-07-02T09:39:17Z",
        "uri": "https://wayback.archive-it.org/all/20180702093917/http://1650thefan.com/"
      },
      {
        "datetime": "2018-07-02T09:39:17Z",
        "uri": "https://web.archive.org/web/20180702093917/http://1650thefan.com/"
      },
      {
        "datetime": "2018-07-09T05:13:22Z",
        "uri": "https://web.archive.org/web/20180709051322/http://1650thefan.com:80/"
      },
      {
        "datetime": "2018-08-01T17:24:36Z",
        "uri": "https://wayback.archive-it.org/all/20180801172436/http://www.1650thefan.com/"
      },
      {
        "datetime": "2018-08-01T17:24:36Z",
        "uri": "https://web.archive.org/web/20180801172436/http://www.1650thefan.com/"
      },
      {
        "datetime": "2018-08-01T17:55:33Z",
        "uri": "https://wayback.archive-it.org/all/20180801175533/http://1650thefan.com/"
      },
      {
        "datetime": "2018-08-01T17:55:33Z",
        "uri": "https://web.archive.org/web/20180801175533/http://1650thefan.com/"
      },
      {
        "datetime": "2018-08-02T18:26:25Z",
        "uri": "https://wayback.archive-it.org/all/20180802182625/http://1650thefan.com/"
      },
      {
        "datetime": "2018-08-02T18:26:25Z",
        "uri": "https://web.archive.org/web/20180802182625/http://1650thefan.com/"
      },
      {
        "datetime": "2018-08-08T17:43:09Z",
        "uri": "https://web.archive.org/web/20180808174309/http://1650thefan.com/"
      },
      {
        "datetime": "2018-08-10T03:01:03Z",
        "uri": "https://web.archive.org/web/20180810030103/http://1650thefan.com:80/"
      },
      {
        "datetime": "2018-09-01T17:21:19Z",
        "uri": "https://wayback.archive-it.org/all/20180901172119/http://www.1650thefan.com/"
      },
      {
        "datetime": "2018-09-01T17:21:19Z",
        "uri": "https://web.archive.org/web/20180901172119/http://www.1650thefan.com/"
      },
      {
        "datetime": "2018-09-01T17:25:04Z",
        "uri": "https://wayback.archive-it.org/all/20180901172504/http://1650thefan.com/"
      },
      {
        "datetime": "2018-09-01T17:25:04Z",
        "uri": "https://web.archive.org/web/20180901172504/http://1650thefan.com/"
      },
      {
        "datetime": "2018-09-02T13:05:33Z",
        "uri": "https://wayback.archive-it.org/all/20180902130533/http://1650thefan.com/"
      },
      {
        "datetime": "2018-09-02T13:05:33Z",
        "uri": "https://web.archive.org/web/20180902130533/http://1650thefan.com/"
      },
      {
        "datetime": "2018-09-10T22:44:30Z",
        "uri": "https://web.archive.org/web/20180910224430/http://1650thefan.com:80/"
      },
      {
        "datetime": "2018-10-01T17:39:58Z",
        "uri": "https://wayback.archive-it.org/all/20181001173958/http://www.1650thefan.com/"
      },
      {
        "datetime": "2018-10-01T17:39:58Z",
        "uri": "https://web.archive.org/web/20181001173958/http://www.1650thefan.com/"
      },
      {
        "datetime": "2018-10-01T18:06:19Z",
        "uri": "https://wayback.archive-it.org/all/20181001180619/http://1650thefan.com/"
      },
      {
        "datetime": "2018-10-01T18:06:19Z",
        "uri": "https://web.archive.org/web/20181001180619/http://1650thefan.com/"
      },
      {
        "datetime": "2018-10-01T22:34:46Z",
        "uri": "https://wayback.archive-it.org/all/20181001223446/http://1650thefan.com/"
      },
      {
        "datetime": "2018-10-01T22:34:46Z",
        "uri": "https://web.archive.org/web/20181001223446/http://1650thefan.com/"
      },
      {
        "datetime": "2018-10-12T17:13:30Z",
        "uri": "https://web.archive.org/web/20181012171330/http://1650thefan.com:80/"
      },
      {
        "datetime": "2018-11-01T17:23:45Z",
        "uri": "https://wayback.archive-it.org/all/20181101172345/http://www.1650thefan.com/"
      },
      {
        "datetime": "2018-11-01T17:23:45Z",
        "uri": "https://web.archive.org/web/20181101172345/http://www.1650thefan.com/"
      },
      {
        "datetime": "2018-11-01T17:44:14Z",
        "uri": "https://wayback.archive-it.org/all/20181101174414/https://1650thefan.com/"
      },
      {
        "datetime": "2018-11-01T17:44:14Z",
        "uri": "https://web.archive.org/web/20181101174414/https://1650thefan.com/"
      },
      {
        "datetime": "2018-11-02T12:42:46Z",
        "uri": "https://wayback.archive-it.org/all/20181102124246/http://1650thefan.com/"
      },
      {
        "datetime": "2018-11-02T12:42:46Z",
        "uri": "https://web.archive.org/web/20181102124246/http://1650thefan.com/"
      },
      {
        "datetime": "2018-11-02T16:40:16Z",
        "uri": "https://wayback.archive-it.org/all/20181102164016/https://1650thefan.com/"
      },
      {
        "datetime": "2018-11-02T16:40:16Z",
        "uri": "https://web.archive.org/web/20181102164016/https://1650thefan.com/"
      },
      {
        "datetime": "2018-11-07T01:00:38Z",
        "uri": "https://web.archive.org/web/20181107010038/http://1650thefan.com:80/"
      },
      {
        "datetime": "2018-11-12T10:30:48Z",
        "uri": "https://web.archive.org/web/20181112103048/http://1650thefan.com/"
      },
      {
        "datetime": "2018-11-18T01:25:39Z",
        "uri": "https://web.archive.org/web/20181118012539/http://1650thefan.com:80/"
      },
      {
        "datetime": "2018-11-29T02:22:52Z",
        "uri": "https://web.archive.org/web/20181129022252/https://1650thefan.com/"
      },
      {
        "datetime": "2018-12-01T17:25:44Z",
        "uri": "https://wayback.archive-it.org/all/20181201172544/http://www.1650thefan.com/"
      },
      {
        "datetime": "2018-12-01T17:25:44Z",
        "uri": "https://web.archive.org/web/20181201172544/http://www.1650thefan.com/"
      },
      {
        "datetime": "2018-12-01T17:47:05Z",
        "uri": "https://wayback.archive-it.org/all/20181201174705/http://1650thefan.com/"
      },
      {
        "datetime": "2018-12-01T17:47:05Z",
        "uri": "https://web.archive.org/web/20181201174705/http://1650thefan.com/"
      },
      {
        "datetime": "2018-12-01T20:03:22Z",
        "uri": "https://wayback.archive-it.org/all/20181201200322/https://1650thefan.com/"
      },
      {
        "datetime": "2018-12-01T20:03:22Z",
        "uri": "https://web.archive.org/web/20181201200322/https://1650thefan.com/"
      },
      {
        "datetime": "2018-12-02T14:53:35Z",
        "uri": "https://wayback.archive-it.org/all/20181202145335/https://1650thefan.com/"
      },
      {
        "datetime": "2018-12-02T14:53:35Z",
        "uri": "https://web.archive.org/web/20181202145335/https://1650thefan.com/"
      },
      {
        "datetime": "2019-01-01T17:21:33Z",
        "uri": "https://wayback.archive-it.org/all/20190101172133/http://www.1650thefan.com/"
      },
      {
        "datetime": "2019-01-01T17:21:33Z",
        "uri": "https://web.archive.org/web/20190101172133/http://www.1650thefan.com/"
      },
      {
        "datetime": "2019-01-01T17:22:39Z",
        "uri": "https://wayback.archive-it.org/all/20190101172239/https://1650thefan.com/"
      },
      {
        "datetime": "2019-01-01T17:22:39Z",
        "uri": "https://web.archive.org/web/20190101172239/https://1650thefan.com/"
      },
      {
        "datetime": "2019-01-02T09:36:16Z",
        "uri": "https://wayback.archive-it.org/all/20190102093616/http://1650thefan.com/"
      },
      {
        "datetime": "2019-01-02T09:36:16Z",
        "uri": "https://web.archive.org/web/20190102093616/http://1650thefan.com/"
      },
      {
        "datetime": "2019-01-02T22:39:47Z",
        "uri": "https://wayback.archive-it.org/all/20190102223947/https://1650thefan.com/"
      },
      {
        "datetime": "2019-01-02T22:39:47Z",
        "uri": "https://web.archive.org/web/20190102223947/https://1650thefan.com/"
      },
      {
        "datetime": "2019-01-29T01:56:31Z",
        "uri": "https://web.archive.org/web/20190129015631/http://1650thefan.com:80/"
      },
      {
        "datetime": "2019-02-01T17:30:35Z",
        "uri": "https://wayback.archive-it.org/all/20190201173035/http://www.1650thefan.com/"
      },
      {
        "datetime": "2019-02-01T17:30:35Z",
        "uri": "https://web.archive.org/web/20190201173035/http://www.1650thefan.com/"
      },
      {
        "datetime": "2019-02-01T19:13:11Z",
        "uri": "https://wayback.archive-it.org/all/20190201191311/https://1650thefan.com/"
      },
      {
        "datetime": "2019-02-01T19:13:11Z",
        "uri": "https://web.archive.org/web/20190201191311/https://1650thefan.com/"
      },
      {
        "datetime": "2019-02-02T02:58:35Z",
        "uri": "https://wayback.archive-it.org/all/20190202025835/http://1650thefan.com/"
      },
      {
        "datetime": "2019-02-02T02:58:35Z",
        "uri": "https://web.archive.org/web/20190202025835/http://1650thefan.com/"
      },
      {
        "datetime": "2019-02-02T02:59:30Z",
        "uri": "https://wayback.archive-it.org/all/20190202025930/https://1650thefan.com/"
      },
      {
        "datetime": "2019-02-02T02:59:30Z",
        "uri": "https://web.archive.org/web/20190202025930/https://1650thefan.com/"
      },
      {
        "datetime": "2019-02-20T03:35:53Z",
        "uri": "https://web.archive.org/web/20190220033553/http://www.1650thefan.com/"
      },
      {
        "datetime": "2019-03-01T17:21:31Z",
        "uri": "https://wayback.archive-it.org/all/20190301172131/http://www.1650thefan.com/"
      },
      {
        "datetime": "2019-03-01T17:21:31Z",
        "uri": "https://web.archive.org/web/20190301172131/http://www.1650thefan.com/"
      },
      {
        "datetime": "2019-03-01T17:24:49Z",
        "uri": "https://wayback.archive-it.org/all/20190301172449/https://1650thefan.com/"
      },
      {
        "datetime": "2019-03-01T17:24:49Z",
        "uri": "https://web.archive.org/web/20190301172449/https://1650thefan.com/"
      },
      {
        "datetime": "2019-03-02T11:32:07Z",
        "uri": "https://wayback.archive-it.org/all/20190302113207/http://1650thefan.com/"
      },
      {
        "datetime": "2019-03-02T11:32:07Z",
        "uri": "https://web.archive.org/web/20190302113207/http://1650thefan.com/"
      },
      {
        "datetime": "2019-03-02T11:33:23Z",
        "uri": "https://wayback.archive-it.org/all/20190302113323/https://1650thefan.com/"
      },
      {
        "datetime": "2019-03-02T11:33:23Z",
        "uri": "https://web.archive.org/web/20190302113323/https://1650thefan.com/"
      },
      {
        "datetime": "2019-03-07T13:01:49Z",
        "uri": "https://web.archive.org/web/20190307130149/http://1650thefan.com:80/"
      },
      {
        "datetime": "2019-04-01T17:21:38Z",
        "uri": "https://wayback.archive-it.org/all/20190401172138/http://www.1650thefan.com/"
      },
      {
        "datetime": "2019-04-01T17:21:38Z",
        "uri": "https://web.archive.org/web/20190401172138/http://www.1650thefan.com/"
      },
      {
        "datetime": "2019-04-01T18:44:25Z",
        "uri": "https://wayback.archive-it.org/all/20190401184425/https://1650thefan.com/"
      },
      {
        "datetime": "2019-04-01T18:44:25Z",
        "uri": "https://web.archive.org/web/20190401184425/https://1650thefan.com/"
      },
      {
        "datetime": "2019-04-02T20:47:29Z",
        "uri": "https://wayback.archive-it.org/all/20190402204729/http://1650thefan.com/"
      },
      {
        "datetime": "2019-04-02T20:47:29Z",
        "uri": "https://web.archive.org/web/20190402204729/http://1650thefan.com/"
      },
      {
        "datetime": "2019-04-02T22:56:23Z",
        "uri": "https://wayback.archive-it.org/all/20190402225623/https://1650thefan.com/"
      },
      {
        "datetime": "2019-04-02T22:56:23Z",
        "uri": "https://web.archive.org/web/20190402225623/https://1650thefan.com/"
      },
      {
        "datetime": "2019-04-09T05:56:07Z",
        "uri": "https://web.archive.org/web/20190409055607/http://1650thefan.com:80/"
      },
      {
        "datetime": "2019-05-01T17:32:19Z",
        "uri": "https://wayback.archive-it.org/all/20190501173219/http://www.1650thefan.com/"
      },
      {
        "datetime": "2019-05-01T17:32:19Z",
        "uri": "https://web.archive.org/web/20190501173219/http://www.1650thefan.com/"
      },
      {
        "datetime": "2019-05-01T18:42:57Z",
        "uri": "https://wayback.archive-it.org/all/20190501184257/https://1650thefan.com/"
      },
      {
        "datetime": "2019-05-01T18:42:57Z",
        "uri": "https://web.archive.org/web/20190501184257/https://1650thefan.com/"
      },
      {
        "datetime": "2019-05-02T07:26:59Z",
        "uri": "https://wayback.archive-it.org/all/20190502072659/http://1650thefan.com/"
      },
      {
        "datetime": "2019-05-02T07:26:59Z",
        "uri": "https://web.archive.org/web/20190502072659/http://1650thefan.com/"
      },
      {
        "datetime": "2019-05-02T15:23:54Z",
        "uri": "https://wayback.archive-it.org/all/20190502152354/https://1650thefan.com/"
      },
      {
        "datetime": "2019-05-02T15:23:54Z",
        "uri": "https://web.archive.org/web/20190502152354/https://1650thefan.com/"
      },
      {
        "datetime": "2019-05-03T15:13:23Z",
        "uri": "https://web.archive.org/web/20190503151323/http://1650thefan.com:80/"
      },
      {
        "datetime": "2019-05-12T22:51:44Z",
        "uri": "https://web.archive.org/web/20190512225144/https://www.1650thefan.com/"
      },
      {
        "datetime": "2019-05-12T22:51:58Z",
        "uri": "https://web.archive.org/web/20190512225158/https://1650thefan.com/"
      },
      {
        "datetime": "2019-05-14T15:58:17Z",
        "uri": "https://web.archive.org/web/20190514155817/http://1650thefan.com:80/"
      },
      {
        "datetime": "2019-06-01T17:23:08Z",
        "uri": "https://wayback.archive-it.org/all/20190601172308/http://www.1650thefan.com/"
      },
      {
        "datetime": "2019-06-01T17:23:08Z",
        "uri": "https://web.archive.org/web/20190601172308/http://www.1650thefan.com/"
      },
      {
        "datetime": "2019-06-01T17:43:23Z",
        "uri": "https://wayback.archive-it.org/all/20190601174323/http://1650thefan.com/"
      },
      {
        "datetime": "2019-06-01T17:43:23Z",
        "uri": "https://web.archive.org/web/20190601174323/http://1650thefan.com/"
      },
      {
        "datetime": "2019-06-01T17:43:26Z",
        "uri": "https://wayback.archive-it.org/all/20190601174326/https://1650thefan.com/"
      },
      {
        "datetime": "2019-06-01T17:43:26Z",
        "uri": "https://web.archive.org/web/20190601174326/https://1650thefan.com/"
      },
      {
        "datetime": "2019-06-01T20:42:35Z",
        "uri": "https://wayback.archive-it.org/all/20190601204235/https://1650thefan.com/"
      },
      {
        "datetime": "2019-06-01T20:42:35Z",
        "uri": "https://web.archive.org/web/20190601204235/https://1650thefan.com/"
      },
      {
        "datetime": "2019-06-04T07:02:44Z",
        "uri": "https://web.archive.org/web/20190604070244/http://1650thefan.com/"
      },
      {
        "datetime": "2019-06-04T08:26:01Z",
        "uri": "https://web.archive.org/web/20190604082601/http://1650thefan.com/"
      },
      {
        "datetime": "2019-06-11T07:55:20Z",
        "uri": "https://web.archive.org/web/20190611075520/http://1650thefan.com/"
      },
      {
        "datetime": "2019-06-17T11:48:01Z",
        "uri": "https://web.archive.org/web/20190617114801/http://1650thefan.com:80/"
      },
      {
        "datetime": "2019-07-01T17:21:44Z",
        "uri": "https://wayback.archive-it.org/all/20190701172144/http://www.1650thefan.com/"
      },
      {
        "datetime": "2019-07-01T17:21:44Z",
        "uri": "https://web.archive.org/web/20190701172144/http://www.1650thefan.com/"
      },
      {
        "datetime": "2019-07-01T17:28:11Z",
        "uri": "https://wayback.archive-it.org/all/20190701172811/http://1650thefan.com/"
      },
      {
        "datetime": "2019-07-01T17:28:11Z",
        "uri": "https://web.archive.org/web/20190701172811/http://1650thefan.com/"
      },
      {
        "datetime": "2019-07-01T18:04:55Z",
        "uri": "https://wayback.archive-it.org/all/20190701180455/https://1650thefan.com/"
      },
      {
        "datetime": "2019-07-01T18:04:55Z",
        "uri": "https://web.archive.org/web/20190701180455/https://1650thefan.com/"
      },
      {
        "datetime": "2019-07-01T18:04:58Z",
        "uri": "https://wayback.archive-it.org/all/20190701180458/https://1650thefan.com/"
      },
      {
        "datetime": "2019-07-01T18:04:58Z",
        "uri": "https://web.archive.org/web/20190701180458/https://1650thefan.com/"
      },
      {
        "datetime": "2019-08-01T17:23:17Z",
        "uri": "https://wayback.archive-it.org/all/20190801172317/http://www.1650thefan.com/"
      },
      {
        "datetime": "2019-08-01T17:23:17Z",
        "uri": "https://web.archive.org/web/20190801172317/http://www.1650thefan.com/"
      },
      {
        "datetime": "2019-08-01T17:28:01Z",
        "uri": "https://wayback.archive-it.org/all/20190801172801/http://1650thefan.com/"
      },
      {
        "datetime": "2019-08-01T17:28:01Z",
        "uri": "https://web.archive.org/web/20190801172801/http://1650thefan.com/"
      },
      {
        "datetime": "2019-08-01T17:59:30Z",
        "uri": "https://wayback.archive-it.org/all/20190801175930/https://1650thefan.com/"
      },
      {
        "datetime": "2019-08-01T17:59:30Z",
        "uri": "https://web.archive.org/web/20190801175930/https://1650thefan.com/"
      },
      {
        "datetime": "2019-08-01T17:59:34Z",
        "uri": "https://wayback.archive-it.org/all/20190801175934/https://1650thefan.com/"
      },
      {
        "datetime": "2019-08-01T17:59:34Z",
        "uri": "https://web.archive.org/web/20190801175934/https://1650thefan.com/"
      },
      {
        "datetime": "2019-08-12T08:30:27Z",
        "uri": "https://web.archive.org/web/20190812083027/http://1650thefan.com:80/"
      },
      {
        "datetime": "2019-09-04T00:00:44Z",
        "uri": "https://wayback.archive-it.org/all/20190904000044/http://www.1650thefan.com/"
      },
      {
        "datetime": "2019-09-04T00:00:44Z",
        "uri": "https://web.archive.org/web/20190904000044/http://www.1650thefan.com/"
      },
      {
        "datetime": "2019-09-04T00:32:03Z",
        "uri": "https://wayback.archive-it.org/all/20190904003203/https://1650thefan.com/"
      },
      {
        "datetime": "2019-09-04T00:32:03Z",
        "uri": "https://web.archive.org/web/20190904003203/https://1650thefan.com/"
      },
      {
        "datetime": "2019-09-04T00:32:08Z",
        "uri": "https://wayback.archive-it.org/all/20190904003208/http://1650thefan.com/"
      },
      {
        "datetime": "2019-09-04T00:32:08Z",
        "uri": "https://web.archive.org/web/20190904003208/http://1650thefan.com/"
      },
      {
        "datetime": "2019-09-04T00:32:11Z",
        "uri": "https://wayback.archive-it.org/all/20190904003211/https://1650thefan.com/"
      },
      {
        "datetime": "2019-09-04T00:32:11Z",
        "uri": "https://web.archive.org/web/20190904003211/https://1650thefan.com/"
      },
      {
        "datetime": "2019-09-15T03:07:48Z",
        "uri": "https://web.archive.org/web/20190915030748/http://1650thefan.com:80/"
      },
      {
        "datetime": "2019-10-02T20:47:36Z",
        "uri": "https://wayback.archive-it.org/all/20191002204736/http://www.1650thefan.com/"
      },
      {
        "datetime": "2019-10-02T20:47:36Z",
        "uri": "https://web.archive.org/web/20191002204736/http://www.1650thefan.com/"
      },
      {
        "datetime": "2019-10-02T20:59:57Z",
        "uri": "https://wayback.archive-it.org/all/20191002205957/http://1650thefan.com/"
      },
      {
        "datetime": "2019-10-02T20:59:57Z",
        "uri": "https://web.archive.org/web/20191002205957/http://1650thefan.com/"
      },
      {
        "datetime": "2019-10-02T21:00:01Z",
        "uri": "https://wayback.archive-it.org/all/20191002210001/https://1650thefan.com/"
      },
      {
        "datetime": "2019-10-02T21:00:01Z",
        "uri": "https://web.archive.org/web/20191002210001/https://1650thefan.com/"
      },
      {
        "datetime": "2019-10-03T00:54:07Z",
        "uri": "https://wayback.archive-it.org/all/20191003005407/https://1650thefan.com/"
      },
      {
        "datetime": "2019-10-03T00:54:07Z",
        "uri": "https://web.archive.org/web/20191003005407/https://1650thefan.com/"
      },
      {
        "datetime": "2019-11-01T16:00:33Z",
        "uri": "https://wayback.archive-it.org/all/20191101160033/http://www.1650thefan.com/"
      },
      {
        "datetime": "2019-11-01T16:00:33Z",
        "uri": "https://web.archive.org/web/20191101160033/http://www.1650thefan.com/"
      },
      {
        "datetime": "2019-11-01T16:01:44Z",
        "uri": "https://wayback.archive-it.org/all/20191101160144/https://1650thefan.com/"
      },
      {
        "datetime": "2019-11-01T16:01:44Z",
        "uri": "https://web.archive.org/web/20191101160144/https://1650thefan.com/"
      },
      {
        "datetime": "2019-11-01T16:03:28Z",
        "uri": "https://wayback.archive-it.org/all/20191101160328/http://1650thefan.com/"
      },
      {
        "datetime": "2019-11-01T16:03:28Z",
        "uri": "https://web.archive.org/web/20191101160328/http://1650thefan.com/"
      },
      {
        "datetime": "2019-11-01T16:09:04Z",
        "uri": "https://wayback.archive-it.org/all/20191101160904/https://1650thefan.com/"
      },
      {
        "datetime": "2019-11-01T16:09:04Z",
        "uri": "https://web.archive.org/web/20191101160904/https://1650thefan.com/"
      },
      {
        "datetime": "2019-12-01T16:01:30Z",
        "uri": "https://wayback.archive-it.org/all/20191201160130/http://www.1650thefan.com/"
      },
      {
        "datetime": "2019-12-01T16:01:30Z",
        "uri": "https://web.archive.org/web/20191201160130/http://www.1650thefan.com/"
      },
      {
        "datetime": "2019-12-01T17:23:51Z",
        "uri": "https://wayback.archive-it.org/all/20191201172351/https://1650thefan.com/"
      },
      {
        "datetime": "2019-12-01T17:23:51Z",
        "uri": "https://web.archive.org/web/20191201172351/https://1650thefan.com/"
      },
      {
        "datetime": "2019-12-01T17:23:53Z",
        "uri": "https://wayback.archive-it.org/all/20191201172353/http://1650thefan.com/"
      },
      {
        "datetime": "2019-12-01T17:23:53Z",
        "uri": "https://web.archive.org/web/20191201172353/http://1650thefan.com/"
      },
      {
        "datetime": "2019-12-01T19:22:20Z",
        "uri": "https://wayback.archive-it.org/all/20191201192220/https://1650thefan.com/"
      },
      {
        "datetime": "2019-12-01T19:22:20Z",
        "uri": "https://web.archive.org/web/20191201192220/https://1650thefan.com/"
      },
      {
        "datetime": "2019-12-07T00:02:58Z",
        "uri": "https://web.archive.org/web/20191207000258/http://1650thefan.com/"
      },
      {
        "datetime": "2020-01-01T16:00:32Z",
        "uri": "https://wayback.archive-it.org/all/20200101160032/http://www.1650thefan.com/"
      },
      {
        "datetime": "2020-01-01T16:00:32Z",
        "uri": "https://web.archive.org/web/20200101160032/http://www.1650thefan.com/"
      },
      {
        "datetime": "2020-01-01T16:02:11Z",
        "uri": "https://wayback.archive-it.org/all/20200101160211/https://1650thefan.com/"
      },
      {
        "datetime": "2020-01-01T16:02:11Z",
        "uri": "https://web.archive.org/web/20200101160211/https://1650thefan.com/"
      },
      {
        "datetime": "2020-01-02T08:32:19Z",
        "uri": "https://wayback.archive-it.org/all/20200102083219/http://1650thefan.com/"
      },
      {
        "datetime": "2020-01-02T08:32:19Z",
        "uri": "https://web.archive.org/web/20200102083219/http://1650thefan.com/"
      },
      {
        "datetime": "2020-01-02T13:21:17Z",
        "uri": "https://wayback.archive-it.org/all/20200102132117/https://1650thefan.com/"
      },
      {
        "datetime": "2020-01-02T13:21:17Z",
        "uri": "https://web.archive.org/web/20200102132117/https://1650thefan.com/"
      },
      {
        "datetime": "2020-02-01T16:08:54Z",
        "uri": "https://wayback.archive-it.org/all/20200201160854/http://www.1650thefan.com/"
      },
      {
        "datetime": "2020-02-01T16:08:54Z",
        "uri": "https://web.archive.org/web/20200201160854/http://www.1650thefan.com/"
      },
      {
        "datetime": "2020-02-01T18:04:56Z",
        "uri": "https://wayback.archive-it.org/all/20200201180456/https://1650thefan.com/"
      },
      {
        "datetime": "2020-02-01T18:04:56Z",
        "uri": "https://web.archive.org/web/20200201180456/https://1650thefan.com/"
      },
      {
        "datetime": "2020-02-04T15:06:52Z",
        "uri": "https://wayback.archive-it.org/all/20200204150652/http://1650thefan.com/"
      },
      {
        "datetime": "2020-02-04T15:06:52Z",
        "uri": "https://web.archive.org/web/20200204150652/http://1650thefan.com/"
      },
      {
        "datetime": "2020-03-01T16:02:13Z",
        "uri": "https://wayback.archive-it.org/all/20200301160213/http://www.1650thefan.com/"
      },
      {
        "datetime": "2020-03-01T16:02:13Z",
        "uri": "https://web.archive.org/web/20200301160213/http://www.1650thefan.com/"
      },
      {
        "datetime": "2020-03-01T16:30:42Z",
        "uri": "https://wayback.archive-it.org/all/20200301163042/https://1650thefan.com/"
      },
      {
        "datetime": "2020-03-01T16:30:42Z",
        "uri": "https://web.archive.org/web/20200301163042/https://1650thefan.com/"
      },
      {
        "datetime": "2020-03-03T06:35:51Z",
        "uri": "https://wayback.archive-it.org/all/20200303063551/http://1650thefan.com/"
      },
      {
        "datetime": "2020-03-03T06:35:51Z",
        "uri": "https://web.archive.org/web/20200303063551/http://1650thefan.com/"
      },
      {
        "datetime": "2020-03-04T05:16:22Z",
        "uri": "https://wayback.archive-it.org/all/20200304051622/https://1650thefan.com/"
      },
      {
        "datetime": "2020-03-04T05:16:22Z",
        "uri": "https://web.archive.org/web/20200304051622/https://1650thefan.com/"
      },
      {
        "datetime": "2020-04-01T18:35:05Z",
        "uri": "https://wayback.archive-it.org/all/20200401183505/http://www.1650thefan.com/"
      },
      {
        "datetime": "2020-04-01T18:35:05Z",
        "uri": "https://web.archive.org/web/20200401183505/http://www.1650thefan.com/"
      },
      {
        "datetime": "2020-04-01T21:40:18Z",
        "uri": "https://wayback.archive-it.org/all/20200401214018/https://1650thefan.com/"
      },
      {
        "datetime": "2020-04-01T21:40:18Z",
        "uri": "https://web.archive.org/web/20200401214018/https://1650thefan.com/"
      },
      {
        "datetime": "2020-04-29T21:27:13Z",
        "uri": "https://web.archive.org/web/20200429212713/https://1650thefan.com/"
      },
      {
        "datetime": "2020-05-01T16:52:53Z",
        "uri": "https://wayback.archive-it.org/all/20200501165253/http://www.1650thefan.com/"
      },
      {
        "datetime": "2020-05-01T16:52:53Z",
        "uri": "https://web.archive.org/web/20200501165253/http://www.1650thefan.com/"
      },
      {
        "datetime": "2020-05-01T17:55:49Z",
        "uri": "https://wayback.archive-it.org/all/20200501175549/https://1650thefan.com/"
      },
      {
        "datetime": "2020-05-01T17:55:49Z",
        "uri": "https://web.archive.org/web/20200501175549/https://1650thefan.com/"
      },
      {
        "datetime": "2020-05-02T12:15:51Z",
        "uri": "https://wayback.archive-it.org/all/20200502121551/http://1650thefan.com/"
      },
      {
        "datetime": "2020-05-02T12:15:51Z",
        "uri": "https://web.archive.org/web/20200502121551/http://1650thefan.com/"
      },
      {
        "datetime": "2020-05-02T14:40:56Z",
        "uri": "https://web.archive.org/web/20200502144056/https://1650thefan.com/"
      },
      {
        "datetime": "2020-05-03T08:27:38Z",
        "uri": "https://wayback.archive-it.org/all/20200503082738/https://1650thefan.com/"
      },
      {
        "datetime": "2020-05-03T08:27:38Z",
        "uri": "https://web.archive.org/web/20200503082738/https://1650thefan.com/"
      },
      {
        "datetime": "2020-05-13T03:49:12Z",
        "uri": "https://web.archive.org/web/20200513034912/https://1650thefan.com/"
      },
      {
        "datetime": "2020-05-14T11:09:21Z",
        "uri": "https://web.archive.org/web/20200514110921/http://1650thefan.com/"
      },
      {
        "datetime": "2020-06-01T16:02:03Z",
        "uri": "https://wayback.archive-it.org/all/20200601160203/http://www.1650thefan.com/"
      },
      {
        "datetime": "2020-06-01T16:02:03Z",
        "uri": "https://web.archive.org/web/20200601160203/http://www.1650thefan.com/"
      },
      {
        "datetime": "2020-06-01T16:31:17Z",
        "uri": "https://wayback.archive-it.org/all/20200601163117/https://1650thefan.com/"
      },
      {
        "datetime": "2020-06-01T16:31:17Z",
        "uri": "https://web.archive.org/web/20200601163117/https://1650thefan.com/"
      },
      {
        "datetime": "2020-06-03T22:59:58Z",
        "uri": "https://wayback.archive-it.org/all/20200603225958/http://1650thefan.com/"
      },
      {
        "datetime": "2020-06-03T22:59:58Z",
        "uri": "https://web.archive.org/web/20200603225958/http://1650thefan.com/"
      },
      {
        "datetime": "2020-07-01T17:39:43Z",
        "uri": "https://wayback.archive-it.org/all/20200701173943/http://www.1650thefan.com/"
      },
      {
        "datetime": "2020-07-01T17:39:43Z",
        "uri": "https://web.archive.org/web/20200701173943/http://www.1650thefan.com/"
      },
      {
        "datetime": "2020-07-01T21:38:54Z",
        "uri": "https://wayback.archive-it.org/all/20200701213854/https://1650thefan.com/"
      },
      {
        "datetime": "2020-07-01T21:38:54Z",
        "uri": "https://web.archive.org/web/20200701213854/https://1650thefan.com/"
      },
      {
        "datetime": "2020-07-04T09:13:48Z",
        "uri": "https://wayback.archive-it.org/all/20200704091348/http://1650thefan.com/"
      },
      {
        "datetime": "2020-07-04T09:13:48Z",
        "uri": "https://web.archive.org/web/20200704091348/http://1650thefan.com/"
      },
      {
        "datetime": "2020-07-04T09:16:37Z",
        "uri": "https://wayback.archive-it.org/all/20200704091637/https://1650thefan.com/"
      },
      {
        "datetime": "2020-07-04T09:16:37Z",
        "uri": "https://web.archive.org/web/20200704091637/https://1650thefan.com/"
      },
      {
        "datetime": "2020-08-01T16:05:59Z",
        "uri": "https://wayback.archive-it.org/all/20200801160559/http://www.1650thefan.com/"
      },
      {
        "datetime": "2020-08-01T16:05:59Z",
        "uri": "https://web.archive.org/web/20200801160559/http://www.1650thefan.com/"
      },
      {
        "datetime": "2020-08-01T16:41:58Z",
        "uri": "https://wayback.archive-it.org/all/20200801164158/https://1650thefan.com/"
      },
      {
        "datetime": "2020-08-01T16:41:58Z",
        "uri": "https://web.archive.org/web/20200801164158/https://1650thefan.com/"
      },
      {
        "datetime": "2020-08-03T08:04:34Z",
        "uri": "https://wayback.archive-it.org/all/20200803080434/http://1650thefan.com/"
      },
      {
        "datetime": "2020-08-03T08:04:34Z",
        "uri": "https://web.archive.org/web/20200803080434/http://1650thefan.com/"
      },
      {
        "datetime": "2020-08-04T12:41:00Z",
        "uri": "https://wayback.archive-it.org/all/20200804124100/https://1650thefan.com/"
      },
      {
        "datetime": "2020-08-04T12:41:00Z",
        "uri": "https://web.archive.org/web/20200804124100/https://1650thefan.com/"
      },
      {
        "datetime": "2020-08-04T23:06:20Z",
        "uri": "https://web.archive.org/web/20200804230620/https://1650thefan.com/"
      },
      {
        "datetime": "2020-08-05T01:38:41Z",
        "uri": "https://web.archive.org/web/20200805013841/https://1650thefan.com/"
      },
      {
        "datetime": "2020-08-12T07:19:48Z",
        "uri": "https://web.archive.org/web/20200812071948/https://1650thefan.com/"
      },
      {
        "datetime": "2020-09-01T16:30:04Z",
        "uri": "https://wayback.archive-it.org/all/20200901163004/http://www.1650thefan.com/"
      },
      {
        "datetime": "2020-09-01T16:30:04Z",
        "uri": "https://web.archive.org/web/20200901163004/http://www.1650thefan.com/"
      },
      {
        "datetime": "2020-09-02T02:21:52Z",
        "uri": "https://wayback.archive-it.org/all/20200902022152/https://1650thefan.com/"
      },
      {
        "datetime": "2020-09-02T02:21:52Z",
        "uri": "https://web.archive.org/web/20200902022152/https://1650thefan.com/"
      },
      {
        "datetime": "2020-09-23T13:53:55Z",
        "uri": "https://web.archive.org/web/20200923135355/https://1650thefan.com/"
      },
      {
        "datetime": "2020-10-01T16:17:44Z",
        "uri": "https://wayback.archive-it.org/all/20201001161744/http://www.1650thefan.com/"
      },
      {
        "datetime": "2020-10-01T16:17:44Z",
        "uri": "https://web.archive.org/web/20201001161744/http://www.1650thefan.com/"
      },
      {
        "datetime": "2020-10-01T18:12:32Z",
        "uri": "https://wayback.archive-it.org/all/20201001181232/http://1650thefan.com/"
      },
      {
        "datetime": "2020-10-01T18:12:32Z",
        "uri": "https://web.archive.org/web/20201001181232/http://1650thefan.com/"
      },
      {
        "datetime": "2020-10-02T06:32:13Z",
        "uri": "https://wayback.archive-it.org/all/20201002063213/https://1650thefan.com/"
      },
      {
        "datetime": "2020-10-02T06:32:13Z",
        "uri": "https://web.archive.org/web/20201002063213/https://1650thefan.com/"
      },
      {
        "datetime": "2020-10-24T04:06:56Z",
        "uri": "https://web.archive.org/web/20201024040656/https://1650thefan.com/"
      },
      {
        "datetime": "2020-10-29T01:55:07Z",
        "uri": "https://web.archive.org/web/20201029015507/https://1650thefan.com/"
      },
      {
        "datetime": "2020-11-01T01:45:42Z",
        "uri": "https://web.archive.org/web/20201101014542/http://1650thefan.com/"
      },
      {
        "datetime": "2020-11-01T03:29:44Z",
        "uri": "https://web.archive.org/web/20201101032944/https://1650thefan.com/"
      },
      {
        "datetime": "2020-11-01T04:25:45Z",
        "uri": "https://web.archive.org/web/20201101042545/http://1650thefan.com/"
      },
      {
        "datetime": "2020-11-01T16:44:57Z",
        "uri": "https://wayback.archive-it.org/all/20201101164457/http://www.1650thefan.com/"
      },
      {
        "datetime": "2020-11-01T16:44:57Z",
        "uri": "https://web.archive.org/web/20201101164457/http://www.1650thefan.com/"
      },
      {
        "datetime": "2020-11-02T01:55:44Z",
        "uri": "https://wayback.archive-it.org/all/20201102015544/http://1650thefan.com/"
      },
      {
        "datetime": "2020-11-02T01:55:44Z",
        "uri": "https://web.archive.org/web/20201102015544/http://1650thefan.com/"
      },
      {
        "datetime": "2020-11-03T20:53:54Z",
        "uri": "https://wayback.archive-it.org/all/20201103205354/http://1650thefan.com/"
      },
      {
        "datetime": "2020-11-03T20:53:54Z",
        "uri": "https://web.archive.org/web/20201103205354/http://1650thefan.com/"
      },
      {
        "datetime": "2020-11-26T13:14:43Z",
        "uri": "https://web.archive.org/web/20201126131443/https://1650thefan.com/"
      },
      {
        "datetime": "2020-11-28T11:33:06Z",
        "uri": "https://web.archive.org/web/20201128113306/https://1650thefan.com/"
      },
      {
        "datetime": "2020-12-01T16:13:02Z",
        "uri": "https://wayback.archive-it.org/all/20201201161302/http://www.1650thefan.com/"
      },
      {
        "datetime": "2020-12-01T16:13:02Z",
        "uri": "https://web.archive.org/web/20201201161302/http://www.1650thefan.com/"
      },
      {
        "datetime": "2020-12-01T19:10:06Z",
        "uri": "https://wayback.archive-it.org/all/20201201191006/https://1650thefan.com/"
      },
      {
        "datetime": "2020-12-01T19:10:06Z",
        "uri": "https://web.archive.org/web/20201201191006/https://1650thefan.com/"
      },
      {
        "datetime": "2020-12-04T10:06:48Z",
        "uri": "https://wayback.archive-it.org/all/20201204100648/https://1650thefan.com/"
      },
      {
        "datetime": "2020-12-04T10:06:48Z",
        "uri": "https://web.archive.org/web/20201204100648/https://1650thefan.com/"
      },
      {
        "datetime": "2021-01-01T16:52:06Z",
        "uri": "https://wayback.archive-it.org/all/20210101165206/http://www.1650thefan.com/"
      },
      {
        "datetime": "2021-01-01T16:52:06Z",
        "uri": "https://web.archive.org/web/20210101165206/http://www.1650thefan.com/"
      },
      {
        "datetime": "2021-01-01T19:25:12Z",
        "uri": "https://wayback.archive-it.org/all/20210101192512/https://www.1650thefan.com/"
      },
      {
        "datetime": "2021-01-01T19:25:12Z",
        "uri": "https://web.archive.org/web/20210101192512/https://www.1650thefan.com/"
      },
      {
        "datetime": "2021-01-01T19:26:28Z",
        "uri": "https://wayback.archive-it.org/all/20210101192628/https://1650thefan.com/"
      },
      {
        "datetime": "2021-01-01T19:26:28Z",
        "uri": "https://web.archive.org/web/20210101192628/https://1650thefan.com/"
      },
      {
        "datetime": "2021-01-03T10:54:27Z",
        "uri": "https://wayback.archive-it.org/all/20210103105427/https://1650thefan.com/"
      },
      {
        "datetime": "2021-01-03T10:54:27Z",
        "uri": "https://web.archive.org/web/20210103105427/https://1650thefan.com/"
      },
      {
        "datetime": "2021-01-25T01:59:28Z",
        "uri": "https://web.archive.org/web/20210125015928/http://www.1650thefan.com/"
      },
      {
        "datetime": "2021-01-25T01:59:29Z",
        "uri": "https://web.archive.org/web/20210125015929/https://1650thefan.com/"
      },
      {
        "datetime": "2021-01-26T20:55:03Z",
        "uri": "https://web.archive.org/web/20210126205503/https://1650thefan.com/"
      },
      {
        "datetime": "2021-02-01T16:03:13Z",
        "uri": "https://wayback.archive-it.org/all/20210201160313/http://www.1650thefan.com/"
      },
      {
        "datetime": "2021-02-01T16:03:13Z",
        "uri": "https://web.archive.org/web/20210201160313/http://www.1650thefan.com/"
      },
      {
        "datetime": "2021-02-01T16:54:09Z",
        "uri": "https://wayback.archive-it.org/all/20210201165409/https://www.1650thefan.com/"
      },
      {
        "datetime": "2021-02-01T16:54:09Z",
        "uri": "https://web.archive.org/web/20210201165409/https://www.1650thefan.com/"
      },
      {
        "datetime": "2021-02-02T13:26:40Z",
        "uri": "https://wayback.archive-it.org/all/20210202132640/https://1650thefan.com/"
      },
      {
        "datetime": "2021-02-02T13:26:40Z",
        "uri": "https://web.archive.org/web/20210202132640/https://1650thefan.com/"
      },
      {
        "datetime": "2021-02-03T07:47:09Z",
        "uri": "https://wayback.archive-it.org/all/20210203074709/https://1650thefan.com/"
      },
      {
        "datetime": "2021-02-03T07:47:09Z",
        "uri": "https://web.archive.org/web/20210203074709/https://1650thefan.com/"
      },
      {
        "datetime": "2021-02-05T15:38:54Z",
        "uri": "https://web.archive.org/web/20210205153854/https://1650thefan.com/"
      },
      {
        "datetime": "2021-02-23T05:38:22Z",
        "uri": "https://web.archive.org/web/20210223053822/http://www.1650thefan.com/"
      },
      {
        "datetime": "2021-02-23T05:38:23Z",
        "uri": "https://web.archive.org/web/20210223053823/https://www.1650thefan.com/"
      },
      {
        "datetime": "2021-02-23T05:38:24Z",
        "uri": "https://web.archive.org/web/20210223053824/https://1650thefan.com/"
      },
      {
        "datetime": "2021-02-25T22:50:08Z",
        "uri": "https://web.archive.org/web/20210225225008/https://1650thefan.com/"
      },
      {
        "datetime": "2021-03-01T16:16:54Z",
        "uri": "https://wayback.archive-it.org/all/20210301161654/http://www.1650thefan.com/"
      },
      {
        "datetime": "2021-03-01T16:16:54Z",
        "uri": "https://web.archive.org/web/20210301161654/http://www.1650thefan.com/"
      },
      {
        "datetime": "2021-03-01T17:01:43Z",
        "uri": "https://wayback.archive-it.org/all/20210301170143/https://www.1650thefan.com/"
      },
      {
        "datetime": "2021-03-01T17:01:43Z",
        "uri": "https://web.archive.org/web/20210301170143/https://www.1650thefan.com/"
      },
      {
        "datetime": "2021-03-01T21:02:43Z",
        "uri": "https://wayback.archive-it.org/all/20210301210243/https://1650thefan.com/"
      },
      {
        "datetime": "2021-03-01T21:02:43Z",
        "uri": "https://web.archive.org/web/20210301210243/https://1650thefan.com/"
      },
      {
        "datetime": "2021-04-01T16:04:09Z",
        "uri": "https://wayback.archive-it.org/all/20210401160409/http://www.1650thefan.com/"
      },
      {
        "datetime": "2021-04-01T16:04:09Z",
        "uri": "https://web.archive.org/web/20210401160409/http://www.1650thefan.com/"
      },
      {
        "datetime": "2021-04-01T16:04:11Z",
        "uri": "https://wayback.archive-it.org/all/20210401160411/https://www.1650thefan.com/"
      },
      {
        "datetime": "2021-04-01T16:04:11Z",
        "uri": "https://web.archive.org/web/20210401160411/https://www.1650thefan.com/"
      },
      {
        "datetime": "2021-04-01T21:10:22Z",
        "uri": "https://wayback.archive-it.org/all/20210401211022/https://1650thefan.com/"
      },
      {
        "datetime": "2021-04-01T21:10:22Z",
        "uri": "https://web.archive.org/web/20210401211022/https://1650thefan.com/"
      },
      {
        "datetime": "2021-04-02T23:55:47Z",
        "uri": "https://wayback.archive-it.org/all/20210402235547/https://1650thefan.com/"
      },
      {
        "datetime": "2021-04-02T23:55:47Z",
        "uri": "https://web.archive.org/web/20210402235547/https://1650thefan.com/"
      },
      {
        "datetime": "2021-04-04T10:28:58Z",
        "uri": "https://wayback.archive-it.org/all/20210404102858/http://1650thefan.com/"
      },
      {
        "datetime": "2021-04-04T10:28:58Z",
        "uri": "https://web.archive.org/web/20210404102858/http://1650thefan.com/"
      },
      {
        "datetime": "2021-05-01T16:30:17Z",
        "uri": "https://wayback.archive-it.org/all/20210501163017/http://www.1650thefan.com/"
      },
      {
        "datetime": "2021-05-01T16:30:17Z",
        "uri": "https://web.archive.org/web/20210501163017/http://www.1650thefan.com/"
      },
      {
        "datetime": "2021-05-01T18:20:25Z",
        "uri": "https://wayback.archive-it.org/all/20210501182025/https://www.1650thefan.com/"
      },
      {
        "datetime": "2021-05-01T18:20:25Z",
        "uri": "https://web.archive.org/web/20210501182025/https://www.1650thefan.com/"
      },
      {
        "datetime": "2021-05-02T06:34:11Z",
        "uri": "https://wayback.archive-it.org/all/20210502063411/https://1650thefan.com/"
      },
      {
        "datetime": "2021-05-02T06:34:11Z",
        "uri": "https://web.archive.org/web/20210502063411/https://1650thefan.com/"
      },
      {
        "datetime": "2021-05-06T10:00:55Z",
        "uri": "https://web.archive.org/web/20210506100055/http://www.1650thefan.com/"
      },
      {
        "datetime": "2021-05-06T10:00:56Z",
        "uri": "https://web.archive.org/web/20210506100056/https://www.1650thefan.com/"
      },
      {
        "datetime": "2021-05-06T10:00:56Z",
        "uri": "https://web.archive.org/web/20210506100056/https://1650thefan.com/"
      },
      {
        "datetime": "2021-05-07T13:25:14Z",
        "uri": "https://web.archive.org/web/20210507132514/https://1650thefan.com/"
      },
      {
        "datetime": "2021-05-12T15:33:55Z",
        "uri": "https://web.archive.org/web/20210512153355/https://1650thefan.com/"
      },
      {
        "datetime": "2021-06-01T16:11:26Z",
        "uri": "https://wayback.archive-it.org/all/20210601161126/http://www.1650thefan.com/"
      },
      {
        "datetime": "2021-06-01T16:11:26Z",
        "uri": "https://web.archive.org/web/20210601161126/http://www.1650thefan.com/"
      },
      {
        "datetime": "2021-06-01T16:11:31Z",
        "uri": "https://wayback.archive-it.org/all/20210601161131/https://www.1650thefan.com/"
      },
      {
        "datetime": "2021-06-01T16:11:31Z",
        "uri": "https://web.archive.org/web/20210601161131/https://www.1650thefan.com/"
      },
      {
        "datetime": "2021-06-01T18:54:59Z",
        "uri": "https://wayback.archive-it.org/all/20210601185459/https://1650thefan.com/"
      },
      {
        "datetime": "2021-06-01T18:54:59Z",
        "uri": "https://web.archive.org/web/20210601185459/https://1650thefan.com/"
      },
      {
        "datetime": "2021-06-03T09:11:32Z",
        "uri": "https://wayback.archive-it.org/all/20210603091132/https://1650thefan.com/"
      },
      {
        "datetime": "2021-06-03T09:11:32Z",
        "uri": "https://web.archive.org/web/20210603091132/https://1650thefan.com/"
      },
      {
        "datetime": "2021-06-14T19:11:00Z",
        "uri": "https://web.archive.org/web/20210614191100/https://1650thefan.com/"
      },
      {
        "datetime": "2021-06-14T19:11:00Z",
        "uri": "https://web.archive.org/web/20210614191100/https://1650thefan.com/"
      },
      {
        "datetime": "2021-07-01T17:25:08Z",
        "uri": "https://wayback.archive-it.org/all/20210701172508/http://www.1650thefan.com/"
      },
      {
        "datetime": "2021-07-01T17:25:08Z",
        "uri": "https://web.archive.org/web/20210701172508/http://www.1650thefan.com/"
      },
      {
        "datetime": "2021-07-01T17:25:18Z",
        "uri": "https://wayback.archive-it.org/all/20210701172518/https://www.1650thefan.com/"
      },
      {
        "datetime": "2021-07-01T17:25:18Z",
        "uri": "https://web.archive.org/web/20210701172518/https://www.1650thefan.com/"
      },
      {
        "datetime": "2021-07-01T20:10:07Z",
        "uri": "https://wayback.archive-it.org/all/20210701201007/https://1650thefan.com/"
      },
      {
        "datetime": "2021-07-01T20:10:07Z",
        "uri": "https://web.archive.org/web/20210701201007/https://1650thefan.com/"
      },
      {
        "datetime": "2021-08-01T17:34:02Z",
        "uri": "https://wayback.archive-it.org/all/20210801173402/http://www.1650thefan.com/"
      },
      {
        "datetime": "2021-08-01T17:34:02Z",
        "uri": "https://web.archive.org/web/20210801173402/http://www.1650thefan.com/"
      },
      {
        "datetime": "2021-08-01T17:34:08Z",
        "uri": "https://wayback.archive-it.org/all/20210801173408/https://www.1650thefan.com/"
      },
      {
        "datetime": "2021-08-01T17:34:08Z",
        "uri": "https://web.archive.org/web/20210801173408/https://www.1650thefan.com/"
      },
      {
        "datetime": "2021-08-02T00:51:55Z",
        "uri": "https://wayback.archive-it.org/all/20210802005155/https://1650thefan.com/"
      },
      {
        "datetime": "2021-08-02T00:51:55Z",
        "uri": "https://web.archive.org/web/20210802005155/https://1650thefan.com/"
      },
      {
        "datetime": "2021-08-03T10:58:02Z",
        "uri": "https://wayback.archive-it.org/all/20210803105802/https://1650thefan.com/"
      },
      {
        "datetime": "2021-08-03T10:58:02Z",
        "uri": "https://web.archive.org/web/20210803105802/https://1650thefan.com/"
      },
      {
        "datetime": "2021-08-05T06:55:43Z",
        "uri": "https://web.archive.org/web/20210805065543/http://1650thefan.com/"
      },
      {
        "datetime": "2021-08-05T12:16:32Z",
        "uri": "https://web.archive.org/web/20210805121632/https://1650thefan.com/"
      },
      {
        "datetime": "2021-08-11T22:58:08Z",
        "uri": "https://web.archive.org/web/20210811225808/http://www.1650thefan.com/"
      },
      {
        "datetime": "2021-08-11T22:58:13Z",
        "uri": "https://web.archive.org/web/20210811225813/https://www.1650thefan.com/"
      },
      {
        "datetime": "2021-08-11T22:58:24Z",
        "uri": "https://web.archive.org/web/20210811225824/https://1650thefan.com/"
      },
      {
        "datetime": "2021-09-01T16:12:29Z",
        "uri": "https://wayback.archive-it.org/all/20210901161229/http://www.1650thefan.com/"
      },
      {
        "datetime": "2021-09-01T16:12:29Z",
        "uri": "https://web.archive.org/web/20210901161229/http://www.1650thefan.com/"
      },
      {
        "datetime": "2021-09-01T16:52:04Z",
        "uri": "https://wayback.archive-it.org/all/20210901165204/https://1650thefan.com/"
      },
      {
        "datetime": "2021-09-01T16:52:04Z",
        "uri": "https://web.archive.org/web/20210901165204/https://1650thefan.com/"
      },
      {
        "datetime": "2021-09-01T17:28:06Z",
        "uri": "https://wayback.archive-it.org/all/20210901172806/https://www.1650thefan.com/"
      },
      {
        "datetime": "2021-09-01T17:28:06Z",
        "uri": "https://web.archive.org/web/20210901172806/https://www.1650thefan.com/"
      },
      {
        "datetime": "2021-09-04T02:30:37Z",
        "uri": "https://wayback.archive-it.org/all/20210904023037/https://1650thefan.com/"
      },
      {
        "datetime": "2021-09-04T02:30:37Z",
        "uri": "https://web.archive.org/web/20210904023037/https://1650thefan.com/"
      },
      {
        "datetime": "2021-09-27T08:17:48Z",
        "uri": "https://web.archive.org/web/20210927081748/https://1650thefan.com/"
      },
      {
        "datetime": "2021-09-27T17:04:40Z",
        "uri": "https://web.archive.org/web/20210927170440/https://1650thefan.com/"
      },
      {
        "datetime": "2021-10-01T16:36:59Z",
        "uri": "https://wayback.archive-it.org/all/20211001163659/http://www.1650thefan.com/"
      },
      {
        "datetime": "2021-10-01T16:36:59Z",
        "uri": "https://web.archive.org/web/20211001163659/http://www.1650thefan.com/"
      },
      {
        "datetime": "2021-10-01T17:26:01Z",
        "uri": "https://wayback.archive-it.org/all/20211001172601/https://www.1650thefan.com/"
      },
      {
        "datetime": "2021-10-01T17:26:01Z",
        "uri": "https://web.archive.org/web/20211001172601/https://www.1650thefan.com/"
      },
      {
        "datetime": "2021-10-01T23:27:15Z",
        "uri": "https://wayback.archive-it.org/all/20211001232715/https://1650thefan.com/"
      },
      {
        "datetime": "2021-10-01T23:27:15Z",
        "uri": "https://web.archive.org/web/20211001232715/https://1650thefan.com/"
      },
      {
        "datetime": "2021-10-04T00:37:16Z",
        "uri": "https://wayback.archive-it.org/all/20211004003716/https://1650thefan.com/"
      },
      {
        "datetime": "2021-10-04T00:37:16Z",
        "uri": "https://web.archive.org/web/20211004003716/https://1650thefan.com/"
      },
      {
        "datetime": "2021-10-21T03:17:33Z",
        "uri": "https://web.archive.org/web/20211021031733/https://1650thefan.com/"
      },
      {
        "datetime": "2021-11-01T16:30:15Z",
        "uri": "https://wayback.archive-it.org/all/20211101163015/http://www.1650thefan.com/"
      },
      {
        "datetime": "2021-11-01T16:30:15Z",
        "uri": "https://web.archive.org/web/20211101163015/http://www.1650thefan.com/"
      },
      {
        "datetime": "2021-11-01T18:26:36Z",
        "uri": "https://wayback.archive-it.org/all/20211101182636/https://www.1650thefan.com/"
      },
      {
        "datetime": "2021-11-01T18:26:36Z",
        "uri": "https://web.archive.org/web/20211101182636/https://www.1650thefan.com/"
      },
      {
        "datetime": "2021-11-02T01:05:55Z",
        "uri": "https://wayback.archive-it.org/all/20211102010555/https://1650thefan.com/"
      },
      {
        "datetime": "2021-11-02T01:05:55Z",
        "uri": "https://web.archive.org/web/20211102010555/https://1650thefan.com/"
      },
      {
        "datetime": "2021-11-04T06:50:38Z",
        "uri": "https://wayback.archive-it.org/all/20211104065038/https://1650thefan.com/"
      },
      {
        "datetime": "2021-11-04T06:50:38Z",
        "uri": "https://web.archive.org/web/20211104065038/https://1650thefan.com/"
      },
      {
        "datetime": "2021-11-09T18:22:40Z",
        "uri": "https://web.archive.org/web/20211109182240/http://1650thefan.com/"
      },
      {
        "datetime": "2021-11-23T02:52:19Z",
        "uri": "https://web.archive.org/web/20211123025219/http://1650thefan.com/"
      },
      {
        "datetime": "2021-11-24T15:24:38Z",
        "uri": "https://web.archive.org/web/20211124152438/https://1650thefan.com/"
      },
      {
        "datetime": "2021-11-27T22:22:39Z",
        "uri": "https://web.archive.org/web/20211127222239/https://1650thefan.com/"
      },
      {
        "datetime": "2021-12-01T17:17:29Z",
        "uri": "https://wayback.archive-it.org/all/20211201171729/http://www.1650thefan.com/"
      },
      {
        "datetime": "2021-12-01T17:17:29Z",
        "uri": "https://web.archive.org/web/20211201171729/http://www.1650thefan.com/"
      },
      {
        "datetime": "2021-12-01T17:51:29Z",
        "uri": "https://wayback.archive-it.org/all/20211201175129/https://www.1650thefan.com/"
      },
      {
        "datetime": "2021-12-01T17:51:29Z",
        "uri": "https://web.archive.org/web/20211201175129/https://www.1650thefan.com/"
      },
      {
        "datetime": "2021-12-01T20:04:07Z",
        "uri": "https://wayback.archive-it.org/all/20211201200407/https://1650thefan.com/"
      },
      {
        "datetime": "2021-12-01T20:04:07Z",
        "uri": "https://web.archive.org/web/20211201200407/https://1650thefan.com/"
      },
      {
        "datetime": "2021-12-05T09:11:55Z",
        "uri": "https://web.archive.org/web/20211205091155/https://1650thefan.com/"
      },
      {
        "datetime": "2022-01-01T19:37:28Z",
        "uri": "https://wayback.archive-it.org/all/20220101193728/http://www.1650thefan.com/"
      },
      {
        "datetime": "2022-01-01T19:37:28Z",
        "uri": "https://web.archive.org/web/20220101193728/http://www.1650thefan.com/"
      },
      {
        "datetime": "2022-01-01T19:37:32Z",
        "uri": "https://wayback.archive-it.org/all/20220101193732/https://www.1650thefan.com/"
      },
      {
        "datetime": "2022-01-01T19:37:32Z",
        "uri": "https://web.archive.org/web/20220101193732/https://www.1650thefan.com/"
      },
      {
        "datetime": "2022-01-01T23:12:35Z",
        "uri": "https://wayback.archive-it.org/all/20220101231235/https://1650thefan.com/"
      },
      {
        "datetime": "2022-01-01T23:12:35Z",
        "uri": "https://web.archive.org/web/20220101231235/https://1650thefan.com/"
      },
      {
        "datetime": "2022-01-19T01:24:48Z",
        "uri": "https://web.archive.org/web/20220119012448/https://1650thefan.com/"
      },
      {
        "datetime": "2022-01-24T08:18:54Z",
        "uri": "https://web.archive.org/web/20220124081854/http://www.1650thefan.com/"
      },
      {
        "datetime": "2022-01-24T08:18:55Z",
        "uri": "https://web.archive.org/web/20220124081855/https://1650thefan.com/"
      },
      {
        "datetime": "2022-01-24T08:20:10Z",
        "uri": "https://web.archive.org/web/20220124082010/http://www.1650thefan.com/"
      },
      {
        "datetime": "2022-01-24T08:20:11Z",
        "uri": "https://web.archive.org/web/20220124082011/https://www.1650thefan.com/"
      },
      {
        "datetime": "2022-01-24T08:20:12Z",
        "uri": "https://web.archive.org/web/20220124082012/https://1650thefan.com/"
      },
      {
        "datetime": "2022-01-24T08:20:17Z",
        "uri": "https://web.archive.org/web/20220124082017/https://www.1650thefan.com/"
      },
      {
        "datetime": "2022-01-24T08:20:18Z",
        "uri": "https://web.archive.org/web/20220124082018/https://1650thefan.com/"
      },
      {
        "datetime": "2022-02-01T00:06:54Z",
        "uri": "https://web.archive.org/web/20220201000654/https://1650thefan.com/"
      },
      {
        "datetime": "2022-02-01T16:19:04Z",
        "uri": "https://wayback.archive-it.org/all/20220201161904/http://www.1650thefan.com/"
      },
      {
        "datetime": "2022-02-01T16:19:04Z",
        "uri": "https://web.archive.org/web/20220201161904/http://www.1650thefan.com/"
      },
      {
        "datetime": "2022-02-01T16:57:21Z",
        "uri": "https://wayback.archive-it.org/all/20220201165721/https://www.1650thefan.com/"
      },
      {
        "datetime": "2022-02-01T16:57:21Z",
        "uri": "https://web.archive.org/web/20220201165721/https://www.1650thefan.com/"
      },
      {
        "datetime": "2022-02-01T19:01:07Z",
        "uri": "https://wayback.archive-it.org/all/20220201190107/https://1650thefan.com/"
      },
      {
        "datetime": "2022-02-01T19:01:07Z",
        "uri": "https://web.archive.org/web/20220201190107/https://1650thefan.com/"
      },
      {
        "datetime": "2022-02-03T10:10:51Z",
        "uri": "https://wayback.archive-it.org/all/20220203101051/https://1650thefan.com/"
      },
      {
        "datetime": "2022-02-03T10:10:51Z",
        "uri": "https://web.archive.org/web/20220203101051/https://1650thefan.com/"
      },
      {
        "datetime": "2022-02-15T08:38:40Z",
        "uri": "https://wayback.archive-it.org/all/20220215083840/https://1650thefan.com/"
      },
      {
        "datetime": "2022-02-15T08:38:40Z",
        "uri": "https://web.archive.org/web/20220215083840/https://1650thefan.com/"
      },
      {
        "datetime": "2022-03-01T14:38:15Z",
        "uri": "https://web.archive.org/web/20220301143815/https://1650thefan.com/"
      },
      {
        "datetime": "2022-03-01T20:35:38Z",
        "uri": "https://wayback.archive-it.org/all/20220301203538/http://www.1650thefan.com/"
      },
      {
        "datetime": "2022-03-01T20:35:38Z",
        "uri": "https://web.archive.org/web/20220301203538/http://www.1650thefan.com/"
      },
      {
        "datetime": "2022-03-01T20:35:41Z",
        "uri": "https://wayback.archive-it.org/all/20220301203541/https://www.1650thefan.com/"
      },
      {
        "datetime": "2022-03-01T20:35:41Z",
        "uri": "https://web.archive.org/web/20220301203541/https://www.1650thefan.com/"
      },
      {
        "datetime": "2022-03-02T08:01:10Z",
        "uri": "https://wayback.archive-it.org/all/20220302080110/https://1650thefan.com/"
      },
      {
        "datetime": "2022-03-02T08:01:10Z",
        "uri": "https://web.archive.org/web/20220302080110/https://1650thefan.com/"
      },
      {
        "datetime": "2022-03-23T02:51:27Z",
        "uri": "https://web.archive.org/web/20220323025127/http://www.1650thefan.com/"
      },
      {
        "datetime": "2022-03-31T12:57:20Z",
        "uri": "https://web.archive.org/web/20220331125720/http://www.1650thefan.com/"
      },
      {
        "datetime": "2022-03-31T18:28:32Z",
        "uri": "https://web.archive.org/web/20220331182832/https://1650thefan.com/"
      },
      {
        "datetime": "2022-04-01T12:30:21Z",
        "uri": "https://web.archive.org/web/20220401123021/https://1650thefan.com/"
      },
      {
        "datetime": "2022-04-01T16:04:09Z",
        "uri": "https://wayback.archive-it.org/all/20220401160409/http://www.1650thefan.com/"
      },
      {
        "datetime": "2022-04-01T16:04:09Z",
        "uri": "https://web.archive.org/web/20220401160409/http://www.1650thefan.com/"
      },
      {
        "datetime": "2022-04-01T16:23:55Z",
        "uri": "https://wayback.archive-it.org/all/20220401162355/https://www.1650thefan.com/"
      },
      {
        "datetime": "2022-04-01T16:23:55Z",
        "uri": "https://web.archive.org/web/20220401162355/https://www.1650thefan.com/"
      },
      {
        "datetime": "2022-04-01T17:00:18Z",
        "uri": "https://wayback.archive-it.org/all/20220401170018/https://1650thefan.com/"
      },
      {
        "datetime": "2022-04-01T17:00:18Z",
        "uri": "https://web.archive.org/web/20220401170018/https://1650thefan.com/"
      },
      {
        "datetime": "2022-04-04T00:46:34Z",
        "uri": "https://wayback.archive-it.org/all/20220404004634/https://1650thefan.com/"
      },
      {
        "datetime": "2022-04-04T00:46:34Z",
        "uri": "https://web.archive.org/web/20220404004634/https://1650thefan.com/"
      },
      {
        "datetime": "2022-05-01T02:50:23Z",
        "uri": "https://web.archive.org/web/20220501025023/https://1650thefan.com/"
      },
      {
        "datetime": "2022-05-01T16:17:02Z",
        "uri": "https://wayback.archive-it.org/all/20220501161702/http://www.1650thefan.com/"
      },
      {
        "datetime": "2022-05-01T16:17:02Z",
        "uri": "https://web.archive.org/web/20220501161702/http://www.1650thefan.com/"
      },
      {
        "datetime": "2022-05-01T16:47:13Z",
        "uri": "https://wayback.archive-it.org/all/20220501164713/https://www.1650thefan.com/"
      },
      {
        "datetime": "2022-05-01T16:47:13Z",
        "uri": "https://web.archive.org/web/20220501164713/https://www.1650thefan.com/"
      },
      {
        "datetime": "2022-05-01T16:47:16Z",
        "uri": "https://wayback.archive-it.org/all/20220501164716/https://1650thefan.com/"
      },
      {
        "datetime": "2022-05-01T16:47:16Z",
        "uri": "https://web.archive.org/web/20220501164716/https://1650thefan.com/"
      },
      {
        "datetime": "2022-06-01T14:09:36Z",
        "uri": "https://web.archive.org/web/20220601140936/https://1650thefan.com/"
      },
      {
        "datetime": "2022-06-02T20:41:19Z",
        "uri": "https://wayback.archive-it.org/all/20220602204119/http://www.1650thefan.com/"
      },
      {
        "datetime": "2022-06-02T20:41:19Z",
        "uri": "https://web.archive.org/web/20220602204119/http://www.1650thefan.com/"
      },
      {
        "datetime": "2022-06-03T07:04:22Z",
        "uri": "https://wayback.archive-it.org/all/20220603070422/https://www.1650thefan.com/"
      },
      {
        "datetime": "2022-06-03T07:04:22Z",
        "uri": "https://web.archive.org/web/20220603070422/https://www.1650thefan.com/"
      },
      {
        "datetime": "2022-06-03T07:06:06Z",
        "uri": "https://wayback.archive-it.org/all/20220603070606/https://1650thefan.com/"
      },
      {
        "datetime": "2022-06-03T07:06:06Z",
        "uri": "https://web.archive.org/web/20220603070606/https://1650thefan.com/"
      },
      {
        "datetime": "2022-06-19T23:39:10Z",
        "uri": "https://web.archive.org/web/20220619233910/https://1650thefan.com/"
      },
      {
        "datetime": "2022-06-24T14:24:27Z",
        "uri": "https://web.archive.org/web/20220624142427/https://1650thefan.com/"
      },
      {
        "datetime": "2022-07-01T16:51:05Z",
        "uri": "https://wayback.archive-it.org/all/20220701165105/http://www.1650thefan.com/"
      },
      {
        "datetime": "2022-07-01T16:51:05Z",
        "uri": "https://web.archive.org/web/20220701165105/http://www.1650thefan.com/"
      },
      {
        "datetime": "2022-07-01T19:00:05Z",
        "uri": "https://wayback.archive-it.org/all/20220701190005/https://www.1650thefan.com/"
      },
      {
        "datetime": "2022-07-01T19:00:05Z",
        "uri": "https://web.archive.org/web/20220701190005/https://www.1650thefan.com/"
      },
      {
        "datetime": "2022-07-01T19:00:35Z",
        "uri": "https://wayback.archive-it.org/all/20220701190035/http://1650thefan.com/"
      },
      {
        "datetime": "2022-07-01T19:00:35Z",
        "uri": "https://web.archive.org/web/20220701190035/http://1650thefan.com/"
      },
      {
        "datetime": "2022-07-05T14:25:41Z",
        "uri": "https://web.archive.org/web/20220705142541/https://1650thefan.com/"
      },
      {
        "datetime": "2022-08-01T19:08:44Z",
        "uri": "https://web.archive.org/web/20220801190844/https://1650thefan.com/"
      },
      {
        "datetime": "2022-08-02T00:26:54Z",
        "uri": "https://wayback.archive-it.org/all/20220802002654/http://www.1650thefan.com/"
      },
      {
        "datetime": "2022-08-02T00:30:17Z",
        "uri": "https://wayback.archive-it.org/all/20220802003017/https://www.1650thefan.com/"
      },
      {
        "datetime": "2022-08-04T03:11:08Z",
        "uri": "https://wayback.archive-it.org/all/20220804031108/https://1650thefan.com/"
      },
      {
        "datetime": "2022-09-01T15:10:12Z",
        "uri": "https://web.archive.org/web/20220901151012/https://1650thefan.com/"
      },
      {
        "datetime": "2022-09-01T17:03:14Z",
        "uri": "https://wayback.archive-it.org/all/20220901170314/http://www.1650thefan.com/"
      },
      {
        "datetime": "2022-09-01T20:28:24Z",
        "uri": "https://wayback.archive-it.org/all/20220901202824/https://www.1650thefan.com/"
      },
      {
        "datetime": "2022-09-02T00:43:44Z",
        "uri": "https://wayback.archive-it.org/all/20220902004344/http://1650thefan.com/"
      },
      {
        "datetime": "2022-09-02T00:43:53Z",
        "uri": "https://wayback.archive-it.org/all/20220902004353/https://1650thefan.com/"
      }
    ],
    "first": {
      "datetime": "2009-10-24T10:32:57Z",
      "uri": "https://web.archive.org/web/20091024103257/http://www.1650thefan.com:80/"
    },
    "last": {
      "datetime": "2022-09-02T00:43:53Z",
      "uri": "https://wayback.archive-it.org/all/20220902004353/https://1650thefan.com/"
    }
  },
  "timemap_uri": {
    "link_format": "http://localhost:1208/timemap/link/https://1650thefan.com/",
    "json_format": "http://localhost:1208/timemap/json/https://1650thefan.com/",
    "cdxj_format": "http://localhost:1208/timemap/cdxj/https://1650thefan.com/"
  },
  "timegate_uri": "http://localhost:1208/timegate/https://1650thefan.com/"
}
