{
  "original_uri": "https://www.historyofroyalwomen.com/margaret-of-england/margaret-england-queen-scots-death-esquire/",
  "self": "http://localhost:1208/timemap/json/https://www.historyofroyalwomen.com/margaret-of-england/margaret-england-queen-scots-death-esquire/",
  "mementos": {
    "list": [
      {
        "datetime": "2017-04-20T21:29:15Z",
        "uri": "https://web.archive.org/web/20170420212915/http://www.historyofroyalwomen.com/margaret-of-england/margaret-england-queen-scots-death-esquire/"
      },
      {
        "datetime": "2017-04-26T22:58:17Z",
        "uri": "https://web.archive.org/web/20170426225817/https://www.historyofroyalwomen.com/margaret-of-england/margaret-england-queen-scots-death-esquire/"
      },
      {
        "datetime": "2020-10-22T20:43:00Z",
        "uri": "https://web.archive.org/web/20201022204300/https://www.historyofroyalwomen.com/margaret-of-england/margaret-england-queen-scots-death-esquire/"
      },
      {
        "datetime": "2020-10-31T14:04:48Z",
        "uri": "https://web.archive.org/web/20201031140448/https://www.historyofroyalwomen.com/margaret-of-england/margaret-england-queen-scots-death-esquire/"
      },
      {
        "datetime": "2020-11-12T02:00:26Z",
        "uri": "https://web.archive.org/web/20201112020026/https://www.historyofroyalwomen.com/margaret-of-england/margaret-england-queen-scots-death-esquire/"
      },
      {
        "datetime": "2020-11-12T02:00:26Z",
        "uri": "https://web.archive.org/web/20201112020026/http://www.historyofroyalwomen.com/margaret-of-england/margaret-england-queen-scots-death-esquire/"
      },
      {
        "datetime": "2020-12-26T03:00:41Z",
        "uri": "https://web.archive.org/web/20201226030041/https://www.historyofroyalwomen.com/margaret-of-england/margaret-england-queen-scots-death-esquire/"
      },
      {
        "datetime": "2021-05-19T02:31:15Z",
        "uri": "https://web.archive.org/web/20210519023115/https://www.historyofroyalwomen.com/margaret-of-england/margaret-england-queen-scots-death-esquire/"
      },
      {
        "datetime": "2021-10-18T13:20:05Z",
        "uri": "https://web.archive.org/web/20211018132005/https://www.historyofroyalwomen.com/margaret-of-england/margaret-england-queen-scots-death-esquire/"
      }
    ],
    "first": {
      "datetime": "2017-04-20T21:29:15Z",
      "uri": "https://web.archive.org/web/20170420212915/http://www.historyofroyalwomen.com/margaret-of-england/margaret-england-queen-scots-death-esquire/"
    },
    "last": {
      "datetime": "2021-10-18T13:20:05Z",
      "uri": "https://web.archive.org/web/20211018132005/https://www.historyofroyalwomen.com/margaret-of-england/margaret-england-queen-scots-death-esquire/"
    }
  },
  "timemap_uri": {
    "link_format": "http://localhost:1208/timemap/link/https://www.historyofroyalwomen.com/margaret-of-england/margaret-england-queen-scots-death-esquire/",
    "json_format": "http://localhost:1208/timemap/json/https://www.historyofroyalwomen.com/margaret-of-england/margaret-england-queen-scots-death-esquire/",
    "cdxj_format": "http://localhost:1208/timemap/cdxj/https://www.historyofroyalwomen.com/margaret-of-england/margaret-england-queen-scots-death-esquire/"
  },
  "timegate_uri": "http://localhost:1208/timegate/https://www.historyofroyalwomen.com/margaret-of-england/margaret-england-queen-scots-death-esquire/"
}
