{
  "original_uri": "https://twitter.com/twihelp_pic/status/719055540920274945/photo/1",
  "self": "http://localhost:1208/timemap/json/https://twitter.com/twihelp_pic/status/719055540920274945/photo/1",
  "mementos": {
    "list": [
      {
        "datetime": "2020-02-26T08:03:21Z",
        "uri": "https://web.archive.org/web/20200226080321/https://twitter.com/twihelp_pic/status/719055540920274945/photo/1"
      },
      {
        "datetime": "2021-05-01T04:44:57Z",
        "uri": "https://web.archive.org/web/20210501044457/https://twitter.com/twihelp_pic/status/719055540920274945/photo/1"
      }
    ],
    "first": {
      "datetime": "2020-02-26T08:03:21Z",
      "uri": "https://web.archive.org/web/20200226080321/https://twitter.com/twihelp_pic/status/719055540920274945/photo/1"
    },
    "last": {
      "datetime": "2021-05-01T04:44:57Z",
      "uri": "https://web.archive.org/web/20210501044457/https://twitter.com/twihelp_pic/status/719055540920274945/photo/1"
    }
  },
  "timemap_uri": {
    "link_format": "http://localhost:1208/timemap/link/https://twitter.com/twihelp_pic/status/719055540920274945/photo/1",
    "json_format": "http://localhost:1208/timemap/json/https://twitter.com/twihelp_pic/status/719055540920274945/photo/1",
    "cdxj_format": "http://localhost:1208/timemap/cdxj/https://twitter.com/twihelp_pic/status/719055540920274945/photo/1"
  },
  "timegate_uri": "http://localhost:1208/timegate/https://twitter.com/twihelp_pic/status/719055540920274945/photo/1"
}
