{
  "original_uri": "https://www.nbcnews.com/news/us-news/live-blog/hurricane-ian-live-updates-rcna49927#rcrd5561",
  "self": "http://localhost:1208/timemap/json/https://www.nbcnews.com/news/us-news/live-blog/hurricane-ian-live-updates-rcna49927#rcrd5561",
  "mementos": {
    "list": [
      {
        "datetime": "2022-09-29T13:16:56Z",
        "uri": "https://web.archive.org/web/20220929131656/https://www.nbcnews.com/news/us-news/live-blog/hurricane-ian-live-updates-rcna49927"
      },
      {
        "datetime": "2022-09-29T14:51:45Z",
        "uri": "https://wayback.archive-it.org/all/20220929145145/https://www.nbcnews.com/news/us-news/live-blog/hurricane-ian-live-updates-rcna49927"
      },
      {
        "datetime": "2022-09-29T16:27:51Z",
        "uri": "https://web.archive.org/web/20220929162751/https://www.nbcnews.com/news/us-news/live-blog/hurricane-ian-live-updates-rcna49927"
      },
      {
        "datetime": "2022-09-29T17:08:44Z",
        "uri": "https://web.archive.org/web/20220929170844/https://www.nbcnews.com/news/us-news/live-blog/hurricane-ian-live-updates-rcna49927"
      },
      {
        "datetime": "2022-09-29T17:31:13Z",
        "uri": "https://wayback.archive-it.org/all/20220929173113/https://www.nbcnews.com/news/us-news/live-blog/hurricane-ian-live-updates-rcna49927"
      },
      {
        "datetime": "2022-09-29T18:40:02Z",
        "uri": "https://web.archive.org/web/20220929184002/https://www.nbcnews.com/news/us-news/live-blog/hurricane-ian-live-updates-rcna49927"
      },
      {
        "datetime": "2022-09-29T19:14:34Z",
        "uri": "https://wayback.archive-it.org/all/20220929191434/https://www.nbcnews.com/news/us-news/live-blog/hurricane-ian-live-updates-rcna49927"
      },
      {
        "datetime": "2022-09-29T20:15:55Z",
        "uri": "https://wayback.archive-it.org/all/20220929201555/https://www.nbcnews.com/news/us-news/live-blog/hurricane-ian-live-updates-rcna49927"
      },
      {
        "datetime": "2022-09-29T20:59:14Z",
        "uri": "https://web.archive.org/web/20220929205914/https://www.nbcnews.com/news/us-news/live-blog/hurricane-ian-live-updates-rcna49927"
      },
      {
        "datetime": "2022-09-29T21:13:14Z",
        "uri": "https://wayback.archive-it.org/all/20220929211314/https://www.nbcnews.com/news/us-news/live-blog/hurricane-ian-live-updates-rcna49927"
      },
      {
        "datetime": "2022-09-29T22:00:50Z",
        "uri": "https://wayback.archive-it.org/all/20220929220050/https://www.nbcnews.com/news/us-news/live-blog/hurricane-ian-live-updates-rcna49927"
      },
      {
        "datetime": "2022-09-29T23:06:35Z",
        "uri": "https://wayback.archive-it.org/all/20220929230635/https://www.nbcnews.com/news/us-news/live-blog/hurricane-ian-live-updates-rcna49927"
      },
      {
        "datetime": "2022-09-30T02:45:00Z",
        "uri": "https://wayback.archive-it.org/all/20220930024500/https://www.nbcnews.com/news/us-news/live-blog/hurricane-ian-live-updates-rcna49927"
      },
      {
        "datetime": "2022-09-30T08:02:35Z",
        "uri": "https://wayback.archive-it.org/all/20220930080235/https://www.nbcnews.com/news/us-news/live-blog/hurricane-ian-live-updates-rcna49927"
      },
      {
        "datetime": "2022-09-30T09:49:32Z",
        "uri": "https://web.archive.org/web/20220930094932/https://www.nbcnews.com/news/us-news/live-blog/hurricane-ian-live-updates-rcna49927"
      },
      {
        "datetime": "2022-09-30T20:28:11Z",
        "uri": "https://wayback.archive-it.org/all/20220930202811/https://www.nbcnews.com/news/us-news/live-blog/hurricane-ian-live-updates-rcna49927"
      },
      {
        "datetime": "2022-10-01T17:57:51Z",
        "uri": "https://web.archive.org/web/20221001175751/https://www.nbcnews.com/news/us-news/live-blog/hurricane-ian-live-updates-rcna49927"
      },
      {
        "datetime": "2022-10-01T20:37:30Z",
        "uri": "https://web.archive.org/web/20221001203730/https://www.nbcnews.com/news/us-news/live-blog/hurricane-ian-live-updates-rcna49927"
      }
    ],
    "first": {
      "datetime": "2022-09-29T13:16:56Z",
      "uri": "https://web.archive.org/web/20220929131656/https://www.nbcnews.com/news/us-news/live-blog/hurricane-ian-live-updates-rcna49927"
    },
    "last": {
      "datetime": "2022-10-01T20:37:30Z",
      "uri": "https://web.archive.org/web/20221001203730/https://www.nbcnews.com/news/us-news/live-blog/hurricane-ian-live-updates-rcna49927"
    }
  },
  "timemap_uri": {
    "link_format": "http://localhost:1208/timemap/link/https://www.nbcnews.com/news/us-news/live-blog/hurricane-ian-live-updates-rcna49927#rcrd5561",
    "json_format": "http://localhost:1208/timemap/json/https://www.nbcnews.com/news/us-news/live-blog/hurricane-ian-live-updates-rcna49927#rcrd5561",
    "cdxj_format": "http://localhost:1208/timemap/cdxj/https://www.nbcnews.com/news/us-news/live-blog/hurricane-ian-live-updates-rcna49927#rcrd5561"
  },
  "timegate_uri": "http://localhost:1208/timegate/https://www.nbcnews.com/news/us-news/live-blog/hurricane-ian-live-updates-rcna49927#rcrd5561"
}
