{
  "original_uri": "https://www.amazon.com/dp/B09B6553WW",
  "self": "http://localhost:1208/timemap/json/https://www.amazon.com/dp/B09B6553WW",
  "mementos": {
    "list": [
      {
        "datetime": "2021-07-30T09:28:05Z",
        "uri": "https://web.archive.org/web/20210730092805/http://www.amazon.com/dp/B09B6553WW"
      },
      {
        "datetime": "2021-07-30T09:28:47Z",
        "uri": "https://web.archive.org/web/20210730092847/https://www.amazon.com/dp/B09B6553WW"
      },
      {
        "datetime": "2021-08-03T20:13:10Z",
        "uri": "https://web.archive.org/web/20210803201310/https://www.amazon.com/dp/B09B6553WW"
      },
      {
        "datetime": "2021-08-03T20:13:10Z",
        "uri": "https://web.archive.org/web/20210803201310/https://amazon.com/dp/B09B6553WW"
      },
      {
        "datetime": "2022-03-24T17:34:47Z",
        "uri": "https://web.archive.org/web/20220324173447/https://www.amazon.com/dp/B09B6553WW"
      },
      {
        "datetime": "2022-03-24T17:34:47Z",
        "uri": "https://web.archive.org/web/20220324173447/https://amazon.com/dp/B09B6553WW"
      },
      {
        "datetime": "2022-03-24T17:34:48Z",
        "uri": "https://web.archive.org/web/20220324173448/https://amazon.com/dp/B09B6553WW"
      },
      {
        "datetime": "2022-03-24T17:34:49Z",
        "uri": "https://web.archive.org/web/20220324173449/https://www.amazon.com/dp/B09B6553WW"
      }
    ],
    "first": {
      "datetime": "2021-07-30T09:28:05Z",
      "uri": "https://web.archive.org/web/20210730092805/http://www.amazon.com/dp/B09B6553WW"
    },
    "last": {
      "datetime": "2022-03-24T17:34:49Z",
      "uri": "https://web.archive.org/web/20220324173449/https://www.amazon.com/dp/B09B6553WW"
    }
  },
  "timemap_uri": {
    "link_format": "http://localhost:1208/timemap/link/https://www.amazon.com/dp/B09B6553WW",
    "json_format": "http://localhost:1208/timemap/json/https://www.amazon.com/dp/B09B6553WW",
    "cdxj_format": "http://localhost:1208/timemap/cdxj/https://www.amazon.com/dp/B09B6553WW"
  },
  "timegate_uri": "http://localhost:1208/timegate/https://www.amazon.com/dp/B09B6553WW"
}
