{
  "original_uri": "https://floridapolitics.com/archives/223677-ron-desantis-voted-hurricane-sandy-aid-will-vote-next-week/",
  "self": "http://localhost:1208/timemap/json/https://floridapolitics.com/archives/223677-ron-desantis-voted-hurricane-sandy-aid-will-vote-next-week/",
  "mementos": {
    "list": [
      {
        "datetime": "2016-10-07T19:15:20Z",
        "uri": "https://web.archive.org/web/20161007191520/http://floridapolitics.com/archives/223677-ron-desantis-voted-hurricane-sandy-aid-will-vote-next-week"
      },
      {
        "datetime": "2016-10-27T22:02:31Z",
        "uri": "https://web.archive.org/web/20161027220231/http://floridapolitics.com/archives/223677-ron-desantis-voted-hurricane-sandy-aid-will-vote-next-week"
      },
      {
        "datetime": "2017-01-06T04:21:08Z",
        "uri": "https://web.archive.org/web/20170106042108/http://floridapolitics.com/archives/223677-ron-desantis-voted-hurricane-sandy-aid-will-vote-next-week"
      },
      {
        "datetime": "2021-06-25T22:37:19Z",
        "uri": "https://web.archive.org/web/20210625223719/https://floridapolitics.com/archives/223677-ron-desantis-voted-hurricane-sandy-aid-will-vote-next-week/"
      },
      {
        "datetime": "2021-10-23T02:47:05Z",
        "uri": "https://web.archive.org/web/20211023024705/https://floridapolitics.com/archives/223677-ron-desantis-voted-hurricane-sandy-aid-will-vote-next-week/"
      },
      {
        "datetime": "2022-09-27T15:28:38Z",
        "uri": "https://web.archive.org/web/20220927152838/https://floridapolitics.com/archives/223677-ron-desantis-voted-hurricane-sandy-aid-will-vote-next-week/"
      },
      {
        "datetime": "2022-09-30T14:07:16Z",
        "uri": "https://web.archive.org/web/20220930140716/https://floridapolitics.com/archives/223677-ron-desantis-voted-hurricane-sandy-aid-will-vote-next-week/"
      },
      {
        "datetime": "2022-10-01T04:28:36Z",
        "uri": "https://web.archive.org/web/20221001042836/https://floridapolitics.com/archives/223677-ron-desantis-voted-hurricane-sandy-aid-will-vote-next-week/"
      }
    ],
    "first": {
      "datetime": "2016-10-07T19:15:20Z",
      "uri": "https://web.archive.org/web/20161007191520/http://floridapolitics.com/archives/223677-ron-desantis-voted-hurricane-sandy-aid-will-vote-next-week"
    },
    "last": {
      "datetime": "2022-10-01T04:28:36Z",
      "uri": "https://web.archive.org/web/20221001042836/https://floridapolitics.com/archives/223677-ron-desantis-voted-hurricane-sandy-aid-will-vote-next-week/"
    }
  },
  "timemap_uri": {
    "link_format": "http://localhost:1208/timemap/link/https://floridapolitics.com/archives/223677-ron-desantis-voted-hurricane-sandy-aid-will-vote-next-week/",
    "json_format": "http://localhost:1208/timemap/json/https://floridapolitics.com/archives/223677-ron-desantis-voted-hurricane-sandy-aid-will-vote-next-week/",
    "cdxj_format": "http://localhost:1208/timemap/cdxj/https://floridapolitics.com/archives/223677-ron-desantis-voted-hurricane-sandy-aid-will-vote-next-week/"
  },
  "timegate_uri": "http://localhost:1208/timegate/https://floridapolitics.com/archives/223677-ron-desantis-voted-hurricane-sandy-aid-will-vote-next-week/"
}
