{
  "original_uri": "https://myservice.santeecooper.com/",
  "self": "http://localhost:1208/timemap/json/https://myservice.santeecooper.com/",
  "mementos": {
    "list": [
      {
        "datetime": "2018-07-03T06:19:35Z",
        "uri": "https://web.archive.org/web/20180703061935/http://myservice.santeecooper.com:80/"
      },
      {
        "datetime": "2018-08-23T03:56:39Z",
        "uri": "https://web.archive.org/web/20180823035639/http://myservice.santeecooper.com/"
      },
      {
        "datetime": "2018-09-03T12:16:42Z",
        "uri": "https://web.archive.org/web/20180903121642/http://myservice.santeecooper.com:80/"
      },
      {
        "datetime": "2018-09-04T17:11:31Z",
        "uri": "https://web.archive.org/web/20180904171131/http://myservice.santeecooper.com:80/"
      },
      {
        "datetime": "2018-10-14T22:10:47Z",
        "uri": "https://web.archive.org/web/20181014221047/https://myservice.santeecooper.com/"
      },
      {
        "datetime": "2019-08-05T21:14:27Z",
        "uri": "https://web.archive.org/web/20190805211427/http://myservice.santeecooper.com/"
      },
      {
        "datetime": "2020-04-26T14:01:41Z",
        "uri": "https://web.archive.org/web/20200426140141/https://myservice.santeecooper.com/"
      },
      {
        "datetime": "2020-10-16T15:57:42Z",
        "uri": "https://web.archive.org/web/20201016155742/http://myservice.santeecooper.com/"
      },
      {
        "datetime": "2020-10-16T15:59:23Z",
        "uri": "https://web.archive.org/web/20201016155923/https://myservice.santeecooper.com/"
      },
      {
        "datetime": "2021-02-25T12:44:08Z",
        "uri": "https://web.archive.org/web/20210225124408/https://myservice.santeecooper.com/"
      },
      {
        "datetime": "2021-04-19T20:48:40Z",
        "uri": "https://web.archive.org/web/20210419204840/https://myservice.santeecooper.com/"
      },
      {
        "datetime": "2021-05-05T20:41:37Z",
        "uri": "https://web.archive.org/web/20210505204137/https://myservice.santeecooper.com/"
      },
      {
        "datetime": "2021-05-25T03:19:22Z",
        "uri": "https://web.archive.org/web/20210525031922/https://myservice.santeecooper.com/"
      },
      {
        "datetime": "2021-05-25T10:59:49Z",
        "uri": "https://web.archive.org/web/20210525105949/https://myservice.santeecooper.com/"
      },
      {
        "datetime": "2021-05-25T10:59:49Z",
        "uri": "https://web.archive.org/web/20210525105949/http://myservice.santeecooper.com/"
      },
      {
        "datetime": "2021-06-14T07:48:35Z",
        "uri": "https://web.archive.org/web/20210614074835/https://myservice.santeecooper.com/"
      },
      {
        "datetime": "2021-06-14T07:48:35Z",
        "uri": "https://web.archive.org/web/20210614074835/https://myservice.santeecooper.com/"
      },
      {
        "datetime": "2021-08-05T00:13:50Z",
        "uri": "https://web.archive.org/web/20210805001350/https://myservice.santeecooper.com/"
      },
      {
        "datetime": "2021-09-18T03:33:06Z",
        "uri": "https://web.archive.org/web/20210918033306/https://myservice.santeecooper.com/"
      },
      {
        "datetime": "2021-10-18T09:39:57Z",
        "uri": "https://web.archive.org/web/20211018093957/https://myservice.santeecooper.com/"
      },
      {
        "datetime": "2021-12-04T00:36:55Z",
        "uri": "https://web.archive.org/web/20211204003655/https://myservice.santeecooper.com/"
      },
      {
        "datetime": "2022-01-30T16:20:26Z",
        "uri": "https://web.archive.org/web/20220130162026/https://myservice.santeecooper.com/"
      },
      {
        "datetime": "2022-01-30T16:21:04Z",
        "uri": "https://web.archive.org/web/20220130162104/https://myservice.santeecooper.com/"
      },
      {
        "datetime": "2022-01-30T16:21:21Z",
        "uri": "https://web.archive.org/web/20220130162121/https://myservice.santeecooper.com/"
      },
      {
        "datetime": "2022-03-14T22:40:00Z",
        "uri": "https://web.archive.org/web/20220314224000/https://myservice.santeecooper.com/"
      },
      {
        "datetime": "2022-04-12T12:00:55Z",
        "uri": "https://web.archive.org/web/20220412120055/https://myservice.santeecooper.com/"
      },
      {
        "datetime": "2022-08-12T22:49:59Z",
        "uri": "https://web.archive.org/web/20220812224959/https://myservice.santeecooper.com/"
      },
      {
        "datetime": "2022-08-12T22:56:59Z",
        "uri": "https://web.archive.org/web/20220812225659/https://myservice.santeecooper.com/"
      }
    ],
    "first": {
      "datetime": "2018-07-03T06:19:35Z",
      "uri": "https://web.archive.org/web/20180703061935/http://myservice.santeecooper.com:80/"
    },
    "last": {
      "datetime": "2022-08-12T22:56:59Z",
      "uri": "https://web.archive.org/web/20220812225659/https://myservice.santeecooper.com/"
    }
  },
  "timemap_uri": {
    "link_format": "http://localhost:1208/timemap/link/https://myservice.santeecooper.com/",
    "json_format": "http://localhost:1208/timemap/json/https://myservice.santeecooper.com/",
    "cdxj_format": "http://localhost:1208/timemap/cdxj/https://myservice.santeecooper.com/"
  },
  "timegate_uri": "http://localhost:1208/timegate/https://myservice.santeecooper.com/"
}
