{
  "original_uri": "https://www.theguardian.com/us-news/live/2022/sep/29/hurricane-ian-latest-updates-live-news-florida-storm",
  "self": "http://localhost:1208/timemap/json/https://www.theguardian.com/us-news/live/2022/sep/29/hurricane-ian-latest-updates-live-news-florida-storm",
  "mementos": {
    "list": [
      {
        "datetime": "2022-09-29T13:09:45Z",
        "uri": "https://web.archive.org/web/20220929130945/https://www.theguardian.com/us-news/live/2022/sep/29/hurricane-ian-latest-updates-live-news-florida-storm"
      },
      {
        "datetime": "2022-09-29T15:09:48Z",
        "uri": "https://web.archive.org/web/20220929150948/https://www.theguardian.com/us-news/live/2022/sep/29/hurricane-ian-latest-updates-live-news-florida-storm"
      },
      {
        "datetime": "2022-09-29T20:01:13Z",
        "uri": "https://web.archive.org/web/20220929200113/https://www.theguardian.com/us-news/live/2022/sep/29/hurricane-ian-latest-updates-live-news-florida-storm"
      },
      {
        "datetime": "2022-09-29T22:35:48Z",
        "uri": "https://web.archive.org/web/20220929223548/https://www.theguardian.com/us-news/live/2022/sep/29/hurricane-ian-latest-updates-live-news-florida-storm"
      },
      {
        "datetime": "2022-09-29T23:32:55Z",
        "uri": "http://archive.md/20220929233255/https://www.theguardian.com/us-news/live/2022/sep/29/hurricane-ian-latest-updates-live-news-florida-storm"
      },
      {
        "datetime": "2022-09-30T00:09:20Z",
        "uri": "https://web.archive.org.au/awa/20220930000920mp_/https://www.theguardian.com/us-news/live/2022/sep/29/hurricane-ian-latest-updates-live-news-florida-storm"
      },
      {
        "datetime": "2022-09-30T01:30:25Z",
        "uri": "https://web.archive.org/web/20220930013025/https://www.theguardian.com/us-news/live/2022/sep/29/hurricane-ian-latest-updates-live-news-florida-storm"
      },
      {
        "datetime": "2022-09-30T04:24:45Z",
        "uri": "https://web.archive.org/web/20220930042445/https://www.theguardian.com/us-news/live/2022/sep/29/hurricane-ian-latest-updates-live-news-florida-storm"
      }
    ],
    "first": {
      "datetime": "2022-09-29T13:09:45Z",
      "uri": "https://web.archive.org/web/20220929130945/https://www.theguardian.com/us-news/live/2022/sep/29/hurricane-ian-latest-updates-live-news-florida-storm"
    },
    "last": {
      "datetime": "2022-09-30T04:24:45Z",
      "uri": "https://web.archive.org/web/20220930042445/https://www.theguardian.com/us-news/live/2022/sep/29/hurricane-ian-latest-updates-live-news-florida-storm"
    }
  },
  "timemap_uri": {
    "link_format": "http://localhost:1208/timemap/link/https://www.theguardian.com/us-news/live/2022/sep/29/hurricane-ian-latest-updates-live-news-florida-storm",
    "json_format": "http://localhost:1208/timemap/json/https://www.theguardian.com/us-news/live/2022/sep/29/hurricane-ian-latest-updates-live-news-florida-storm",
    "cdxj_format": "http://localhost:1208/timemap/cdxj/https://www.theguardian.com/us-news/live/2022/sep/29/hurricane-ian-latest-updates-live-news-florida-storm"
  },
  "timegate_uri": "http://localhost:1208/timegate/https://www.theguardian.com/us-news/live/2022/sep/29/hurricane-ian-latest-updates-live-news-florida-storm"
}
