{
  "original_uri": "https://donorbox.org/freearmyukraine",
  "self": "http://localhost:1208/timemap/json/https://donorbox.org/freearmyukraine",
  "mementos": {
    "list": [
      {
        "datetime": "2022-08-02T16:00:50Z",
        "uri": "https://web.archive.org/web/20220802160050/https://donorbox.org/freearmyukraine"
      },
      {
        "datetime": "2022-08-04T23:09:18Z",
        "uri": "https://web.archive.org/web/20220804230918/http://donorbox.org/freearmyukraine"
      },
      {
        "datetime": "2022-08-05T17:47:13Z",
        "uri": "https://web.archive.org/web/20220805174713/https://donorbox.org/freearmyukraine"
      },
      {
        "datetime": "2022-08-24T11:04:41Z",
        "uri": "https://web.archive.org/web/20220824110441/http://www.donorbox.org/freearmyukraine"
      },
      {
        "datetime": "2022-08-24T11:04:58Z",
        "uri": "https://web.archive.org/web/20220824110458/https://www.donorbox.org/freearmyukraine"
      },
      {
        "datetime": "2022-08-26T03:14:35Z",
        "uri": "https://web.archive.org/web/20220826031435/https://donorbox.org/freearmyukraine"
      },
      {
        "datetime": "2022-08-26T18:55:44Z",
        "uri": "https://web.archive.org/web/20220826185544/https://donorbox.org/freearmyukraine"
      },
      {
        "datetime": "2022-09-01T00:31:32Z",
        "uri": "https://web.archive.org/web/20220901003132/http://donorbox.org/freearmyukraine"
      },
      {
        "datetime": "2022-09-14T13:09:51Z",
        "uri": "https://web.archive.org/web/20220914130951/https://donorbox.org/freearmyukraine"
      },
      {
        "datetime": "2022-09-21T02:35:45Z",
        "uri": "https://web.archive.org/web/20220921023545/https://donorbox.org/freearmyukraine"
      },
      {
        "datetime": "2022-09-21T02:35:45Z",
        "uri": "https://web.archive.org/web/20220921023545/http://donorbox.org/freearmyukraine"
      },
      {
        "datetime": "2022-09-21T11:09:57Z",
        "uri": "https://web.archive.org/web/20220921110957/http://www.donorbox.org/freearmyukraine"
      },
      {
        "datetime": "2022-09-21T19:12:33Z",
        "uri": "https://web.archive.org/web/20220921191233/https://donorbox.org/freearmyukraine"
      },
      {
        "datetime": "2022-09-21T19:12:33Z",
        "uri": "https://web.archive.org/web/20220921191233/http://donorbox.org/freearmyukraine"
      },
      {
        "datetime": "2022-09-22T16:24:16Z",
        "uri": "https://web.archive.org/web/20220922162416/http://donorbox.org/freearmyukraine"
      },
      {
        "datetime": "2022-09-22T16:57:29Z",
        "uri": "https://web.archive.org/web/20220922165729/http://donorbox.org/freearmyukraine"
      },
      {
        "datetime": "2022-09-22T17:31:54Z",
        "uri": "https://web.archive.org/web/20220922173154/http://donorbox.org/freearmyukraine"
      },
      {
        "datetime": "2022-09-22T17:41:51Z",
        "uri": "https://web.archive.org/web/20220922174151/http://donorbox.org/freearmyukraine"
      },
      {
        "datetime": "2022-09-22T17:58:49Z",
        "uri": "https://web.archive.org/web/20220922175849/http://donorbox.org/freearmyukraine"
      },
      {
        "datetime": "2022-09-22T18:03:54Z",
        "uri": "https://web.archive.org/web/20220922180354/http://donorbox.org/freearmyukraine"
      },
      {
        "datetime": "2022-09-22T18:15:44Z",
        "uri": "https://web.archive.org/web/20220922181544/http://donorbox.org/freearmyukraine"
      },
      {
        "datetime": "2022-09-22T18:30:23Z",
        "uri": "https://web.archive.org/web/20220922183023/http://donorbox.org/freearmyukraine"
      },
      {
        "datetime": "2022-09-22T18:37:14Z",
        "uri": "https://web.archive.org/web/20220922183714/http://donorbox.org/freearmyukraine"
      },
      {
        "datetime": "2022-09-22T18:37:39Z",
        "uri": "https://web.archive.org/web/20220922183739/http://donorbox.org/freearmyukraine"
      },
      {
        "datetime": "2022-09-27T15:48:46Z",
        "uri": "https://web.archive.org/web/20220927154846/https://donorbox.org/freearmyukraine"
      },
      {
        "datetime": "2022-09-28T02:10:15Z",
        "uri": "https://web.archive.org/web/20220928021015/https://donorbox.org/freearmyukraine"
      }
    ],
    "first": {
      "datetime": "2022-08-02T16:00:50Z",
      "uri": "https://web.archive.org/web/20220802160050/https://donorbox.org/freearmyukraine"
    },
    "last": {
      "datetime": "2022-09-28T02:10:15Z",
      "uri": "https://web.archive.org/web/20220928021015/https://donorbox.org/freearmyukraine"
    }
  },
  "timemap_uri": {
    "link_format": "http://localhost:1208/timemap/link/https://donorbox.org/freearmyukraine",
    "json_format": "http://localhost:1208/timemap/json/https://donorbox.org/freearmyukraine",
    "cdxj_format": "http://localhost:1208/timemap/cdxj/https://donorbox.org/freearmyukraine"
  },
  "timegate_uri": "http://localhost:1208/timegate/https://donorbox.org/freearmyukraine"
}
