{
  "original_uri": "https://graphics.reuters.com/UKRAINE-CRISIS/EUROPE-GAS/zdvxozxzopx/",
  "self": "http://localhost:1208/timemap/json/https://graphics.reuters.com/UKRAINE-CRISIS/EUROPE-GAS/zdvxozxzopx/",
  "mementos": {
    "list": [
      {
        "datetime": "2022-08-11T21:16:07Z",
        "uri": "https://web.archive.org/web/20220811211607/https://graphics.reuters.com/UKRAINE-CRISIS/EUROPE-GAS/zdvxozxzopx/"
      },
      {
        "datetime": "2022-08-28T03:49:22Z",
        "uri": "https://web.archive.org/web/20220828034922/https://graphics.reuters.com/UKRAINE-CRISIS/EUROPE-GAS/zdvxozxzopx/"
      },
      {
        "datetime": "2022-09-04T17:27:32Z",
        "uri": "http://archive.md/20220904172732/https://graphics.reuters.com/UKRAINE-CRISIS/EUROPE-GAS/zdvxozxzopx/"
      },
      {
        "datetime": "2022-09-05T01:52:52Z",
        "uri": "https://web.archive.org/web/20220905015252/https://graphics.reuters.com/UKRAINE-CRISIS/EUROPE-GAS/zdvxozxzopx/"
      },
      {
        "datetime": "2022-09-06T22:21:02Z",
        "uri": "https://web.archive.org/web/20220906222102/https://graphics.reuters.com/UKRAINE-CRISIS/EUROPE-GAS/zdvxozxzopx/"
      },
      {
        "datetime": "2022-09-06T22:23:24Z",
        "uri": "https://web.archive.org/web/20220906222324/https://graphics.reuters.com/UKRAINE-CRISIS/EUROPE-GAS/zdvxozxzopx/"
      },
      {
        "datetime": "2022-09-06T22:39:31Z",
        "uri": "https://web.archive.org/web/20220906223931/https://graphics.reuters.com/UKRAINE-CRISIS/EUROPE-GAS/zdvxozxzopx/"
      },
      {
        "datetime": "2022-09-09T10:01:26Z",
        "uri": "https://web.archive.org/web/20220909100126/https://graphics.reuters.com/UKRAINE-CRISIS/EUROPE-GAS/zdvxozxzopx/"
      },
      {
        "datetime": "2022-09-09T18:00:46Z",
        "uri": "https://web.archive.org/web/20220909180046/https://graphics.reuters.com/UKRAINE-CRISIS/EUROPE-GAS/zdvxozxzopx/"
      },
      {
        "datetime": "2022-09-09T18:40:52Z",
        "uri": "https://web.archive.org/web/20220909184052/https://graphics.reuters.com/UKRAINE-CRISIS/EUROPE-GAS/zdvxozxzopx/"
      },
      {
        "datetime": "2022-09-20T17:22:52Z",
        "uri": "https://web.archive.org/web/20220920172252/https://graphics.reuters.com/UKRAINE-CRISIS/EUROPE-GAS/zdvxozxzopx/"
      },
      {
        "datetime": "2022-09-22T16:51:48Z",
        "uri": "https://web.archive.org/web/20220922165148/https://graphics.reuters.com/UKRAINE-CRISIS/EUROPE-GAS/zdvxozxzopx/"
      },
      {
        "datetime": "2022-09-26T17:54:03Z",
        "uri": "https://web.archive.org/web/20220926175403/https://graphics.reuters.com/UKRAINE-CRISIS/EUROPE-GAS/zdvxozxzopx/"
      },
      {
        "datetime": "2022-09-27T09:37:18Z",
        "uri": "https://web.archive.org/web/20220927093718/https://graphics.reuters.com/UKRAINE-CRISIS/EUROPE-GAS/zdvxozxzopx/"
      }
    ],
    "first": {
      "datetime": "2022-08-11T21:16:07Z",
      "uri": "https://web.archive.org/web/20220811211607/https://graphics.reuters.com/UKRAINE-CRISIS/EUROPE-GAS/zdvxozxzopx/"
    },
    "last": {
      "datetime": "2022-09-27T09:37:18Z",
      "uri": "https://web.archive.org/web/20220927093718/https://graphics.reuters.com/UKRAINE-CRISIS/EUROPE-GAS/zdvxozxzopx/"
    }
  },
  "timemap_uri": {
    "link_format": "http://localhost:1208/timemap/link/https://graphics.reuters.com/UKRAINE-CRISIS/EUROPE-GAS/zdvxozxzopx/",
    "json_format": "http://localhost:1208/timemap/json/https://graphics.reuters.com/UKRAINE-CRISIS/EUROPE-GAS/zdvxozxzopx/",
    "cdxj_format": "http://localhost:1208/timemap/cdxj/https://graphics.reuters.com/UKRAINE-CRISIS/EUROPE-GAS/zdvxozxzopx/"
  },
  "timegate_uri": "http://localhost:1208/timegate/https://graphics.reuters.com/UKRAINE-CRISIS/EUROPE-GAS/zdvxozxzopx/"
}
