{
  "original_uri": "https://www.nytimes.com/2022/09/29/us/politics/pentagon-command-ukraine.html",
  "self": "http://localhost:1208/timemap/json/https://www.nytimes.com/2022/09/29/us/politics/pentagon-command-ukraine.html",
  "mementos": {
    "list": [
      {
        "datetime": "2022-09-29T16:45:39Z",
        "uri": "https://web.archive.org/web/20220929164539/https://www.nytimes.com/2022/09/29/us/politics/pentagon-command-ukraine.html"
      },
      {
        "datetime": "2022-09-29T16:46:22Z",
        "uri": "http://archive.md/20220929164622/https://www.nytimes.com/2022/09/29/us/politics/pentagon-command-ukraine.html"
      },
      {
        "datetime": "2022-09-29T21:04:34Z",
        "uri": "https://web.archive.org/web/20220929210434/https://www.nytimes.com/2022/09/29/us/politics/pentagon-command-ukraine.html"
      },
      {
        "datetime": "2022-09-29T23:50:25Z",
        "uri": "https://web.archive.org/web/20220929235025/https://www.nytimes.com/2022/09/29/us/politics/pentagon-command-ukraine.html"
      },
      {
        "datetime": "2022-09-30T01:51:01Z",
        "uri": "https://web.archive.org/web/20220930015101/https://www.nytimes.com/2022/09/29/us/politics/pentagon-command-ukraine.html"
      },
      {
        "datetime": "2022-09-30T14:13:26Z",
        "uri": "http://archive.md/20220930141326/https://www.nytimes.com/2022/09/29/us/politics/pentagon-command-ukraine.html"
      },
      {
        "datetime": "2022-09-30T15:38:38Z",
        "uri": "https://web.archive.org/web/20220930153838/https://www.nytimes.com/2022/09/29/us/politics/pentagon-command-ukraine.html"
      }
    ],
    "first": {
      "datetime": "2022-09-29T16:45:39Z",
      "uri": "https://web.archive.org/web/20220929164539/https://www.nytimes.com/2022/09/29/us/politics/pentagon-command-ukraine.html"
    },
    "last": {
      "datetime": "2022-09-30T15:38:38Z",
      "uri": "https://web.archive.org/web/20220930153838/https://www.nytimes.com/2022/09/29/us/politics/pentagon-command-ukraine.html"
    }
  },
  "timemap_uri": {
    "link_format": "http://localhost:1208/timemap/link/https://www.nytimes.com/2022/09/29/us/politics/pentagon-command-ukraine.html",
    "json_format": "http://localhost:1208/timemap/json/https://www.nytimes.com/2022/09/29/us/politics/pentagon-command-ukraine.html",
    "cdxj_format": "http://localhost:1208/timemap/cdxj/https://www.nytimes.com/2022/09/29/us/politics/pentagon-command-ukraine.html"
  },
  "timegate_uri": "http://localhost:1208/timegate/https://www.nytimes.com/2022/09/29/us/politics/pentagon-command-ukraine.html"
}
