{
  "original_uri": "https://www.newsweek.com/2022/10/14/biden-thinks-non-nuclear-threats-will-stop-putin-his-military-doesnt-1747343.html",
  "self": "http://localhost:1208/timemap/json/https://www.newsweek.com/2022/10/14/biden-thinks-non-nuclear-threats-will-stop-putin-his-military-doesnt-1747343.html",
  "mementos": {
    "list": [
      {
        "datetime": "2022-09-30T11:44:13Z",
        "uri": "http://archive.md/20220930114413/https://www.newsweek.com/2022/10/14/biden-thinks-non-nuclear-threats-will-stop-putin-his-military-doesnt-1747343.html"
      }
    ],
    "first": {
      "datetime": "2022-09-30T11:44:13Z",
      "uri": "http://archive.md/20220930114413/https://www.newsweek.com/2022/10/14/biden-thinks-non-nuclear-threats-will-stop-putin-his-military-doesnt-1747343.html"
    },
    "last": {
      "datetime": "2022-09-30T11:44:13Z",
      "uri": "http://archive.md/20220930114413/https://www.newsweek.com/2022/10/14/biden-thinks-non-nuclear-threats-will-stop-putin-his-military-doesnt-1747343.html"
    }
  },
  "timemap_uri": {
    "link_format": "http://localhost:1208/timemap/link/https://www.newsweek.com/2022/10/14/biden-thinks-non-nuclear-threats-will-stop-putin-his-military-doesnt-1747343.html",
    "json_format": "http://localhost:1208/timemap/json/https://www.newsweek.com/2022/10/14/biden-thinks-non-nuclear-threats-will-stop-putin-his-military-doesnt-1747343.html",
    "cdxj_format": "http://localhost:1208/timemap/cdxj/https://www.newsweek.com/2022/10/14/biden-thinks-non-nuclear-threats-will-stop-putin-his-military-doesnt-1747343.html"
  },
  "timegate_uri": "http://localhost:1208/timegate/https://www.newsweek.com/2022/10/14/biden-thinks-non-nuclear-threats-will-stop-putin-his-military-doesnt-1747343.html"
}
