{
  "original_uri": "https://www.jewishpolicycenter.org/2022/09/28/who-gains-most-from-nord-stream-sabotage/",
  "self": "http://localhost:1208/timemap/json/https://www.jewishpolicycenter.org/2022/09/28/who-gains-most-from-nord-stream-sabotage/",
  "mementos": {
    "list": [
      {
        "datetime": "2022-09-29T18:57:06Z",
        "uri": "http://archive.md/20220929185706/https://www.jewishpolicycenter.org/2022/09/28/who-gains-most-from-nord-stream-sabotage/"
      }
    ],
    "first": {
      "datetime": "2022-09-29T18:57:06Z",
      "uri": "http://archive.md/20220929185706/https://www.jewishpolicycenter.org/2022/09/28/who-gains-most-from-nord-stream-sabotage/"
    },
    "last": {
      "datetime": "2022-09-29T18:57:06Z",
      "uri": "http://archive.md/20220929185706/https://www.jewishpolicycenter.org/2022/09/28/who-gains-most-from-nord-stream-sabotage/"
    }
  },
  "timemap_uri": {
    "link_format": "http://localhost:1208/timemap/link/https://www.jewishpolicycenter.org/2022/09/28/who-gains-most-from-nord-stream-sabotage/",
    "json_format": "http://localhost:1208/timemap/json/https://www.jewishpolicycenter.org/2022/09/28/who-gains-most-from-nord-stream-sabotage/",
    "cdxj_format": "http://localhost:1208/timemap/cdxj/https://www.jewishpolicycenter.org/2022/09/28/who-gains-most-from-nord-stream-sabotage/"
  },
  "timegate_uri": "http://localhost:1208/timegate/https://www.jewishpolicycenter.org/2022/09/28/who-gains-most-from-nord-stream-sabotage/"
}
