{
  "original_uri": "http://down.zuo.la/",
  "self": "http://localhost:1208/timemap/json/http://down.zuo.la/",
  "mementos": {
    "list": [
      {
        "datetime": "2021-07-27T12:56:49Z",
        "uri": "https://web.archive.org/web/20210727125649/https://down.zuo.la/"
      },
      {
        "datetime": "2021-07-27T12:57:04Z",
        "uri": "https://web.archive.org/web/20210727125704/https://down.zuo.la/"
      },
      {
        "datetime": "2021-07-27T13:07:17Z",
        "uri": "https://web.archive.org/web/20210727130717/http://down.zuo.la/"
      },
      {
        "datetime": "2022-06-18T10:55:59Z",
        "uri": "https://web.archive.org/web/20220618105559/https://down.zuo.la/"
      },
      {
        "datetime": "2022-06-18T10:56:06Z",
        "uri": "https://web.archive.org/web/20220618105606/http://down.zuo.la/"
      },
      {
        "datetime": "2022-09-21T00:24:48Z",
        "uri": "https://web.archive.org/web/20220921002448/http://down.zuo.la/"
      },
      {
        "datetime": "2022-09-21T00:56:40Z",
        "uri": "https://web.archive.org/web/20220921005640/http://down.zuo.la/"
      }
    ],
    "first": {
      "datetime": "2021-07-27T12:56:49Z",
      "uri": "https://web.archive.org/web/20210727125649/https://down.zuo.la/"
    },
    "last": {
      "datetime": "2022-09-21T00:56:40Z",
      "uri": "https://web.archive.org/web/20220921005640/http://down.zuo.la/"
    }
  },
  "timemap_uri": {
    "link_format": "http://localhost:1208/timemap/link/http://down.zuo.la/",
    "json_format": "http://localhost:1208/timemap/json/http://down.zuo.la/",
    "cdxj_format": "http://localhost:1208/timemap/cdxj/http://down.zuo.la/"
  },
  "timegate_uri": "http://localhost:1208/timegate/http://down.zuo.la/"
}
