{
  "original_uri": "https://www.ft.com/content/1315165d-3986-4671-972f-c1ce04104560",
  "self": "http://localhost:1208/timemap/json/https://www.ft.com/content/1315165d-3986-4671-972f-c1ce04104560",
  "mementos": {
    "list": [
      {
        "datetime": "2022-09-29T16:39:25Z",
        "uri": "http://archive.md/20220929163925/https://www.ft.com/content/1315165d-3986-4671-972f-c1ce04104560"
      }
    ],
    "first": {
      "datetime": "2022-09-29T16:39:25Z",
      "uri": "http://archive.md/20220929163925/https://www.ft.com/content/1315165d-3986-4671-972f-c1ce04104560"
    },
    "last": {
      "datetime": "2022-09-29T16:39:25Z",
      "uri": "http://archive.md/20220929163925/https://www.ft.com/content/1315165d-3986-4671-972f-c1ce04104560"
    }
  },
  "timemap_uri": {
    "link_format": "http://localhost:1208/timemap/link/https://www.ft.com/content/1315165d-3986-4671-972f-c1ce04104560",
    "json_format": "http://localhost:1208/timemap/json/https://www.ft.com/content/1315165d-3986-4671-972f-c1ce04104560",
    "cdxj_format": "http://localhost:1208/timemap/cdxj/https://www.ft.com/content/1315165d-3986-4671-972f-c1ce04104560"
  },
  "timegate_uri": "http://localhost:1208/timegate/https://www.ft.com/content/1315165d-3986-4671-972f-c1ce04104560"
}
