{
  "original_uri": "https://www.rosalux.de/en/news/id/46693/how-foreign-far-right-volunteers-are-arriving-to-fight-in-ukraine",
  "self": "http://localhost:1208/timemap/json/https://www.rosalux.de/en/news/id/46693/how-foreign-far-right-volunteers-are-arriving-to-fight-in-ukraine",
  "mementos": {
    "list": [
      {
        "datetime": "2022-07-11T09:15:18Z",
        "uri": "https://web.archive.org/web/20220711091518/https://www.rosalux.de/en/news/id/46693/how-foreign-far-right-volunteers-are-arriving-to-fight-in-ukraine"
      },
      {
        "datetime": "2022-08-03T17:07:01Z",
        "uri": "https://web.archive.org/web/20220803170701/https://www.rosalux.de/en/news/id/46693/how-foreign-far-right-volunteers-are-arriving-to-fight-in-ukraine"
      },
      {
        "datetime": "2022-09-22T06:40:40Z",
        "uri": "https://web.archive.org/web/20220922064040/https://www.rosalux.de/en/news/id/46693/how-foreign-far-right-volunteers-are-arriving-to-fight-in-ukraine"
      }
    ],
    "first": {
      "datetime": "2022-07-11T09:15:18Z",
      "uri": "https://web.archive.org/web/20220711091518/https://www.rosalux.de/en/news/id/46693/how-foreign-far-right-volunteers-are-arriving-to-fight-in-ukraine"
    },
    "last": {
      "datetime": "2022-09-22T06:40:40Z",
      "uri": "https://web.archive.org/web/20220922064040/https://www.rosalux.de/en/news/id/46693/how-foreign-far-right-volunteers-are-arriving-to-fight-in-ukraine"
    }
  },
  "timemap_uri": {
    "link_format": "http://localhost:1208/timemap/link/https://www.rosalux.de/en/news/id/46693/how-foreign-far-right-volunteers-are-arriving-to-fight-in-ukraine",
    "json_format": "http://localhost:1208/timemap/json/https://www.rosalux.de/en/news/id/46693/how-foreign-far-right-volunteers-are-arriving-to-fight-in-ukraine",
    "cdxj_format": "http://localhost:1208/timemap/cdxj/https://www.rosalux.de/en/news/id/46693/how-foreign-far-right-volunteers-are-arriving-to-fight-in-ukraine"
  },
  "timegate_uri": "http://localhost:1208/timegate/https://www.rosalux.de/en/news/id/46693/how-foreign-far-right-volunteers-are-arriving-to-fight-in-ukraine"
}
