{
  "original_uri": "https://www.cnn.com/2022/09/29/europe/annexation-russia-ukraine-analysis-intl/index.html",
  "self": "http://localhost:1208/timemap/json/https://www.cnn.com/2022/09/29/europe/annexation-russia-ukraine-analysis-intl/index.html",
  "mementos": {
    "list": [
      {
        "datetime": "2022-09-30T09:43:53Z",
        "uri": "https://wayback.archive-it.org/all/20220930094353/https://www.cnn.com/2022/09/29/europe/annexation-russia-ukraine-analysis-intl/index.html"
      }
    ],
    "first": {
      "datetime": "2022-09-30T09:43:53Z",
      "uri": "https://wayback.archive-it.org/all/20220930094353/https://www.cnn.com/2022/09/29/europe/annexation-russia-ukraine-analysis-intl/index.html"
    },
    "last": {
      "datetime": "2022-09-30T09:43:53Z",
      "uri": "https://wayback.archive-it.org/all/20220930094353/https://www.cnn.com/2022/09/29/europe/annexation-russia-ukraine-analysis-intl/index.html"
    }
  },
  "timemap_uri": {
    "link_format": "http://localhost:1208/timemap/link/https://www.cnn.com/2022/09/29/europe/annexation-russia-ukraine-analysis-intl/index.html",
    "json_format": "http://localhost:1208/timemap/json/https://www.cnn.com/2022/09/29/europe/annexation-russia-ukraine-analysis-intl/index.html",
    "cdxj_format": "http://localhost:1208/timemap/cdxj/https://www.cnn.com/2022/09/29/europe/annexation-russia-ukraine-analysis-intl/index.html"
  },
  "timegate_uri": "http://localhost:1208/timegate/https://www.cnn.com/2022/09/29/europe/annexation-russia-ukraine-analysis-intl/index.html"
}
