{
  "original_uri": "https://www.rferl.org/a/russia-us-un-vote-telecom/32058177.html#0_8_10089_8766_2710_243732339",
  "self": "http://localhost:1208/timemap/json/https://www.rferl.org/a/russia-us-un-vote-telecom/32058177.html#0_8_10089_8766_2710_243732339",
  "mementos": {
    "list": [
      {
        "datetime": "2022-09-30T01:28:25Z",
        "uri": "https://wayback.archive-it.org/all/20220930012825/https://www.rferl.org/a/russia-us-un-vote-telecom/32058177.html"
      },
      {
        "datetime": "2022-09-30T13:35:19Z",
        "uri": "https://wayback.archive-it.org/all/20220930133519/https://www.rferl.org/a/russia-us-un-vote-telecom/32058177.html"
      },
      {
        "datetime": "2022-10-01T09:44:07Z",
        "uri": "https://wayback.archive-it.org/all/20221001094407/https://www.rferl.org/a/russia-us-un-vote-telecom/32058177.html"
      }
    ],
    "first": {
      "datetime": "2022-09-30T01:28:25Z",
      "uri": "https://wayback.archive-it.org/all/20220930012825/https://www.rferl.org/a/russia-us-un-vote-telecom/32058177.html"
    },
    "last": {
      "datetime": "2022-10-01T09:44:07Z",
      "uri": "https://wayback.archive-it.org/all/20221001094407/https://www.rferl.org/a/russia-us-un-vote-telecom/32058177.html"
    }
  },
  "timemap_uri": {
    "link_format": "http://localhost:1208/timemap/link/https://www.rferl.org/a/russia-us-un-vote-telecom/32058177.html#0_8_10089_8766_2710_243732339",
    "json_format": "http://localhost:1208/timemap/json/https://www.rferl.org/a/russia-us-un-vote-telecom/32058177.html#0_8_10089_8766_2710_243732339",
    "cdxj_format": "http://localhost:1208/timemap/cdxj/https://www.rferl.org/a/russia-us-un-vote-telecom/32058177.html#0_8_10089_8766_2710_243732339"
  },
  "timegate_uri": "http://localhost:1208/timegate/https://www.rferl.org/a/russia-us-un-vote-telecom/32058177.html#0_8_10089_8766_2710_243732339"
}
