{
  "original_uri": "https://euromaidanpress.com/2022/03/02/ukraine-will-release-russian-pows-to-their-mothers-if-they-come-get-them-personally/",
  "self": "http://localhost:1208/timemap/json/https://euromaidanpress.com/2022/03/02/ukraine-will-release-russian-pows-to-their-mothers-if-they-come-get-them-personally/",
  "mementos": {
    "list": [
      {
        "datetime": "2022-03-02T21:41:51Z",
        "uri": "https://web.archive.org/web/20220302214151/https://euromaidanpress.com/2022/03/02/ukraine-will-release-russian-pows-to-their-mothers-if-they-come-get-them-personally/"
      },
      {
        "datetime": "2022-03-02T21:42:53Z",
        "uri": "https://web.archive.org/web/20220302214253/https://euromaidanpress.com/2022/03/02/ukraine-will-release-russian-pows-to-their-mothers-if-they-come-get-them-personally/"
      },
      {
        "datetime": "2022-03-03T00:27:18Z",
        "uri": "https://web.archive.org/web/20220303002718/https://euromaidanpress.com/2022/03/02/ukraine-will-release-russian-pows-to-their-mothers-if-they-come-get-them-personally/"
      },
      {
        "datetime": "2022-03-03T01:53:31Z",
        "uri": "https://web.archive.org/web/20220303015331/https://euromaidanpress.com/2022/03/02/ukraine-will-release-russian-pows-to-their-mothers-if-they-come-get-them-personally/"
      },
      {
        "datetime": "2022-03-03T08:18:57Z",
        "uri": "https://web.archive.org/web/20220303081857/https://euromaidanpress.com/2022/03/02/ukraine-will-release-russian-pows-to-their-mothers-if-they-come-get-them-personally/"
      },
      {
        "datetime": "2022-03-03T09:43:42Z",
        "uri": "https://web.archive.org/web/20220303094342/https://euromaidanpress.com/2022/03/02/ukraine-will-release-russian-pows-to-their-mothers-if-they-come-get-them-personally/"
      },
      {
        "datetime": "2022-03-04T00:02:38Z",
        "uri": "https://wayback.archive-it.org/all/20220304000238/https://euromaidanpress.com/2022/03/02/ukraine-will-release-russian-pows-to-their-mothers-if-they-come-get-them-personally/"
      },
      {
        "datetime": "2022-03-04T00:02:38Z",
        "uri": "https://web.archive.org/web/20220304000238/https://euromaidanpress.com/2022/03/02/ukraine-will-release-russian-pows-to-their-mothers-if-they-come-get-them-personally/"
      },
      {
        "datetime": "2022-03-05T09:49:14Z",
        "uri": "https://wayback.archive-it.org/all/20220305094914/https://euromaidanpress.com/2022/03/02/ukraine-will-release-russian-pows-to-their-mothers-if-they-come-get-them-personally/"
      },
      {
        "datetime": "2022-03-05T09:49:14Z",
        "uri": "https://web.archive.org/web/20220305094914/https://euromaidanpress.com/2022/03/02/ukraine-will-release-russian-pows-to-their-mothers-if-they-come-get-them-personally/"
      },
      {
        "datetime": "2022-03-09T15:36:08Z",
        "uri": "https://web.archive.org/web/20220309153608/https://euromaidanpress.com/2022/03/02/ukraine-will-release-russian-pows-to-their-mothers-if-they-come-get-them-personally/"
      },
      {
        "datetime": "2022-04-17T10:18:04Z",
        "uri": "https://web.archive.org/web/20220417101804/https://euromaidanpress.com/2022/03/02/ukraine-will-release-russian-pows-to-their-mothers-if-they-come-get-them-personally/"
      },
      {
        "datetime": "2022-04-24T22:49:50Z",
        "uri": "https://web.archive.org/web/20220424224950/https://euromaidanpress.com/2022/03/02/ukraine-will-release-russian-pows-to-their-mothers-if-they-come-get-them-personally/"
      }
    ],
    "first": {
      "datetime": "2022-03-02T21:41:51Z",
      "uri": "https://web.archive.org/web/20220302214151/https://euromaidanpress.com/2022/03/02/ukraine-will-release-russian-pows-to-their-mothers-if-they-come-get-them-personally/"
    },
    "last": {
      "datetime": "2022-04-24T22:49:50Z",
      "uri": "https://web.archive.org/web/20220424224950/https://euromaidanpress.com/2022/03/02/ukraine-will-release-russian-pows-to-their-mothers-if-they-come-get-them-personally/"
    }
  },
  "timemap_uri": {
    "link_format": "http://localhost:1208/timemap/link/https://euromaidanpress.com/2022/03/02/ukraine-will-release-russian-pows-to-their-mothers-if-they-come-get-them-personally/",
    "json_format": "http://localhost:1208/timemap/json/https://euromaidanpress.com/2022/03/02/ukraine-will-release-russian-pows-to-their-mothers-if-they-come-get-them-personally/",
    "cdxj_format": "http://localhost:1208/timemap/cdxj/https://euromaidanpress.com/2022/03/02/ukraine-will-release-russian-pows-to-their-mothers-if-they-come-get-them-personally/"
  },
  "timegate_uri": "http://localhost:1208/timegate/https://euromaidanpress.com/2022/03/02/ukraine-will-release-russian-pows-to-their-mothers-if-they-come-get-them-personally/"
}
