{
  "original_uri": "https://londoncenter.org/Biden_DOJ_Energy",
  "self": "http://localhost:1208/timemap/json/https://londoncenter.org/Biden_DOJ_Energy",
  "mementos": {
    "list": [
      {
        "datetime": "2022-05-15T14:40:37Z",
        "uri": "https://web.archive.org/web/20220515144037/https://londoncenter.org/Biden_DOJ_Energy"
      },
      {
        "datetime": "2022-05-27T11:05:41Z",
        "uri": "https://web.archive.org/web/20220527110541/https://www.londoncenter.org/Biden_DOJ_Energy"
      }
    ],
    "first": {
      "datetime": "2022-05-15T14:40:37Z",
      "uri": "https://web.archive.org/web/20220515144037/https://londoncenter.org/Biden_DOJ_Energy"
    },
    "last": {
      "datetime": "2022-05-27T11:05:41Z",
      "uri": "https://web.archive.org/web/20220527110541/https://www.londoncenter.org/Biden_DOJ_Energy"
    }
  },
  "timemap_uri": {
    "link_format": "http://localhost:1208/timemap/link/https://londoncenter.org/Biden_DOJ_Energy",
    "json_format": "http://localhost:1208/timemap/json/https://londoncenter.org/Biden_DOJ_Energy",
    "cdxj_format": "http://localhost:1208/timemap/cdxj/https://londoncenter.org/Biden_DOJ_Energy"
  },
  "timegate_uri": "http://localhost:1208/timegate/https://londoncenter.org/Biden_DOJ_Energy"
}
