{
  "original_uri": "https://www.pbs.org/newshour/amp/politics/president-biden-warns-of-another-tough-hurricane-season-this-year",
  "self": "http://localhost:1208/timemap/json/https://www.pbs.org/newshour/amp/politics/president-biden-warns-of-another-tough-hurricane-season-this-year",
  "mementos": {
    "list": [
      {
        "datetime": "2022-05-18T20:04:30Z",
        "uri": "https://web.archive.org/web/20220518200430/https://www.pbs.org/newshour/amp/politics/president-biden-warns-of-another-tough-hurricane-season-this-year"
      },
      {
        "datetime": "2022-05-18T20:23:04Z",
        "uri": "https://web.archive.org/web/20220518202304/https://www.pbs.org/newshour/amp/politics/president-biden-warns-of-another-tough-hurricane-season-this-year"
      },
      {
        "datetime": "2022-05-19T16:43:16Z",
        "uri": "https://web.archive.org/web/20220519164316/https://www.pbs.org/newshour/amp/politics/president-biden-warns-of-another-tough-hurricane-season-this-year"
      },
      {
        "datetime": "2022-05-20T19:24:41Z",
        "uri": "https://web.archive.org/web/20220520192441/https://www.pbs.org/newshour/amp/politics/president-biden-warns-of-another-tough-hurricane-season-this-year"
      },
      {
        "datetime": "2022-05-20T21:22:40Z",
        "uri": "https://web.archive.org/web/20220520212240/https://www.pbs.org/newshour/amp/politics/president-biden-warns-of-another-tough-hurricane-season-this-year"
      },
      {
        "datetime": "2022-05-21T21:33:25Z",
        "uri": "https://web.archive.org/web/20220521213325/https://www.pbs.org/newshour/amp/politics/president-biden-warns-of-another-tough-hurricane-season-this-year"
      },
      {
        "datetime": "2022-05-22T21:53:13Z",
        "uri": "https://web.archive.org/web/20220522215313/https://www.pbs.org/newshour/amp/politics/president-biden-warns-of-another-tough-hurricane-season-this-year"
      },
      {
        "datetime": "2022-05-23T23:35:05Z",
        "uri": "https://web.archive.org/web/20220523233505/https://www.pbs.org/newshour/amp/politics/president-biden-warns-of-another-tough-hurricane-season-this-year"
      },
      {
        "datetime": "2022-05-24T22:56:10Z",
        "uri": "https://web.archive.org/web/20220524225610/https://www.pbs.org/newshour/amp/politics/president-biden-warns-of-another-tough-hurricane-season-this-year"
      },
      {
        "datetime": "2022-05-26T04:40:36Z",
        "uri": "https://web.archive.org/web/20220526044036/https://www.pbs.org/newshour/amp/politics/president-biden-warns-of-another-tough-hurricane-season-this-year"
      },
      {
        "datetime": "2022-05-27T04:06:19Z",
        "uri": "https://web.archive.org/web/20220527040619/https://www.pbs.org/newshour/amp/politics/president-biden-warns-of-another-tough-hurricane-season-this-year"
      },
      {
        "datetime": "2022-05-28T04:50:32Z",
        "uri": "https://web.archive.org/web/20220528045032/https://www.pbs.org/newshour/amp/politics/president-biden-warns-of-another-tough-hurricane-season-this-year"
      },
      {
        "datetime": "2022-05-29T04:50:56Z",
        "uri": "https://web.archive.org/web/20220529045056/https://www.pbs.org/newshour/amp/politics/president-biden-warns-of-another-tough-hurricane-season-this-year"
      },
      {
        "datetime": "2022-05-30T04:55:50Z",
        "uri": "https://web.archive.org/web/20220530045550/https://www.pbs.org/newshour/amp/politics/president-biden-warns-of-another-tough-hurricane-season-this-year"
      },
      {
        "datetime": "2022-05-31T05:39:57Z",
        "uri": "https://web.archive.org/web/20220531053957/https://www.pbs.org/newshour/amp/politics/president-biden-warns-of-another-tough-hurricane-season-this-year"
      },
      {
        "datetime": "2022-06-01T07:07:49Z",
        "uri": "https://web.archive.org/web/20220601070749/https://www.pbs.org/newshour/amp/politics/president-biden-warns-of-another-tough-hurricane-season-this-year"
      },
      {
        "datetime": "2022-06-01T20:04:25Z",
        "uri": "https://wayback.archive-it.org/all/20220601200425/https://www.pbs.org/newshour/amp/politics/president-biden-warns-of-another-tough-hurricane-season-this-year"
      },
      {
        "datetime": "2022-06-01T20:04:25Z",
        "uri": "https://web.archive.org/web/20220601200425/https://www.pbs.org/newshour/amp/politics/president-biden-warns-of-another-tough-hurricane-season-this-year"
      },
      {
        "datetime": "2022-06-02T05:53:26Z",
        "uri": "https://web.archive.org/web/20220602055326/https://www.pbs.org/newshour/amp/politics/president-biden-warns-of-another-tough-hurricane-season-this-year"
      },
      {
        "datetime": "2022-06-03T12:00:28Z",
        "uri": "https://web.archive.org/web/20220603120028/https://www.pbs.org/newshour/amp/politics/president-biden-warns-of-another-tough-hurricane-season-this-year"
      },
      {
        "datetime": "2022-06-04T01:20:57Z",
        "uri": "https://web.archive.org/web/20220604012057/https://www.pbs.org/newshour/amp/politics/president-biden-warns-of-another-tough-hurricane-season-this-year"
      },
      {
        "datetime": "2022-06-04T23:58:59Z",
        "uri": "https://web.archive.org/web/20220604235859/https://www.pbs.org/newshour/amp/politics/president-biden-warns-of-another-tough-hurricane-season-this-year"
      },
      {
        "datetime": "2022-06-05T23:22:24Z",
        "uri": "https://web.archive.org/web/20220605232224/https://www.pbs.org/newshour/amp/politics/president-biden-warns-of-another-tough-hurricane-season-this-year"
      },
      {
        "datetime": "2022-06-07T01:30:12Z",
        "uri": "https://web.archive.org/web/20220607013012/https://www.pbs.org/newshour/amp/politics/president-biden-warns-of-another-tough-hurricane-season-this-year"
      },
      {
        "datetime": "2022-06-08T02:10:35Z",
        "uri": "https://web.archive.org/web/20220608021035/https://www.pbs.org/newshour/amp/politics/president-biden-warns-of-another-tough-hurricane-season-this-year"
      },
      {
        "datetime": "2022-06-09T02:37:35Z",
        "uri": "https://web.archive.org/web/20220609023735/https://www.pbs.org/newshour/amp/politics/president-biden-warns-of-another-tough-hurricane-season-this-year"
      },
      {
        "datetime": "2022-06-09T17:00:33Z",
        "uri": "https://web.archive.org/web/20220609170033/https://www.pbs.org/newshour/amp/politics/president-biden-warns-of-another-tough-hurricane-season-this-year"
      },
      {
        "datetime": "2022-06-10T17:34:34Z",
        "uri": "https://web.archive.org/web/20220610173434/https://www.pbs.org/newshour/amp/politics/president-biden-warns-of-another-tough-hurricane-season-this-year"
      },
      {
        "datetime": "2022-06-11T19:01:19Z",
        "uri": "https://web.archive.org/web/20220611190119/https://www.pbs.org/newshour/amp/politics/president-biden-warns-of-another-tough-hurricane-season-this-year"
      },
      {
        "datetime": "2022-06-12T19:24:30Z",
        "uri": "https://web.archive.org/web/20220612192430/https://www.pbs.org/newshour/amp/politics/president-biden-warns-of-another-tough-hurricane-season-this-year"
      },
      {
        "datetime": "2022-06-13T20:21:06Z",
        "uri": "https://web.archive.org/web/20220613202106/https://www.pbs.org/newshour/amp/politics/president-biden-warns-of-another-tough-hurricane-season-this-year"
      },
      {
        "datetime": "2022-06-13T23:25:27Z",
        "uri": "https://web.archive.org/web/20220613232527/https://www.pbs.org/newshour/amp/politics/president-biden-warns-of-another-tough-hurricane-season-this-year"
      },
      {
        "datetime": "2022-06-14T19:17:13Z",
        "uri": "https://web.archive.org/web/20220614191713/https://www.pbs.org/newshour/amp/politics/president-biden-warns-of-another-tough-hurricane-season-this-year"
      },
      {
        "datetime": "2022-06-14T21:13:48Z",
        "uri": "https://web.archive.org/web/20220614211348/https://www.pbs.org/newshour/amp/politics/president-biden-warns-of-another-tough-hurricane-season-this-year"
      },
      {
        "datetime": "2022-06-15T21:07:32Z",
        "uri": "https://web.archive.org/web/20220615210732/https://www.pbs.org/newshour/amp/politics/president-biden-warns-of-another-tough-hurricane-season-this-year"
      },
      {
        "datetime": "2022-06-16T21:54:42Z",
        "uri": "https://web.archive.org/web/20220616215442/https://www.pbs.org/newshour/amp/politics/president-biden-warns-of-another-tough-hurricane-season-this-year"
      },
      {
        "datetime": "2022-06-17T22:07:24Z",
        "uri": "https://web.archive.org/web/20220617220724/https://www.pbs.org/newshour/amp/politics/president-biden-warns-of-another-tough-hurricane-season-this-year"
      },
      {
        "datetime": "2022-06-18T22:47:47Z",
        "uri": "https://web.archive.org/web/20220618224747/https://www.pbs.org/newshour/amp/politics/president-biden-warns-of-another-tough-hurricane-season-this-year"
      },
      {
        "datetime": "2022-06-19T23:23:17Z",
        "uri": "https://web.archive.org/web/20220619232317/https://www.pbs.org/newshour/amp/politics/president-biden-warns-of-another-tough-hurricane-season-this-year"
      },
      {
        "datetime": "2022-06-20T23:53:07Z",
        "uri": "https://web.archive.org/web/20220620235307/https://www.pbs.org/newshour/amp/politics/president-biden-warns-of-another-tough-hurricane-season-this-year"
      },
      {
        "datetime": "2022-06-21T06:40:27Z",
        "uri": "https://web.archive.org/web/20220621064027/https://www.pbs.org/newshour/amp/politics/president-biden-warns-of-another-tough-hurricane-season-this-year"
      },
      {
        "datetime": "2022-06-22T00:43:50Z",
        "uri": "https://web.archive.org/web/20220622004350/https://www.pbs.org/newshour/amp/politics/president-biden-warns-of-another-tough-hurricane-season-this-year"
      },
      {
        "datetime": "2022-06-23T00:27:40Z",
        "uri": "https://web.archive.org/web/20220623002740/https://www.pbs.org/newshour/amp/politics/president-biden-warns-of-another-tough-hurricane-season-this-year"
      },
      {
        "datetime": "2022-06-24T01:15:59Z",
        "uri": "https://web.archive.org/web/20220624011559/https://www.pbs.org/newshour/amp/politics/president-biden-warns-of-another-tough-hurricane-season-this-year"
      },
      {
        "datetime": "2022-06-24T14:55:00Z",
        "uri": "https://web.archive.org/web/20220624145500/https://www.pbs.org/newshour/amp/politics/president-biden-warns-of-another-tough-hurricane-season-this-year"
      },
      {
        "datetime": "2022-06-25T15:13:16Z",
        "uri": "https://web.archive.org/web/20220625151316/https://www.pbs.org/newshour/amp/politics/president-biden-warns-of-another-tough-hurricane-season-this-year"
      },
      {
        "datetime": "2022-06-26T15:54:34Z",
        "uri": "https://web.archive.org/web/20220626155434/https://www.pbs.org/newshour/amp/politics/president-biden-warns-of-another-tough-hurricane-season-this-year"
      },
      {
        "datetime": "2022-06-27T16:02:47Z",
        "uri": "https://web.archive.org/web/20220627160247/https://www.pbs.org/newshour/amp/politics/president-biden-warns-of-another-tough-hurricane-season-this-year"
      },
      {
        "datetime": "2022-06-28T16:35:33Z",
        "uri": "https://web.archive.org/web/20220628163533/https://www.pbs.org/newshour/amp/politics/president-biden-warns-of-another-tough-hurricane-season-this-year"
      },
      {
        "datetime": "2022-06-29T17:33:48Z",
        "uri": "https://web.archive.org/web/20220629173348/https://www.pbs.org/newshour/amp/politics/president-biden-warns-of-another-tough-hurricane-season-this-year"
      },
      {
        "datetime": "2022-06-30T18:23:52Z",
        "uri": "https://web.archive.org/web/20220630182352/https://www.pbs.org/newshour/amp/politics/president-biden-warns-of-another-tough-hurricane-season-this-year"
      },
      {
        "datetime": "2022-07-01T19:04:02Z",
        "uri": "https://web.archive.org/web/20220701190402/https://www.pbs.org/newshour/amp/politics/president-biden-warns-of-another-tough-hurricane-season-this-year"
      },
      {
        "datetime": "2022-07-02T19:08:19Z",
        "uri": "https://web.archive.org/web/20220702190819/https://www.pbs.org/newshour/amp/politics/president-biden-warns-of-another-tough-hurricane-season-this-year"
      },
      {
        "datetime": "2022-07-03T18:48:21Z",
        "uri": "https://web.archive.org/web/20220703184821/https://www.pbs.org/newshour/amp/politics/president-biden-warns-of-another-tough-hurricane-season-this-year"
      },
      {
        "datetime": "2022-07-04T19:24:44Z",
        "uri": "https://web.archive.org/web/20220704192444/https://www.pbs.org/newshour/amp/politics/president-biden-warns-of-another-tough-hurricane-season-this-year"
      },
      {
        "datetime": "2022-07-05T19:45:01Z",
        "uri": "https://web.archive.org/web/20220705194501/https://www.pbs.org/newshour/amp/politics/president-biden-warns-of-another-tough-hurricane-season-this-year"
      },
      {
        "datetime": "2022-07-06T20:16:16Z",
        "uri": "https://web.archive.org/web/20220706201616/https://www.pbs.org/newshour/amp/politics/president-biden-warns-of-another-tough-hurricane-season-this-year"
      },
      {
        "datetime": "2022-07-07T21:32:45Z",
        "uri": "https://web.archive.org/web/20220707213245/https://www.pbs.org/newshour/amp/politics/president-biden-warns-of-another-tough-hurricane-season-this-year"
      },
      {
        "datetime": "2022-07-08T23:42:54Z",
        "uri": "https://web.archive.org/web/20220708234254/https://www.pbs.org/newshour/amp/politics/president-biden-warns-of-another-tough-hurricane-season-this-year"
      },
      {
        "datetime": "2022-07-09T21:28:29Z",
        "uri": "https://web.archive.org/web/20220709212829/https://www.pbs.org/newshour/amp/politics/president-biden-warns-of-another-tough-hurricane-season-this-year"
      },
      {
        "datetime": "2022-07-10T22:04:55Z",
        "uri": "https://web.archive.org/web/20220710220455/https://www.pbs.org/newshour/amp/politics/president-biden-warns-of-another-tough-hurricane-season-this-year"
      },
      {
        "datetime": "2022-07-11T22:37:08Z",
        "uri": "https://web.archive.org/web/20220711223708/https://www.pbs.org/newshour/amp/politics/president-biden-warns-of-another-tough-hurricane-season-this-year"
      },
      {
        "datetime": "2022-07-12T16:58:42Z",
        "uri": "https://web.archive.org/web/20220712165842/https://www.pbs.org/newshour/amp/politics/president-biden-warns-of-another-tough-hurricane-season-this-year"
      },
      {
        "datetime": "2022-07-13T16:40:28Z",
        "uri": "https://web.archive.org/web/20220713164028/https://www.pbs.org/newshour/amp/politics/president-biden-warns-of-another-tough-hurricane-season-this-year"
      },
      {
        "datetime": "2022-07-14T18:31:47Z",
        "uri": "https://web.archive.org/web/20220714183147/https://www.pbs.org/newshour/amp/politics/president-biden-warns-of-another-tough-hurricane-season-this-year"
      },
      {
        "datetime": "2022-07-15T19:29:38Z",
        "uri": "https://web.archive.org/web/20220715192938/https://www.pbs.org/newshour/amp/politics/president-biden-warns-of-another-tough-hurricane-season-this-year"
      },
      {
        "datetime": "2022-07-16T18:59:03Z",
        "uri": "https://web.archive.org/web/20220716185903/https://www.pbs.org/newshour/amp/politics/president-biden-warns-of-another-tough-hurricane-season-this-year"
      },
      {
        "datetime": "2022-07-17T19:19:48Z",
        "uri": "https://web.archive.org/web/20220717191948/https://www.pbs.org/newshour/amp/politics/president-biden-warns-of-another-tough-hurricane-season-this-year"
      },
      {
        "datetime": "2022-07-18T20:14:00Z",
        "uri": "https://web.archive.org/web/20220718201400/https://www.pbs.org/newshour/amp/politics/president-biden-warns-of-another-tough-hurricane-season-this-year"
      },
      {
        "datetime": "2022-07-19T21:12:09Z",
        "uri": "https://web.archive.org/web/20220719211209/https://www.pbs.org/newshour/amp/politics/president-biden-warns-of-another-tough-hurricane-season-this-year"
      },
      {
        "datetime": "2022-07-20T22:05:53Z",
        "uri": "https://web.archive.org/web/20220720220553/https://www.pbs.org/newshour/amp/politics/president-biden-warns-of-another-tough-hurricane-season-this-year"
      },
      {
        "datetime": "2022-08-05T08:26:44Z",
        "uri": "https://web.archive.org/web/20220805082644/https://www.pbs.org/newshour/amp/politics/president-biden-warns-of-another-tough-hurricane-season-this-year"
      },
      {
        "datetime": "2022-08-19T11:26:45Z",
        "uri": "https://web.archive.org/web/20220819112645/https://www.pbs.org/newshour/amp/politics/president-biden-warns-of-another-tough-hurricane-season-this-year"
      },
      {
        "datetime": "2022-08-21T12:52:41Z",
        "uri": "https://web.archive.org/web/20220821125241/https://www.pbs.org/newshour/amp/politics/president-biden-warns-of-another-tough-hurricane-season-this-year"
      },
      {
        "datetime": "2022-09-21T21:22:33Z",
        "uri": "https://web.archive.org/web/20220921212233/https://www.pbs.org/newshour/amp/politics/president-biden-warns-of-another-tough-hurricane-season-this-year"
      }
    ],
    "first": {
      "datetime": "2022-05-18T20:04:30Z",
      "uri": "https://web.archive.org/web/20220518200430/https://www.pbs.org/newshour/amp/politics/president-biden-warns-of-another-tough-hurricane-season-this-year"
    },
    "last": {
      "datetime": "2022-09-21T21:22:33Z",
      "uri": "https://web.archive.org/web/20220921212233/https://www.pbs.org/newshour/amp/politics/president-biden-warns-of-another-tough-hurricane-season-this-year"
    }
  },
  "timemap_uri": {
    "link_format": "http://localhost:1208/timemap/link/https://www.pbs.org/newshour/amp/politics/president-biden-warns-of-another-tough-hurricane-season-this-year",
    "json_format": "http://localhost:1208/timemap/json/https://www.pbs.org/newshour/amp/politics/president-biden-warns-of-another-tough-hurricane-season-this-year",
    "cdxj_format": "http://localhost:1208/timemap/cdxj/https://www.pbs.org/newshour/amp/politics/president-biden-warns-of-another-tough-hurricane-season-this-year"
  },
  "timegate_uri": "http://localhost:1208/timegate/https://www.pbs.org/newshour/amp/politics/president-biden-warns-of-another-tough-hurricane-season-this-year"
}
