{
  "original_uri": "https://www.dailymail.co.uk/news/article-11263011/Biden-says-Giorgia-Melonis-victory-Italy-WARNING-American-democracy.html",
  "self": "http://localhost:1208/timemap/json/https://www.dailymail.co.uk/news/article-11263011/Biden-says-Giorgia-Melonis-victory-Italy-WARNING-American-democracy.html",
  "mementos": {
    "list": [
      {
        "datetime": "2022-09-29T18:21:42Z",
        "uri": "http://archive.md/20220929182142/https://www.dailymail.co.uk/news/article-11263011/Biden-says-Giorgia-Melonis-victory-Italy-WARNING-American-democracy.html"
      },
      {
        "datetime": "2022-09-29T21:41:21Z",
        "uri": "http://archive.md/20220929214121/https://www.dailymail.co.uk/news/article-11263011/Biden-says-Giorgia-Melonis-victory-Italy-WARNING-American-democracy.html"
      }
    ],
    "first": {
      "datetime": "2022-09-29T18:21:42Z",
      "uri": "http://archive.md/20220929182142/https://www.dailymail.co.uk/news/article-11263011/Biden-says-Giorgia-Melonis-victory-Italy-WARNING-American-democracy.html"
    },
    "last": {
      "datetime": "2022-09-29T21:41:21Z",
      "uri": "http://archive.md/20220929214121/https://www.dailymail.co.uk/news/article-11263011/Biden-says-Giorgia-Melonis-victory-Italy-WARNING-American-democracy.html"
    }
  },
  "timemap_uri": {
    "link_format": "http://localhost:1208/timemap/link/https://www.dailymail.co.uk/news/article-11263011/Biden-says-Giorgia-Melonis-victory-Italy-WARNING-American-democracy.html",
    "json_format": "http://localhost:1208/timemap/json/https://www.dailymail.co.uk/news/article-11263011/Biden-says-Giorgia-Melonis-victory-Italy-WARNING-American-democracy.html",
    "cdxj_format": "http://localhost:1208/timemap/cdxj/https://www.dailymail.co.uk/news/article-11263011/Biden-says-Giorgia-Melonis-victory-Italy-WARNING-American-democracy.html"
  },
  "timegate_uri": "http://localhost:1208/timegate/https://www.dailymail.co.uk/news/article-11263011/Biden-says-Giorgia-Melonis-victory-Italy-WARNING-American-democracy.html"
}
