{
  "original_uri": "https://www.axios.com/2022/09/27/labor-market-trump-biden",
  "self": "http://localhost:1208/timemap/json/https://www.axios.com/2022/09/27/labor-market-trump-biden",
  "mementos": {
    "list": [
      {
        "datetime": "2022-09-27T17:43:43Z",
        "uri": "https://web.archive.org/web/20220927174343/https://www.axios.com/2022/09/27/labor-market-trump-biden"
      },
      {
        "datetime": "2022-09-28T00:05:20Z",
        "uri": "https://web.archive.org/web/20220928000520/https://www.axios.com/2022/09/27/labor-market-trump-biden"
      },
      {
        "datetime": "2022-09-28T03:44:17Z",
        "uri": "https://web.archive.org/web/20220928034417/https://www.axios.com/2022/09/27/labor-market-trump-biden"
      }
    ],
    "first": {
      "datetime": "2022-09-27T17:43:43Z",
      "uri": "https://web.archive.org/web/20220927174343/https://www.axios.com/2022/09/27/labor-market-trump-biden"
    },
    "last": {
      "datetime": "2022-09-28T03:44:17Z",
      "uri": "https://web.archive.org/web/20220928034417/https://www.axios.com/2022/09/27/labor-market-trump-biden"
    }
  },
  "timemap_uri": {
    "link_format": "http://localhost:1208/timemap/link/https://www.axios.com/2022/09/27/labor-market-trump-biden",
    "json_format": "http://localhost:1208/timemap/json/https://www.axios.com/2022/09/27/labor-market-trump-biden",
    "cdxj_format": "http://localhost:1208/timemap/cdxj/https://www.axios.com/2022/09/27/labor-market-trump-biden"
  },
  "timegate_uri": "http://localhost:1208/timegate/https://www.axios.com/2022/09/27/labor-market-trump-biden"
}
