{
  "original_uri": "https://apnews.com/article/biden-health-lawsuits-covid-missouri-862d783188de45b698c54b00820d3616",
  "self": "http://localhost:1208/timemap/json/https://apnews.com/article/biden-health-lawsuits-covid-missouri-862d783188de45b698c54b00820d3616",
  "mementos": {
    "list": [
      {
        "datetime": "2022-09-29T16:20:05Z",
        "uri": "https://web.archive.org/web/20220929162005/https://apnews.com/article/biden-health-lawsuits-covid-missouri-862d783188de45b698c54b00820d3616"
      },
      {
        "datetime": "2022-09-29T17:55:21Z",
        "uri": "https://web.archive.org/web/20220929175521/https://apnews.com/article/biden-health-lawsuits-covid-missouri-862d783188de45b698c54b00820d3616"
      },
      {
        "datetime": "2022-09-29T18:12:08Z",
        "uri": "http://archive.md/20220929181208/https://apnews.com/article/biden-health-lawsuits-covid-missouri-862d783188de45b698c54b00820d3616"
      },
      {
        "datetime": "2022-09-30T01:08:56Z",
        "uri": "https://web.archive.org/web/20220930010856/https://apnews.com/article/biden-health-lawsuits-covid-missouri-862d783188de45b698c54b00820d3616"
      },
      {
        "datetime": "2022-09-30T02:11:24Z",
        "uri": "https://perma.cc/X8ZX-27NX"
      },
      {
        "datetime": "2022-09-30T15:54:33Z",
        "uri": "https://web.archive.org/web/20220930155433/https://apnews.com/article/biden-health-lawsuits-covid-missouri-862d783188de45b698c54b00820d3616"
      },
      {
        "datetime": "2022-09-30T18:22:51Z",
        "uri": "http://archive.md/20220930182251/https://apnews.com/article/biden-health-lawsuits-covid-missouri-862d783188de45b698c54b00820d3616"
      }
    ],
    "first": {
      "datetime": "2022-09-29T16:20:05Z",
      "uri": "https://web.archive.org/web/20220929162005/https://apnews.com/article/biden-health-lawsuits-covid-missouri-862d783188de45b698c54b00820d3616"
    },
    "last": {
      "datetime": "2022-09-30T18:22:51Z",
      "uri": "http://archive.md/20220930182251/https://apnews.com/article/biden-health-lawsuits-covid-missouri-862d783188de45b698c54b00820d3616"
    }
  },
  "timemap_uri": {
    "link_format": "http://localhost:1208/timemap/link/https://apnews.com/article/biden-health-lawsuits-covid-missouri-862d783188de45b698c54b00820d3616",
    "json_format": "http://localhost:1208/timemap/json/https://apnews.com/article/biden-health-lawsuits-covid-missouri-862d783188de45b698c54b00820d3616",
    "cdxj_format": "http://localhost:1208/timemap/cdxj/https://apnews.com/article/biden-health-lawsuits-covid-missouri-862d783188de45b698c54b00820d3616"
  },
  "timegate_uri": "http://localhost:1208/timegate/https://apnews.com/article/biden-health-lawsuits-covid-missouri-862d783188de45b698c54b00820d3616"
}
