{
  "original_uri": "https://piqsuite.com/Suite",
  "self": "http://localhost:1208/timemap/json/https://piqsuite.com/Suite",
  "mementos": {
    "list": [
      {
        "datetime": "2022-07-31T16:47:09Z",
        "uri": "https://web.archive.org/web/20220731164709/http://piqsuite.com/Suite"
      },
      {
        "datetime": "2022-07-31T21:17:53Z",
        "uri": "https://web.archive.org/web/20220731211753/https://piqsuite.com/Suite"
      },
      {
        "datetime": "2022-08-01T08:15:48Z",
        "uri": "https://web.archive.org/web/20220801081548/https://piqsuite.com/Suite"
      },
      {
        "datetime": "2022-08-01T18:23:44Z",
        "uri": "https://web.archive.org/web/20220801182344/https://piqsuite.com/suite"
      },
      {
        "datetime": "2022-08-07T03:40:22Z",
        "uri": "https://web.archive.org/web/20220807034022/https://piqsuite.com/Suite"
      },
      {
        "datetime": "2022-08-08T11:42:28Z",
        "uri": "https://web.archive.org/web/20220808114228/http://piqsuite.com/Suite"
      },
      {
        "datetime": "2022-08-08T16:09:30Z",
        "uri": "https://web.archive.org/web/20220808160930/http://piqsuite.com/suite"
      },
      {
        "datetime": "2022-08-09T05:25:13Z",
        "uri": "https://web.archive.org/web/20220809052513/http://piqsuite.com/Suite"
      },
      {
        "datetime": "2022-08-09T22:18:31Z",
        "uri": "https://web.archive.org/web/20220809221831/https://piqsuite.com/Suite"
      },
      {
        "datetime": "2022-08-09T22:18:31Z",
        "uri": "https://web.archive.org/web/20220809221831/http://piqsuite.com/Suite"
      },
      {
        "datetime": "2022-08-12T08:29:40Z",
        "uri": "https://web.archive.org/web/20220812082940/http://piqsuite.com/Suite"
      },
      {
        "datetime": "2022-08-14T03:24:57Z",
        "uri": "https://web.archive.org/web/20220814032457/https://piqsuite.com/Suite"
      },
      {
        "datetime": "2022-08-31T02:23:41Z",
        "uri": "https://web.archive.org/web/20220831022341/https://piqsuite.com/Suite"
      },
      {
        "datetime": "2022-08-31T02:23:41Z",
        "uri": "https://web.archive.org/web/20220831022341/http://piqsuite.com/Suite"
      },
      {
        "datetime": "2022-09-21T00:21:10Z",
        "uri": "https://web.archive.org/web/20220921002110/http://piqsuite.com/Suite"
      },
      {
        "datetime": "2022-09-21T00:29:22Z",
        "uri": "https://web.archive.org/web/20220921002922/http://piqsuite.com/Suite"
      },
      {
        "datetime": "2022-09-21T00:41:47Z",
        "uri": "https://web.archive.org/web/20220921004147/http://piqsuite.com/Suite"
      },
      {
        "datetime": "2022-09-21T00:55:35Z",
        "uri": "https://web.archive.org/web/20220921005535/http://piqsuite.com/Suite"
      },
      {
        "datetime": "2022-09-21T01:05:05Z",
        "uri": "https://web.archive.org/web/20220921010505/http://piqsuite.com/Suite"
      },
      {
        "datetime": "2022-09-21T01:17:20Z",
        "uri": "https://web.archive.org/web/20220921011720/http://piqsuite.com/Suite"
      },
      {
        "datetime": "2022-09-21T01:36:43Z",
        "uri": "https://web.archive.org/web/20220921013643/http://piqsuite.com/Suite"
      },
      {
        "datetime": "2022-09-21T01:51:47Z",
        "uri": "https://web.archive.org/web/20220921015147/http://piqsuite.com/Suite"
      },
      {
        "datetime": "2022-09-21T04:36:33Z",
        "uri": "https://web.archive.org/web/20220921043633/https://piqsuite.com/Suite"
      },
      {
        "datetime": "2022-09-21T05:49:19Z",
        "uri": "https://web.archive.org/web/20220921054919/https://piqsuite.com/Suite"
      },
      {
        "datetime": "2022-09-21T05:49:19Z",
        "uri": "https://web.archive.org/web/20220921054919/http://piqsuite.com/Suite"
      },
      {
        "datetime": "2022-09-21T09:50:37Z",
        "uri": "https://web.archive.org/web/20220921095037/http://piqsuite.com/Suite"
      },
      {
        "datetime": "2022-09-21T11:52:44Z",
        "uri": "https://web.archive.org/web/20220921115244/https://piqsuite.com/Suite"
      },
      {
        "datetime": "2022-09-21T11:52:44Z",
        "uri": "https://web.archive.org/web/20220921115244/http://piqsuite.com/Suite"
      },
      {
        "datetime": "2022-09-25T06:08:54Z",
        "uri": "https://web.archive.org/web/20220925060854/https://piqsuite.com/Suite"
      },
      {
        "datetime": "2022-09-26T12:25:48Z",
        "uri": "https://web.archive.org/web/20220926122548/https://piqsuite.com/Suite"
      }
    ],
    "first": {
      "datetime": "2022-07-31T16:47:09Z",
      "uri": "https://web.archive.org/web/20220731164709/http://piqsuite.com/Suite"
    },
    "last": {
      "datetime": "2022-09-26T12:25:48Z",
      "uri": "https://web.archive.org/web/20220926122548/https://piqsuite.com/Suite"
    }
  },
  "timemap_uri": {
    "link_format": "http://localhost:1208/timemap/link/https://piqsuite.com/Suite",
    "json_format": "http://localhost:1208/timemap/json/https://piqsuite.com/Suite",
    "cdxj_format": "http://localhost:1208/timemap/cdxj/https://piqsuite.com/Suite"
  },
  "timegate_uri": "http://localhost:1208/timegate/https://piqsuite.com/Suite"
}
