{
  "original_uri": "https://drewrowsome.blogspot.com/2022/09/queen-goneril-three-sisters-usurp-kings.html",
  "self": "http://localhost:1208/timemap/json/https://drewrowsome.blogspot.com/2022/09/queen-goneril-three-sisters-usurp-kings.html",
  "mementos": {
    "list": [
      {
        "datetime": "2022-09-07T13:06:52Z",
        "uri": "https://web.archive.org/web/20220907130652/https://drewrowsome.blogspot.com/2022/09/queen-goneril-three-sisters-usurp-kings.html"
      },
      {
        "datetime": "2022-09-07T13:23:27Z",
        "uri": "https://web.archive.org/web/20220907132327/https://drewrowsome.blogspot.com/2022/09/queen-goneril-three-sisters-usurp-kings.html"
      },
      {
        "datetime": "2022-09-07T13:23:28Z",
        "uri": "https://web.archive.org/web/20220907132328/https://drewrowsome.blogspot.com/2022/09/queen-goneril-three-sisters-usurp-kings.html"
      }
    ],
    "first": {
      "datetime": "2022-09-07T13:06:52Z",
      "uri": "https://web.archive.org/web/20220907130652/https://drewrowsome.blogspot.com/2022/09/queen-goneril-three-sisters-usurp-kings.html"
    },
    "last": {
      "datetime": "2022-09-07T13:23:28Z",
      "uri": "https://web.archive.org/web/20220907132328/https://drewrowsome.blogspot.com/2022/09/queen-goneril-three-sisters-usurp-kings.html"
    }
  },
  "timemap_uri": {
    "link_format": "http://localhost:1208/timemap/link/https://drewrowsome.blogspot.com/2022/09/queen-goneril-three-sisters-usurp-kings.html",
    "json_format": "http://localhost:1208/timemap/json/https://drewrowsome.blogspot.com/2022/09/queen-goneril-three-sisters-usurp-kings.html",
    "cdxj_format": "http://localhost:1208/timemap/cdxj/https://drewrowsome.blogspot.com/2022/09/queen-goneril-three-sisters-usurp-kings.html"
  },
  "timegate_uri": "http://localhost:1208/timegate/https://drewrowsome.blogspot.com/2022/09/queen-goneril-three-sisters-usurp-kings.html"
}
