{
  "original_uri": "https://apnews.com/article/queen-elizabeth-ii-king-charles-iii-bf9f9459a9f450dcc7d5278b779ee84b",
  "self": "http://localhost:1208/timemap/json/https://apnews.com/article/queen-elizabeth-ii-king-charles-iii-bf9f9459a9f450dcc7d5278b779ee84b",
  "mementos": {
    "list": [
      {
        "datetime": "2022-09-30T01:57:02Z",
        "uri": "https://web.archive.org/web/20220930015702/https://apnews.com/article/queen-elizabeth-ii-king-charles-iii-bf9f9459a9f450dcc7d5278b779ee84b"
      },
      {
        "datetime": "2022-10-01T01:18:10Z",
        "uri": "https://web.archive.org/web/20221001011810/https://apnews.com/article/queen-elizabeth-ii-king-charles-iii-bf9f9459a9f450dcc7d5278b779ee84b"
      }
    ],
    "first": {
      "datetime": "2022-09-30T01:57:02Z",
      "uri": "https://web.archive.org/web/20220930015702/https://apnews.com/article/queen-elizabeth-ii-king-charles-iii-bf9f9459a9f450dcc7d5278b779ee84b"
    },
    "last": {
      "datetime": "2022-10-01T01:18:10Z",
      "uri": "https://web.archive.org/web/20221001011810/https://apnews.com/article/queen-elizabeth-ii-king-charles-iii-bf9f9459a9f450dcc7d5278b779ee84b"
    }
  },
  "timemap_uri": {
    "link_format": "http://localhost:1208/timemap/link/https://apnews.com/article/queen-elizabeth-ii-king-charles-iii-bf9f9459a9f450dcc7d5278b779ee84b",
    "json_format": "http://localhost:1208/timemap/json/https://apnews.com/article/queen-elizabeth-ii-king-charles-iii-bf9f9459a9f450dcc7d5278b779ee84b",
    "cdxj_format": "http://localhost:1208/timemap/cdxj/https://apnews.com/article/queen-elizabeth-ii-king-charles-iii-bf9f9459a9f450dcc7d5278b779ee84b"
  },
  "timegate_uri": "http://localhost:1208/timegate/https://apnews.com/article/queen-elizabeth-ii-king-charles-iii-bf9f9459a9f450dcc7d5278b779ee84b"
}
