{
  "original_uri": "https://upscpractice.com/",
  "self": "http://localhost:1208/timemap/json/https://upscpractice.com/",
  "mementos": {
    "list": [
      {
        "datetime": "2018-08-08T12:01:03Z",
        "uri": "https://web.archive.org/web/20180808120103/http://upscpractice.com/"
      },
      {
        "datetime": "2021-06-13T23:46:24Z",
        "uri": "https://web.archive.org/web/20210613234624/https://upscpractice.com/"
      },
      {
        "datetime": "2021-06-14T05:17:00Z",
        "uri": "https://web.archive.org/web/20210614051700/http://upscpractice.com/"
      },
      {
        "datetime": "2021-06-14T05:17:01Z",
        "uri": "https://web.archive.org/web/20210614051701/https://upscpractice.com/"
      },
      {
        "datetime": "2021-07-26T18:46:17Z",
        "uri": "https://web.archive.org/web/20210726184617/https://upscpractice.com/"
      },
      {
        "datetime": "2021-08-06T17:44:45Z",
        "uri": "https://web.archive.org/web/20210806174445/https://upscpractice.com/"
      },
      {
        "datetime": "2021-08-06T17:46:23Z",
        "uri": "https://web.archive.org/web/20210806174623/https://upscpractice.com/"
      },
      {
        "datetime": "2021-11-01T11:12:06Z",
        "uri": "https://web.archive.org/web/20211101111206/https://upscpractice.com/"
      },
      {
        "datetime": "2021-11-27T00:10:09Z",
        "uri": "https://web.archive.org/web/20211127001009/https://upscpractice.com"
      },
      {
        "datetime": "2021-12-22T12:27:43Z",
        "uri": "https://web.archive.org/web/20211222122743/http://upscpractice.com/"
      },
      {
        "datetime": "2022-01-20T16:08:05Z",
        "uri": "https://web.archive.org/web/20220120160805/https://upscpractice.com"
      },
      {
        "datetime": "2022-01-20T17:07:49Z",
        "uri": "https://web.archive.org/web/20220120170749/https://upscpractice.com/"
      },
      {
        "datetime": "2022-03-28T21:25:00Z",
        "uri": "https://web.archive.org/web/20220328212500/https://upscpractice.com/"
      },
      {
        "datetime": "2022-09-21T06:39:51Z",
        "uri": "https://web.archive.org/web/20220921063951/https://upscpractice.com/"
      }
    ],
    "first": {
      "datetime": "2018-08-08T12:01:03Z",
      "uri": "https://web.archive.org/web/20180808120103/http://upscpractice.com/"
    },
    "last": {
      "datetime": "2022-09-21T06:39:51Z",
      "uri": "https://web.archive.org/web/20220921063951/https://upscpractice.com/"
    }
  },
  "timemap_uri": {
    "link_format": "http://localhost:1208/timemap/link/https://upscpractice.com/",
    "json_format": "http://localhost:1208/timemap/json/https://upscpractice.com/",
    "cdxj_format": "http://localhost:1208/timemap/cdxj/https://upscpractice.com/"
  },
  "timegate_uri": "http://localhost:1208/timegate/https://upscpractice.com/"
}
