{
  "original_uri": "https://abundanceandmagic.blogspot.com/2017/08/maria-lionza-queen-of-witches-fairies.html",
  "self": "http://localhost:1208/timemap/json/https://abundanceandmagic.blogspot.com/2017/08/maria-lionza-queen-of-witches-fairies.html",
  "mementos": {
    "list": [
      {
        "datetime": "2020-10-05T04:40:22Z",
        "uri": "https://web.archive.org/web/20201005044022/https://abundanceandmagic.blogspot.com/2017/08/maria-lionza-queen-of-witches-fairies.html"
      },
      {
        "datetime": "2022-04-09T22:59:08Z",
        "uri": "https://web.archive.org/web/20220409225908/https://abundanceandmagic.blogspot.com/2017/08/maria-lionza-queen-of-witches-fairies.html"
      }
    ],
    "first": {
      "datetime": "2020-10-05T04:40:22Z",
      "uri": "https://web.archive.org/web/20201005044022/https://abundanceandmagic.blogspot.com/2017/08/maria-lionza-queen-of-witches-fairies.html"
    },
    "last": {
      "datetime": "2022-04-09T22:59:08Z",
      "uri": "https://web.archive.org/web/20220409225908/https://abundanceandmagic.blogspot.com/2017/08/maria-lionza-queen-of-witches-fairies.html"
    }
  },
  "timemap_uri": {
    "link_format": "http://localhost:1208/timemap/link/https://abundanceandmagic.blogspot.com/2017/08/maria-lionza-queen-of-witches-fairies.html",
    "json_format": "http://localhost:1208/timemap/json/https://abundanceandmagic.blogspot.com/2017/08/maria-lionza-queen-of-witches-fairies.html",
    "cdxj_format": "http://localhost:1208/timemap/cdxj/https://abundanceandmagic.blogspot.com/2017/08/maria-lionza-queen-of-witches-fairies.html"
  },
  "timegate_uri": "http://localhost:1208/timegate/https://abundanceandmagic.blogspot.com/2017/08/maria-lionza-queen-of-witches-fairies.html"
}
