{
  "original_uri": "https://abundanceandmagic.blogspot.com/2022/09/lionza.html",
  "self": "http://localhost:1208/timemap/json/https://abundanceandmagic.blogspot.com/2022/09/lionza.html",
  "mementos": {
    "list": [
      {
        "datetime": "2022-09-21T13:36:56Z",
        "uri": "https://web.archive.org/web/20220921133656/https://abundanceandmagic.blogspot.com/2022/09/lionza.html"
      }
    ],
    "first": {
      "datetime": "2022-09-21T13:36:56Z",
      "uri": "https://web.archive.org/web/20220921133656/https://abundanceandmagic.blogspot.com/2022/09/lionza.html"
    },
    "last": {
      "datetime": "2022-09-21T13:36:56Z",
      "uri": "https://web.archive.org/web/20220921133656/https://abundanceandmagic.blogspot.com/2022/09/lionza.html"
    }
  },
  "timemap_uri": {
    "link_format": "http://localhost:1208/timemap/link/https://abundanceandmagic.blogspot.com/2022/09/lionza.html",
    "json_format": "http://localhost:1208/timemap/json/https://abundanceandmagic.blogspot.com/2022/09/lionza.html",
    "cdxj_format": "http://localhost:1208/timemap/cdxj/https://abundanceandmagic.blogspot.com/2022/09/lionza.html"
  },
  "timegate_uri": "http://localhost:1208/timegate/https://abundanceandmagic.blogspot.com/2022/09/lionza.html"
}
