{
  "original_uri": "https://peaceinu.com/",
  "self": "http://localhost:1208/timemap/json/https://peaceinu.com/",
  "mementos": {
    "list": [
      {
        "datetime": "2021-12-18T21:08:02Z",
        "uri": "https://web.archive.org/web/20211218210802/http://peaceinu.com/"
      },
      {
        "datetime": "2022-09-04T21:38:00Z",
        "uri": "https://web.archive.org/web/20220904213800/https://peaceinu.com/"
      },
      {
        "datetime": "2022-09-04T21:39:18Z",
        "uri": "https://web.archive.org/web/20220904213918/http://www.peaceinu.com/"
      },
      {
        "datetime": "2022-09-04T21:41:01Z",
        "uri": "https://web.archive.org/web/20220904214101/https://peaceinu.com/"
      },
      {
        "datetime": "2022-09-04T21:41:12Z",
        "uri": "https://web.archive.org/web/20220904214112/https://www.peaceinu.com/"
      },
      {
        "datetime": "2022-09-04T21:42:18Z",
        "uri": "https://web.archive.org/web/20220904214218/https://www.peaceinu.com/"
      },
      {
        "datetime": "2022-09-05T04:17:06Z",
        "uri": "https://web.archive.org/web/20220905041706/http://peaceinu.com/"
      }
    ],
    "first": {
      "datetime": "2021-12-18T21:08:02Z",
      "uri": "https://web.archive.org/web/20211218210802/http://peaceinu.com/"
    },
    "last": {
      "datetime": "2022-09-05T04:17:06Z",
      "uri": "https://web.archive.org/web/20220905041706/http://peaceinu.com/"
    }
  },
  "timemap_uri": {
    "link_format": "http://localhost:1208/timemap/link/https://peaceinu.com/",
    "json_format": "http://localhost:1208/timemap/json/https://peaceinu.com/",
    "cdxj_format": "http://localhost:1208/timemap/cdxj/https://peaceinu.com/"
  },
  "timegate_uri": "http://localhost:1208/timegate/https://peaceinu.com/"
}
