{
  "original_uri": "https://fortune.com/2022/09/29/denmarks-queen-stripped-4-grandchildren-of-royal-titles-kids-mother-not-happy/",
  "self": "http://localhost:1208/timemap/json/https://fortune.com/2022/09/29/denmarks-queen-stripped-4-grandchildren-of-royal-titles-kids-mother-not-happy/",
  "mementos": {
    "list": [
      {
        "datetime": "2022-09-29T21:41:37Z",
        "uri": "http://archive.md/20220929214137/https://fortune.com/2022/09/29/denmarks-queen-stripped-4-grandchildren-of-royal-titles-kids-mother-not-happy/"
      },
      {
        "datetime": "2022-09-29T21:43:41Z",
        "uri": "https://wayback.archive-it.org/all/20220929214341/https://fortune.com/2022/09/29/denmarks-queen-stripped-4-grandchildren-of-royal-titles-kids-mother-not-happy/"
      },
      {
        "datetime": "2022-09-29T22:39:23Z",
        "uri": "http://archive.md/20220929223923/https://fortune.com/2022/09/29/denmarks-queen-stripped-4-grandchildren-of-royal-titles-kids-mother-not-happy/"
      },
      {
        "datetime": "2022-09-29T22:46:25Z",
        "uri": "https://web.archive.org/web/20220929224625/https://fortune.com/2022/09/29/denmarks-queen-stripped-4-grandchildren-of-royal-titles-kids-mother-not-happy/"
      },
      {
        "datetime": "2022-09-30T00:33:57Z",
        "uri": "https://web.archive.org/web/20220930003357/https://fortune.com/2022/09/29/denmarks-queen-stripped-4-grandchildren-of-royal-titles-kids-mother-not-happy/"
      },
      {
        "datetime": "2022-09-30T07:11:53Z",
        "uri": "https://wayback.archive-it.org/all/20220930071153/https://fortune.com/2022/09/29/denmarks-queen-stripped-4-grandchildren-of-royal-titles-kids-mother-not-happy/"
      }
    ],
    "first": {
      "datetime": "2022-09-29T21:41:37Z",
      "uri": "http://archive.md/20220929214137/https://fortune.com/2022/09/29/denmarks-queen-stripped-4-grandchildren-of-royal-titles-kids-mother-not-happy/"
    },
    "last": {
      "datetime": "2022-09-30T07:11:53Z",
      "uri": "https://wayback.archive-it.org/all/20220930071153/https://fortune.com/2022/09/29/denmarks-queen-stripped-4-grandchildren-of-royal-titles-kids-mother-not-happy/"
    }
  },
  "timemap_uri": {
    "link_format": "http://localhost:1208/timemap/link/https://fortune.com/2022/09/29/denmarks-queen-stripped-4-grandchildren-of-royal-titles-kids-mother-not-happy/",
    "json_format": "http://localhost:1208/timemap/json/https://fortune.com/2022/09/29/denmarks-queen-stripped-4-grandchildren-of-royal-titles-kids-mother-not-happy/",
    "cdxj_format": "http://localhost:1208/timemap/cdxj/https://fortune.com/2022/09/29/denmarks-queen-stripped-4-grandchildren-of-royal-titles-kids-mother-not-happy/"
  },
  "timegate_uri": "http://localhost:1208/timegate/https://fortune.com/2022/09/29/denmarks-queen-stripped-4-grandchildren-of-royal-titles-kids-mother-not-happy/"
}
