{
  "original_uri": "https://livebroadcast.livedirect.us/hs.php",
  "self": "http://localhost:1208/timemap/json/https://livebroadcast.livedirect.us/hs.php",
  "mementos": {
    "list": [
      {
        "datetime": "2022-09-10T02:41:11Z",
        "uri": "https://web.archive.org/web/20220910024111/https://livebroadcast.livedirect.us/hs.php"
      },
      {
        "datetime": "2022-09-10T03:18:41Z",
        "uri": "https://web.archive.org/web/20220910031841/https://livebroadcast.livedirect.us/hs.php"
      },
      {
        "datetime": "2022-09-17T18:42:59Z",
        "uri": "https://web.archive.org/web/20220917184259/http://livebroadcast.livedirect.us/hs.php"
      },
      {
        "datetime": "2022-09-21T02:27:43Z",
        "uri": "https://web.archive.org/web/20220921022743/http://livebroadcast.livedirect.us/hs.php"
      },
      {
        "datetime": "2022-09-21T02:53:53Z",
        "uri": "https://web.archive.org/web/20220921025353/http://livebroadcast.livedirect.us/hs.php"
      },
      {
        "datetime": "2022-09-22T23:36:07Z",
        "uri": "https://web.archive.org/web/20220922233607/https://livebroadcast.livedirect.us/hs.php"
      }
    ],
    "first": {
      "datetime": "2022-09-10T02:41:11Z",
      "uri": "https://web.archive.org/web/20220910024111/https://livebroadcast.livedirect.us/hs.php"
    },
    "last": {
      "datetime": "2022-09-22T23:36:07Z",
      "uri": "https://web.archive.org/web/20220922233607/https://livebroadcast.livedirect.us/hs.php"
    }
  },
  "timemap_uri": {
    "link_format": "http://localhost:1208/timemap/link/https://livebroadcast.livedirect.us/hs.php",
    "json_format": "http://localhost:1208/timemap/json/https://livebroadcast.livedirect.us/hs.php",
    "cdxj_format": "http://localhost:1208/timemap/cdxj/https://livebroadcast.livedirect.us/hs.php"
  },
  "timegate_uri": "http://localhost:1208/timegate/https://livebroadcast.livedirect.us/hs.php"
}
