{
  "original_uri": "https://thecrashszn.com/products/stoner-case",
  "self": "http://localhost:1208/timemap/json/https://thecrashszn.com/products/stoner-case",
  "mementos": {
    "list": [
      {
        "datetime": "2022-03-17T23:11:15Z",
        "uri": "https://web.archive.org/web/20220317231115/https://thecrashszn.com/products/stoner-case"
      },
      {
        "datetime": "2022-08-03T06:20:02Z",
        "uri": "https://web.archive.org/web/20220803062002/https://thecrashszn.com/products/stoner-case"
      }
    ],
    "first": {
      "datetime": "2022-03-17T23:11:15Z",
      "uri": "https://web.archive.org/web/20220317231115/https://thecrashszn.com/products/stoner-case"
    },
    "last": {
      "datetime": "2022-08-03T06:20:02Z",
      "uri": "https://web.archive.org/web/20220803062002/https://thecrashszn.com/products/stoner-case"
    }
  },
  "timemap_uri": {
    "link_format": "http://localhost:1208/timemap/link/https://thecrashszn.com/products/stoner-case",
    "json_format": "http://localhost:1208/timemap/json/https://thecrashszn.com/products/stoner-case",
    "cdxj_format": "http://localhost:1208/timemap/cdxj/https://thecrashszn.com/products/stoner-case"
  },
  "timegate_uri": "http://localhost:1208/timegate/https://thecrashszn.com/products/stoner-case"
}
