{
  "original_uri": "https://www.etsy.com/listing/1288148338/queen-elizabeth-in-her-crown-with-septa",
  "self": "http://localhost:1208/timemap/json/https://www.etsy.com/listing/1288148338/queen-elizabeth-in-her-crown-with-septa",
  "mementos": {
    "list": [
      {
        "datetime": "2022-09-10T19:20:15Z",
        "uri": "https://web.archive.org/web/20220910192015/https://www.etsy.com/listing/1288148338/queen-elizabeth-in-her-crown-with-septa"
      },
      {
        "datetime": "2022-09-21T00:42:21Z",
        "uri": "https://web.archive.org/web/20220921004221/https://www.etsy.com/listing/1288148338/queen-elizabeth-in-her-crown-with-septa"
      },
      {
        "datetime": "2022-09-21T00:56:34Z",
        "uri": "https://web.archive.org/web/20220921005634/https://www.etsy.com/listing/1288148338/queen-elizabeth-in-her-crown-with-septa"
      }
    ],
    "first": {
      "datetime": "2022-09-10T19:20:15Z",
      "uri": "https://web.archive.org/web/20220910192015/https://www.etsy.com/listing/1288148338/queen-elizabeth-in-her-crown-with-septa"
    },
    "last": {
      "datetime": "2022-09-21T00:56:34Z",
      "uri": "https://web.archive.org/web/20220921005634/https://www.etsy.com/listing/1288148338/queen-elizabeth-in-her-crown-with-septa"
    }
  },
  "timemap_uri": {
    "link_format": "http://localhost:1208/timemap/link/https://www.etsy.com/listing/1288148338/queen-elizabeth-in-her-crown-with-septa",
    "json_format": "http://localhost:1208/timemap/json/https://www.etsy.com/listing/1288148338/queen-elizabeth-in-her-crown-with-septa",
    "cdxj_format": "http://localhost:1208/timemap/cdxj/https://www.etsy.com/listing/1288148338/queen-elizabeth-in-her-crown-with-septa"
  },
  "timegate_uri": "http://localhost:1208/timegate/https://www.etsy.com/listing/1288148338/queen-elizabeth-in-her-crown-with-septa"
}
