{
  "original_uri": "https://frankreport.com/2018/08/02/arizona-mafia-is-not-a-fiction-but-a-group-of-democrats-from-arizona-in-dc-and-they-are-meddling-in-nxivm-case/",
  "self": "http://localhost:1208/timemap/json/https://frankreport.com/2018/08/02/arizona-mafia-is-not-a-fiction-but-a-group-of-democrats-from-arizona-in-dc-and-they-are-meddling-in-nxivm-case/",
  "mementos": {
    "list": [
      {
        "datetime": "2019-01-26T19:21:41Z",
        "uri": "https://web.archive.org/web/20190126192141/https://frankreport.com/2018/08/02/arizona-mafia-is-not-a-fiction-but-a-group-of-democrats-from-arizona-in-dc-and-they-are-meddling-in-nxivm-case/"
      },
      {
        "datetime": "2019-01-27T05:18:05Z",
        "uri": "http://archive.md/20190127051805/https://frankreport.com/2018/08/02/arizona-mafia-is-not-a-fiction-but-a-group-of-democrats-from-arizona-in-dc-and-they-are-meddling-in-nxivm-case/"
      },
      {
        "datetime": "2019-03-04T14:32:31Z",
        "uri": "https://web.archive.org/web/20190304143231/https://frankreport.com/2018/08/02/arizona-mafia-is-not-a-fiction-but-a-group-of-democrats-from-arizona-in-dc-and-they-are-meddling-in-nxivm-case/"
      },
      {
        "datetime": "2019-03-19T07:03:08Z",
        "uri": "https://web.archive.org/web/20190319070308/https://frankreport.com/2018/08/02/arizona-mafia-is-not-a-fiction-but-a-group-of-democrats-from-arizona-in-dc-and-they-are-meddling-in-nxivm-case/"
      },
      {
        "datetime": "2019-04-15T06:57:02Z",
        "uri": "https://web.archive.org/web/20190415065702/https://frankreport.com/2018/08/02/arizona-mafia-is-not-a-fiction-but-a-group-of-democrats-from-arizona-in-dc-and-they-are-meddling-in-nxivm-case/"
      },
      {
        "datetime": "2019-05-24T09:30:54Z",
        "uri": "https://web.archive.org/web/20190524093054/https://frankreport.com/2018/08/02/arizona-mafia-is-not-a-fiction-but-a-group-of-democrats-from-arizona-in-dc-and-they-are-meddling-in-nxivm-case/"
      },
      {
        "datetime": "2019-07-09T11:01:54Z",
        "uri": "https://web.archive.org/web/20190709110154/https://frankreport.com/2018/08/02/arizona-mafia-is-not-a-fiction-but-a-group-of-democrats-from-arizona-in-dc-and-they-are-meddling-in-nxivm-case/"
      },
      {
        "datetime": "2019-09-11T08:50:19Z",
        "uri": "https://web.archive.org/web/20190911085019/https://frankreport.com/2018/08/02/arizona-mafia-is-not-a-fiction-but-a-group-of-democrats-from-arizona-in-dc-and-they-are-meddling-in-nxivm-case/"
      },
      {
        "datetime": "2020-06-09T12:47:27Z",
        "uri": "https://web.archive.org/web/20200609124727/https://frankreport.com/2018/08/02/arizona-mafia-is-not-a-fiction-but-a-group-of-democrats-from-arizona-in-dc-and-they-are-meddling-in-nxivm-case/"
      },
      {
        "datetime": "2020-07-18T17:06:59Z",
        "uri": "https://web.archive.org/web/20200718170659/https://frankreport.com/2018/08/02/arizona-mafia-is-not-a-fiction-but-a-group-of-democrats-from-arizona-in-dc-and-they-are-meddling-in-nxivm-case/"
      },
      {
        "datetime": "2020-08-08T19:53:42Z",
        "uri": "https://web.archive.org/web/20200808195342/https://frankreport.com/2018/08/02/arizona-mafia-is-not-a-fiction-but-a-group-of-democrats-from-arizona-in-dc-and-they-are-meddling-in-nxivm-case/"
      },
      {
        "datetime": "2020-10-27T20:05:36Z",
        "uri": "https://web.archive.org/web/20201027200536/https://frankreport.com/2018/08/02/arizona-mafia-is-not-a-fiction-but-a-group-of-democrats-from-arizona-in-dc-and-they-are-meddling-in-nxivm-case/"
      },
      {
        "datetime": "2020-11-04T05:30:41Z",
        "uri": "https://web.archive.org/web/20201104053041/https://frankreport.com/2018/08/02/arizona-mafia-is-not-a-fiction-but-a-group-of-democrats-from-arizona-in-dc-and-they-are-meddling-in-nxivm-case/"
      },
      {
        "datetime": "2020-11-12T02:46:43Z",
        "uri": "https://web.archive.org/web/20201112024643/https://frankreport.com/2018/08/02/arizona-mafia-is-not-a-fiction-but-a-group-of-democrats-from-arizona-in-dc-and-they-are-meddling-in-nxivm-case"
      },
      {
        "datetime": "2020-11-12T02:46:44Z",
        "uri": "https://web.archive.org/web/20201112024644/https://frankreport.com/2018/08/02/arizona-mafia-is-not-a-fiction-but-a-group-of-democrats-from-arizona-in-dc-and-they-are-meddling-in-nxivm-case/"
      },
      {
        "datetime": "2020-12-11T11:42:08Z",
        "uri": "https://web.archive.org/web/20201211114208/https://frankreport.com/2018/08/02/arizona-mafia-is-not-a-fiction-but-a-group-of-democrats-from-arizona-in-dc-and-they-are-meddling-in-nxivm-case/"
      },
      {
        "datetime": "2020-12-11T11:43:00Z",
        "uri": "https://web.archive.org/web/20201211114300/https://frankreport.com/2018/08/02/arizona-mafia-is-not-a-fiction-but-a-group-of-democrats-from-arizona-in-dc-and-they-are-meddling-in-nxivm-case/"
      },
      {
        "datetime": "2020-12-11T11:43:07Z",
        "uri": "https://web.archive.org/web/20201211114307/https://frankreport.com/2018/08/02/arizona-mafia-is-not-a-fiction-but-a-group-of-democrats-from-arizona-in-dc-and-they-are-meddling-in-nxivm-case/"
      },
      {
        "datetime": "2021-01-22T06:55:34Z",
        "uri": "https://web.archive.org/web/20210122065534/https://frankreport.com/2018/08/02/arizona-mafia-is-not-a-fiction-but-a-group-of-democrats-from-arizona-in-dc-and-they-are-meddling-in-nxivm-case/"
      },
      {
        "datetime": "2021-01-22T16:16:02Z",
        "uri": "https://web.archive.org/web/20210122161602/https://frankreport.com/2018/08/02/arizona-mafia-is-not-a-fiction-but-a-group-of-democrats-from-arizona-in-dc-and-they-are-meddling-in-nxivm-case/"
      },
      {
        "datetime": "2021-03-27T21:29:28Z",
        "uri": "https://wayback.archive-it.org/all/20210327212928/https://frankreport.com/2018/08/02/arizona-mafia-is-not-a-fiction-but-a-group-of-democrats-from-arizona-in-dc-and-they-are-meddling-in-nxivm-case/"
      },
      {
        "datetime": "2021-03-27T21:29:28Z",
        "uri": "https://web.archive.org/web/20210327212928/https://frankreport.com/2018/08/02/arizona-mafia-is-not-a-fiction-but-a-group-of-democrats-from-arizona-in-dc-and-they-are-meddling-in-nxivm-case/"
      },
      {
        "datetime": "2021-03-28T05:35:17Z",
        "uri": "https://wayback.archive-it.org/all/20210328053517/https://frankreport.com/2018/08/02/arizona-mafia-is-not-a-fiction-but-a-group-of-democrats-from-arizona-in-dc-and-they-are-meddling-in-nxivm-case/"
      },
      {
        "datetime": "2021-03-28T05:35:17Z",
        "uri": "https://web.archive.org/web/20210328053517/https://frankreport.com/2018/08/02/arizona-mafia-is-not-a-fiction-but-a-group-of-democrats-from-arizona-in-dc-and-they-are-meddling-in-nxivm-case/"
      },
      {
        "datetime": "2021-03-28T18:30:27Z",
        "uri": "https://wayback.archive-it.org/all/20210328183027/https://frankreport.com/2018/08/02/arizona-mafia-is-not-a-fiction-but-a-group-of-democrats-from-arizona-in-dc-and-they-are-meddling-in-nxivm-case/"
      },
      {
        "datetime": "2021-03-28T18:30:27Z",
        "uri": "https://web.archive.org/web/20210328183027/https://frankreport.com/2018/08/02/arizona-mafia-is-not-a-fiction-but-a-group-of-democrats-from-arizona-in-dc-and-they-are-meddling-in-nxivm-case/"
      },
      {
        "datetime": "2021-03-29T19:00:21Z",
        "uri": "https://wayback.archive-it.org/all/20210329190021/https://frankreport.com/2018/08/02/arizona-mafia-is-not-a-fiction-but-a-group-of-democrats-from-arizona-in-dc-and-they-are-meddling-in-nxivm-case/"
      },
      {
        "datetime": "2021-03-29T19:00:21Z",
        "uri": "https://web.archive.org/web/20210329190021/https://frankreport.com/2018/08/02/arizona-mafia-is-not-a-fiction-but-a-group-of-democrats-from-arizona-in-dc-and-they-are-meddling-in-nxivm-case/"
      },
      {
        "datetime": "2021-03-30T14:44:07Z",
        "uri": "https://wayback.archive-it.org/all/20210330144407/https://frankreport.com/2018/08/02/arizona-mafia-is-not-a-fiction-but-a-group-of-democrats-from-arizona-in-dc-and-they-are-meddling-in-nxivm-case/"
      },
      {
        "datetime": "2021-03-30T14:44:07Z",
        "uri": "https://web.archive.org/web/20210330144407/https://frankreport.com/2018/08/02/arizona-mafia-is-not-a-fiction-but-a-group-of-democrats-from-arizona-in-dc-and-they-are-meddling-in-nxivm-case/"
      },
      {
        "datetime": "2021-03-30T18:03:25Z",
        "uri": "https://wayback.archive-it.org/all/20210330180325/https://frankreport.com/2018/08/02/arizona-mafia-is-not-a-fiction-but-a-group-of-democrats-from-arizona-in-dc-and-they-are-meddling-in-nxivm-case/"
      },
      {
        "datetime": "2021-03-30T18:03:25Z",
        "uri": "https://web.archive.org/web/20210330180325/https://frankreport.com/2018/08/02/arizona-mafia-is-not-a-fiction-but-a-group-of-democrats-from-arizona-in-dc-and-they-are-meddling-in-nxivm-case/"
      },
      {
        "datetime": "2021-03-31T15:16:05Z",
        "uri": "https://wayback.archive-it.org/all/20210331151605/https://frankreport.com/2018/08/02/arizona-mafia-is-not-a-fiction-but-a-group-of-democrats-from-arizona-in-dc-and-they-are-meddling-in-nxivm-case/"
      },
      {
        "datetime": "2021-03-31T15:16:05Z",
        "uri": "https://web.archive.org/web/20210331151605/https://frankreport.com/2018/08/02/arizona-mafia-is-not-a-fiction-but-a-group-of-democrats-from-arizona-in-dc-and-they-are-meddling-in-nxivm-case/"
      },
      {
        "datetime": "2021-03-31T19:28:46Z",
        "uri": "https://wayback.archive-it.org/all/20210331192846/https://frankreport.com/2018/08/02/arizona-mafia-is-not-a-fiction-but-a-group-of-democrats-from-arizona-in-dc-and-they-are-meddling-in-nxivm-case/"
      },
      {
        "datetime": "2021-03-31T19:28:46Z",
        "uri": "https://web.archive.org/web/20210331192846/https://frankreport.com/2018/08/02/arizona-mafia-is-not-a-fiction-but-a-group-of-democrats-from-arizona-in-dc-and-they-are-meddling-in-nxivm-case/"
      },
      {
        "datetime": "2021-04-14T09:58:13Z",
        "uri": "https://web.archive.org/web/20210414095813/https://frankreport.com/2018/08/02/arizona-mafia-is-not-a-fiction-but-a-group-of-democrats-from-arizona-in-dc-and-they-are-meddling-in-nxivm-case/"
      },
      {
        "datetime": "2021-05-12T17:34:29Z",
        "uri": "https://web.archive.org/web/20210512173429/https://frankreport.com/2018/08/02/arizona-mafia-is-not-a-fiction-but-a-group-of-democrats-from-arizona-in-dc-and-they-are-meddling-in-nxivm-case/"
      },
      {
        "datetime": "2021-07-31T01:24:01Z",
        "uri": "https://web.archive.org/web/20210731012401/https://frankreport.com/2018/08/02/arizona-mafia-is-not-a-fiction-but-a-group-of-democrats-from-arizona-in-dc-and-they-are-meddling-in-nxivm-case/"
      },
      {
        "datetime": "2021-08-27T04:24:03Z",
        "uri": "https://web.archive.org/web/20210827042403/https://frankreport.com/2018/08/02/arizona-mafia-is-not-a-fiction-but-a-group-of-democrats-from-arizona-in-dc-and-they-are-meddling-in-nxivm-case/"
      },
      {
        "datetime": "2021-10-23T22:45:51Z",
        "uri": "https://web.archive.org/web/20211023224551/https://frankreport.com/2018/08/02/arizona-mafia-is-not-a-fiction-but-a-group-of-democrats-from-arizona-in-dc-and-they-are-meddling-in-nxivm-case/"
      }
    ],
    "first": {
      "datetime": "2019-01-26T19:21:41Z",
      "uri": "https://web.archive.org/web/20190126192141/https://frankreport.com/2018/08/02/arizona-mafia-is-not-a-fiction-but-a-group-of-democrats-from-arizona-in-dc-and-they-are-meddling-in-nxivm-case/"
    },
    "last": {
      "datetime": "2021-10-23T22:45:51Z",
      "uri": "https://web.archive.org/web/20211023224551/https://frankreport.com/2018/08/02/arizona-mafia-is-not-a-fiction-but-a-group-of-democrats-from-arizona-in-dc-and-they-are-meddling-in-nxivm-case/"
    }
  },
  "timemap_uri": {
    "link_format": "http://localhost:1208/timemap/link/https://frankreport.com/2018/08/02/arizona-mafia-is-not-a-fiction-but-a-group-of-democrats-from-arizona-in-dc-and-they-are-meddling-in-nxivm-case/",
    "json_format": "http://localhost:1208/timemap/json/https://frankreport.com/2018/08/02/arizona-mafia-is-not-a-fiction-but-a-group-of-democrats-from-arizona-in-dc-and-they-are-meddling-in-nxivm-case/",
    "cdxj_format": "http://localhost:1208/timemap/cdxj/https://frankreport.com/2018/08/02/arizona-mafia-is-not-a-fiction-but-a-group-of-democrats-from-arizona-in-dc-and-they-are-meddling-in-nxivm-case/"
  },
  "timegate_uri": "http://localhost:1208/timegate/https://frankreport.com/2018/08/02/arizona-mafia-is-not-a-fiction-but-a-group-of-democrats-from-arizona-in-dc-and-they-are-meddling-in-nxivm-case/"
}
