{
  "original_uri": "https://www.redcross.org/about-us/news-and-events/news/2022/ian-heads-toward-florida-as-a-major-storm-get-ready-now.html",
  "self": "http://localhost:1208/timemap/json/https://www.redcross.org/about-us/news-and-events/news/2022/ian-heads-toward-florida-as-a-major-storm-get-ready-now.html",
  "mementos": {
    "list": [
      {
        "datetime": "2022-09-25T17:11:19Z",
        "uri": "https://web.archive.org/web/20220925171119/https://www.redcross.org/about-us/news-and-events/news/2022/ian-heads-toward-florida-as-a-major-storm-get-ready-now.html"
      },
      {
        "datetime": "2022-09-26T17:07:29Z",
        "uri": "https://web.archive.org/web/20220926170729/https://www.redcross.org/about-us/news-and-events/news/2022/ian-heads-toward-florida-as-a-major-storm-get-ready-now.html"
      },
      {
        "datetime": "2022-09-27T10:50:36Z",
        "uri": "https://web.archive.org/web/20220927105036/https://www.redcross.org/about-us/news-and-events/news/2022/ian-heads-toward-florida-as-a-major-storm-get-ready-now.html"
      },
      {
        "datetime": "2022-09-27T10:56:49Z",
        "uri": "https://web.archive.org/web/20220927105649/https://www.redcross.org/about-us/news-and-events/news/2022/ian-heads-toward-florida-as-a-major-storm-get-ready-now.html"
      },
      {
        "datetime": "2022-09-27T15:41:42Z",
        "uri": "https://web.archive.org/web/20220927154142/https://www.redcross.org/about-us/news-and-events/news/2022/ian-heads-toward-florida-as-a-major-storm-get-ready-now.html/"
      },
      {
        "datetime": "2022-09-27T17:19:12Z",
        "uri": "https://web.archive.org/web/20220927171912/https://www.redcross.org/about-us/news-and-events/news/2022/ian-heads-toward-florida-as-a-major-storm-get-ready-now.html"
      },
      {
        "datetime": "2022-09-27T17:25:28Z",
        "uri": "https://web.archive.org/web/20220927172528/https://www.redcross.org/about-us/news-and-events/news/2022/ian-heads-toward-florida-as-a-major-storm-get-ready-now.html"
      }
    ],
    "first": {
      "datetime": "2022-09-25T17:11:19Z",
      "uri": "https://web.archive.org/web/20220925171119/https://www.redcross.org/about-us/news-and-events/news/2022/ian-heads-toward-florida-as-a-major-storm-get-ready-now.html"
    },
    "last": {
      "datetime": "2022-09-27T17:25:28Z",
      "uri": "https://web.archive.org/web/20220927172528/https://www.redcross.org/about-us/news-and-events/news/2022/ian-heads-toward-florida-as-a-major-storm-get-ready-now.html"
    }
  },
  "timemap_uri": {
    "link_format": "http://localhost:1208/timemap/link/https://www.redcross.org/about-us/news-and-events/news/2022/ian-heads-toward-florida-as-a-major-storm-get-ready-now.html",
    "json_format": "http://localhost:1208/timemap/json/https://www.redcross.org/about-us/news-and-events/news/2022/ian-heads-toward-florida-as-a-major-storm-get-ready-now.html",
    "cdxj_format": "http://localhost:1208/timemap/cdxj/https://www.redcross.org/about-us/news-and-events/news/2022/ian-heads-toward-florida-as-a-major-storm-get-ready-now.html"
  },
  "timegate_uri": "http://localhost:1208/timegate/https://www.redcross.org/about-us/news-and-events/news/2022/ian-heads-toward-florida-as-a-major-storm-get-ready-now.html"
}
