{
  "original_uri": "https://www.thelesbianreview.com/in-development-rachel-spangler/",
  "self": "http://localhost:1208/timemap/json/https://www.thelesbianreview.com/in-development-rachel-spangler/",
  "mementos": {
    "list": [
      {
        "datetime": "2019-05-02T12:33:46Z",
        "uri": "https://web.archive.org/web/20190502123346/https://www.thelesbianreview.com/in-development-rachel-spangler/"
      },
      {
        "datetime": "2020-08-12T09:39:44Z",
        "uri": "https://web.archive.org/web/20200812093944/https://www.thelesbianreview.com/in-development-rachel-spangler/"
      },
      {
        "datetime": "2020-09-30T02:08:17Z",
        "uri": "https://web.archive.org/web/20200930020817/https://www.thelesbianreview.com/in-development-rachel-spangler/"
      },
      {
        "datetime": "2020-11-16T15:52:03Z",
        "uri": "https://web.archive.org/web/20201116155203/https://www.thelesbianreview.com/in-development-rachel-spangler/"
      },
      {
        "datetime": "2020-11-27T02:30:38Z",
        "uri": "https://web.archive.org/web/20201127023038/https://www.thelesbianreview.com/in-development-rachel-spangler/"
      },
      {
        "datetime": "2021-01-16T08:08:10Z",
        "uri": "https://web.archive.org/web/20210116080810/https://www.thelesbianreview.com/in-development-rachel-spangler/"
      }
    ],
    "first": {
      "datetime": "2019-05-02T12:33:46Z",
      "uri": "https://web.archive.org/web/20190502123346/https://www.thelesbianreview.com/in-development-rachel-spangler/"
    },
    "last": {
      "datetime": "2021-01-16T08:08:10Z",
      "uri": "https://web.archive.org/web/20210116080810/https://www.thelesbianreview.com/in-development-rachel-spangler/"
    }
  },
  "timemap_uri": {
    "link_format": "http://localhost:1208/timemap/link/https://www.thelesbianreview.com/in-development-rachel-spangler/",
    "json_format": "http://localhost:1208/timemap/json/https://www.thelesbianreview.com/in-development-rachel-spangler/",
    "cdxj_format": "http://localhost:1208/timemap/cdxj/https://www.thelesbianreview.com/in-development-rachel-spangler/"
  },
  "timegate_uri": "http://localhost:1208/timegate/https://www.thelesbianreview.com/in-development-rachel-spangler/"
}
