{
  "original_uri": "https://www.nytimes.com/2022/09/29/us/politics/deanne-criswell-fema-hurricane-ian.html",
  "self": "http://localhost:1208/timemap/json/https://www.nytimes.com/2022/09/29/us/politics/deanne-criswell-fema-hurricane-ian.html",
  "mementos": {
    "list": [
      {
        "datetime": "2022-09-29T23:21:14Z",
        "uri": "https://web.archive.org/web/20220929232114/https://www.nytimes.com/2022/09/29/us/politics/deanne-criswell-fema-hurricane-ian.html"
      },
      {
        "datetime": "2022-09-30T01:44:27Z",
        "uri": "https://web.archive.org/web/20220930014427/https://www.nytimes.com/2022/09/29/us/politics/deanne-criswell-fema-hurricane-ian.html"
      },
      {
        "datetime": "2022-09-30T03:32:55Z",
        "uri": "http://archive.md/20220930033255/https://www.nytimes.com/2022/09/29/us/politics/deanne-criswell-fema-hurricane-ian.html"
      }
    ],
    "first": {
      "datetime": "2022-09-29T23:21:14Z",
      "uri": "https://web.archive.org/web/20220929232114/https://www.nytimes.com/2022/09/29/us/politics/deanne-criswell-fema-hurricane-ian.html"
    },
    "last": {
      "datetime": "2022-09-30T03:32:55Z",
      "uri": "http://archive.md/20220930033255/https://www.nytimes.com/2022/09/29/us/politics/deanne-criswell-fema-hurricane-ian.html"
    }
  },
  "timemap_uri": {
    "link_format": "http://localhost:1208/timemap/link/https://www.nytimes.com/2022/09/29/us/politics/deanne-criswell-fema-hurricane-ian.html",
    "json_format": "http://localhost:1208/timemap/json/https://www.nytimes.com/2022/09/29/us/politics/deanne-criswell-fema-hurricane-ian.html",
    "cdxj_format": "http://localhost:1208/timemap/cdxj/https://www.nytimes.com/2022/09/29/us/politics/deanne-criswell-fema-hurricane-ian.html"
  },
  "timegate_uri": "http://localhost:1208/timegate/https://www.nytimes.com/2022/09/29/us/politics/deanne-criswell-fema-hurricane-ian.html"
}
