{
  "original_uri": "https://www.nationalgeographic.com/science/article/partner-content-worried-about-water-floridan-aquifer",
  "self": "http://localhost:1208/timemap/json/https://www.nationalgeographic.com/science/article/partner-content-worried-about-water-floridan-aquifer",
  "mementos": {
    "list": [
      {
        "datetime": "2021-05-12T07:36:19Z",
        "uri": "https://web.archive.org/web/20210512073619/https://www.nationalgeographic.com/science/article/partner-content-worried-about-water-floridan-aquifer"
      },
      {
        "datetime": "2021-07-31T04:55:59Z",
        "uri": "https://web.archive.org/web/20210731045559/https://www.nationalgeographic.com/science/article/partner-content-worried-about-water-floridan-aquifer"
      },
      {
        "datetime": "2021-08-24T01:46:56Z",
        "uri": "https://web.archive.org/web/20210824014656/https://www.nationalgeographic.com/science/article/partner-content-worried-about-water-floridan-aquifer"
      },
      {
        "datetime": "2021-10-18T10:06:40Z",
        "uri": "https://web.archive.org/web/20211018100640/https://www.nationalgeographic.com/science/article/partner-content-worried-about-water-floridan-aquifer"
      },
      {
        "datetime": "2022-01-21T04:39:53Z",
        "uri": "https://web.archive.org/web/20220121043953/https://www.nationalgeographic.com/science/article/partner-content-worried-about-water-floridan-aquifer"
      },
      {
        "datetime": "2022-01-27T19:15:42Z",
        "uri": "https://web.archive.org/web/20220127191542/https://www.nationalgeographic.com/science/article/partner-content-worried-about-water-floridan-aquifer"
      },
      {
        "datetime": "2022-04-21T10:12:42Z",
        "uri": "https://web.archive.org/web/20220421101242/https://www.nationalgeographic.com/science/article/partner-content-worried-about-water-floridan-aquifer"
      },
      {
        "datetime": "2022-05-13T08:49:21Z",
        "uri": "https://web.archive.org/web/20220513084921/https://www.nationalgeographic.com/science/article/partner-content-worried-about-water-floridan-aquifer"
      },
      {
        "datetime": "2022-08-02T12:38:28Z",
        "uri": "https://web.archive.org/web/20220802123828/https://www.nationalgeographic.com/science/article/partner-content-worried-about-water-floridan-aquifer"
      },
      {
        "datetime": "2022-08-08T03:59:58Z",
        "uri": "https://web.archive.org/web/20220808035958/https://www.nationalgeographic.com/science/article/partner-content-worried-about-water-floridan-aquifer"
      },
      {
        "datetime": "2022-08-31T15:53:36Z",
        "uri": "https://web.archive.org/web/20220831155336/https://www.nationalgeographic.com/science/article/partner-content-worried-about-water-floridan-aquifer"
      }
    ],
    "first": {
      "datetime": "2021-05-12T07:36:19Z",
      "uri": "https://web.archive.org/web/20210512073619/https://www.nationalgeographic.com/science/article/partner-content-worried-about-water-floridan-aquifer"
    },
    "last": {
      "datetime": "2022-08-31T15:53:36Z",
      "uri": "https://web.archive.org/web/20220831155336/https://www.nationalgeographic.com/science/article/partner-content-worried-about-water-floridan-aquifer"
    }
  },
  "timemap_uri": {
    "link_format": "http://localhost:1208/timemap/link/https://www.nationalgeographic.com/science/article/partner-content-worried-about-water-floridan-aquifer",
    "json_format": "http://localhost:1208/timemap/json/https://www.nationalgeographic.com/science/article/partner-content-worried-about-water-floridan-aquifer",
    "cdxj_format": "http://localhost:1208/timemap/cdxj/https://www.nationalgeographic.com/science/article/partner-content-worried-about-water-floridan-aquifer"
  },
  "timegate_uri": "http://localhost:1208/timegate/https://www.nationalgeographic.com/science/article/partner-content-worried-about-water-floridan-aquifer"
}
