{
  "original_uri": "https://www.gfdl.noaa.gov/historical-atlantic-hurricane-and-tropical-storm-records/",
  "self": "http://localhost:1208/timemap/json/https://www.gfdl.noaa.gov/historical-atlantic-hurricane-and-tropical-storm-records/",
  "mementos": {
    "list": [
      {
        "datetime": "2009-08-27T04:56:40Z",
        "uri": "https://web.archive.org/web/20090827045640/http://www.gfdl.noaa.gov/historical-atlantic-hurricane-and-tropical-storm-records"
      },
      {
        "datetime": "2009-09-08T23:30:09Z",
        "uri": "https://wayback.archive-it.org/all/20090908233009/http://www.gfdl.noaa.gov/historical-atlantic-hurricane-and-tropical-storm-records"
      },
      {
        "datetime": "2009-09-08T23:30:09Z",
        "uri": "https://web.archive.org/web/20090908233009/http://www.gfdl.noaa.gov/historical-atlantic-hurricane-and-tropical-storm-records"
      },
      {
        "datetime": "2009-11-03T18:58:24Z",
        "uri": "https://wayback.archive-it.org/all/20091103185824/http://www.gfdl.noaa.gov/historical-atlantic-hurricane-and-tropical-storm-records"
      },
      {
        "datetime": "2009-11-03T18:58:24Z",
        "uri": "https://web.archive.org/web/20091103185824/http://www.gfdl.noaa.gov/historical-atlantic-hurricane-and-tropical-storm-records"
      },
      {
        "datetime": "2010-05-28T08:00:10Z",
        "uri": "https://web.archive.org/web/20100528080010/http://www.gfdl.noaa.gov/historical-atlantic-hurricane-and-tropical-storm-records"
      },
      {
        "datetime": "2010-06-16T11:37:17Z",
        "uri": "https://web.archive.org/web/20100616113717/https://www.gfdl.noaa.gov/historical-atlantic-hurricane-and-tropical-storm-records"
      },
      {
        "datetime": "2011-10-16T15:23:46Z",
        "uri": "https://web.archive.org/web/20111016152346/http://gfdl.noaa.gov/historical-atlantic-hurricane-and-tropical-storm-records"
      },
      {
        "datetime": "2011-10-18T22:25:14Z",
        "uri": "https://web.archive.org/web/20111018222514/https://gfdl.noaa.gov/historical-atlantic-hurricane-and-tropical-storm-records"
      },
      {
        "datetime": "2012-01-04T11:04:45Z",
        "uri": "https://web.archive.org/web/20120104110445/http://www.gfdl.noaa.gov/historical-atlantic-hurricane-and-tropical-storm-records"
      },
      {
        "datetime": "2012-06-04T10:10:12Z",
        "uri": "https://web.archive.org/web/20120604101012/http://www.gfdl.noaa.gov/historical-atlantic-hurricane-and-tropical-storm-records"
      },
      {
        "datetime": "2012-09-15T08:52:56Z",
        "uri": "https://web.archive.org/web/20120915085256/http://www.gfdl.noaa.gov/historical-atlantic-hurricane-and-tropical-storm-records"
      },
      {
        "datetime": "2012-09-21T00:30:32Z",
        "uri": "https://web.archive.org/web/20120921003032/https://www.gfdl.noaa.gov/historical-atlantic-hurricane-and-tropical-storm-records"
      },
      {
        "datetime": "2012-09-27T23:16:29Z",
        "uri": "https://web.archive.org/web/20120927231629/http://www.gfdl.noaa.gov/historical-atlantic-hurricane-and-tropical-storm-records"
      },
      {
        "datetime": "2012-10-07T00:41:26Z",
        "uri": "https://web.archive.org/web/20121007004126/http://www.gfdl.noaa.gov/historical-atlantic-hurricane-and-tropical-storm-records"
      },
      {
        "datetime": "2012-10-10T13:19:11Z",
        "uri": "https://web.archive.org/web/20121010131911/https://www.gfdl.noaa.gov/historical-atlantic-hurricane-and-tropical-storm-records"
      },
      {
        "datetime": "2012-10-16T19:21:26Z",
        "uri": "https://web.archive.org/web/20121016192126/http://www.gfdl.noaa.gov/historical-atlantic-hurricane-and-tropical-storm-records"
      },
      {
        "datetime": "2013-02-18T13:31:35Z",
        "uri": "https://web.archive.org/web/20130218133135/http://www.gfdl.noaa.gov/historical-atlantic-hurricane-and-tropical-storm-records"
      },
      {
        "datetime": "2013-02-21T10:41:28Z",
        "uri": "https://web.archive.org/web/20130221104128/https://gfdl.noaa.gov/historical-atlantic-hurricane-and-tropical-storm-records"
      },
      {
        "datetime": "2013-03-11T15:28:00Z",
        "uri": "https://web.archive.org/web/20130311152800/http://www.gfdl.noaa.gov/historical-atlantic-hurricane-and-tropical-storm-records"
      },
      {
        "datetime": "2014-08-13T08:16:33Z",
        "uri": "https://web.archive.org/web/20140813081633/http://www.gfdl.noaa.gov/historical-atlantic-hurricane-and-tropical-storm-records"
      },
      {
        "datetime": "2014-08-21T18:57:47Z",
        "uri": "https://web.archive.org/web/20140821185747/http://www.gfdl.noaa.gov/historical-atlantic-hurricane-and-tropical-storm-records"
      },
      {
        "datetime": "2014-10-11T01:52:25Z",
        "uri": "https://web.archive.org/web/20141011015225/http://www.gfdl.noaa.gov/historical-atlantic-hurricane-and-tropical-storm-records"
      },
      {
        "datetime": "2015-06-06T15:13:51Z",
        "uri": "https://web.archive.org/web/20150606151351/http://www.gfdl.noaa.gov/historical-atlantic-hurricane-and-tropical-storm-records"
      },
      {
        "datetime": "2015-09-24T19:10:57Z",
        "uri": "https://web.archive.org/web/20150924191057/http://www.gfdl.noaa.gov/historical-atlantic-hurricane-and-tropical-storm-records"
      },
      {
        "datetime": "2016-03-21T00:09:09Z",
        "uri": "https://web.archive.org/web/20160321000909/http://www.gfdl.noaa.gov/historical-atlantic-hurricane-and-tropical-storm-records"
      },
      {
        "datetime": "2016-04-25T07:37:59Z",
        "uri": "https://web.archive.org/web/20160425073759/http://www.gfdl.noaa.gov:80/historical-atlantic-hurricane-and-tropical-storm-records"
      },
      {
        "datetime": "2016-05-26T17:54:53Z",
        "uri": "https://web.archive.org/web/20160526175453/http://www.gfdl.noaa.gov:80/historical-atlantic-hurricane-and-tropical-storm-records"
      },
      {
        "datetime": "2016-06-27T19:32:01Z",
        "uri": "https://web.archive.org/web/20160627193201/http://www.gfdl.noaa.gov:80/historical-atlantic-hurricane-and-tropical-storm-records"
      },
      {
        "datetime": "2016-07-29T14:02:02Z",
        "uri": "https://web.archive.org/web/20160729140202/http://www.gfdl.noaa.gov:80/historical-atlantic-hurricane-and-tropical-storm-records"
      },
      {
        "datetime": "2016-08-07T00:17:39Z",
        "uri": "https://webarchive.loc.gov/all/20160807001739/https://www.gfdl.noaa.gov/historical-atlantic-hurricane-and-tropical-storm-records/"
      },
      {
        "datetime": "2016-12-09T05:06:04Z",
        "uri": "https://webarchive.loc.gov/all/20161209050604/https://www.gfdl.noaa.gov/historical-atlantic-hurricane-and-tropical-storm-records/"
      },
      {
        "datetime": "2016-12-09T05:06:04Z",
        "uri": "https://web.archive.org/web/20161209050604/https://www.gfdl.noaa.gov/historical-atlantic-hurricane-and-tropical-storm-records/"
      },
      {
        "datetime": "2016-12-09T05:06:04Z",
        "uri": "https://web.archive.org/web/20161209050604/https://www.gfdl.noaa.gov/historical-atlantic-hurricane-and-tropical-storm-records/"
      },
      {
        "datetime": "2017-01-28T03:32:44Z",
        "uri": "https://web.archive.org/web/20170128033244/https://www.gfdl.noaa.gov/historical-atlantic-hurricane-and-tropical-storm-records/"
      },
      {
        "datetime": "2017-02-04T10:15:56Z",
        "uri": "https://webarchive.loc.gov/all/20170204101556/https://www.gfdl.noaa.gov/historical-atlantic-hurricane-and-tropical-storm-records/"
      },
      {
        "datetime": "2017-02-08T09:25:58Z",
        "uri": "https://web.archive.org/web/20170208092558/http://gfdl.noaa.gov/historical-atlantic-hurricane-and-tropical-storm-records/"
      },
      {
        "datetime": "2017-02-08T09:26:09Z",
        "uri": "https://web.archive.org/web/20170208092609/http://www.gfdl.noaa.gov/historical-atlantic-hurricane-and-tropical-storm-records/"
      },
      {
        "datetime": "2017-02-08T09:26:56Z",
        "uri": "https://web.archive.org/web/20170208092656/https://www.gfdl.noaa.gov/historical-atlantic-hurricane-and-tropical-storm-records/"
      },
      {
        "datetime": "2017-03-10T07:22:24Z",
        "uri": "https://web.archive.org/web/20170310072224/https://www.gfdl.noaa.gov/historical-atlantic-hurricane-and-tropical-storm-records/"
      },
      {
        "datetime": "2017-04-28T07:49:17Z",
        "uri": "https://web.archive.org/web/20170428074917/https://www.gfdl.noaa.gov/historical-atlantic-hurricane-and-tropical-storm-records/"
      },
      {
        "datetime": "2017-05-05T16:23:36Z",
        "uri": "https://webarchive.loc.gov/all/20170505162336/https://www.gfdl.noaa.gov/historical-atlantic-hurricane-and-tropical-storm-records/"
      },
      {
        "datetime": "2017-05-05T16:23:36Z",
        "uri": "https://web.archive.org/web/20170505162336/https://www.gfdl.noaa.gov/historical-atlantic-hurricane-and-tropical-storm-records/"
      },
      {
        "datetime": "2017-05-14T13:25:31Z",
        "uri": "https://web.archive.org/web/20170514132531/https://www.gfdl.noaa.gov/historical-atlantic-hurricane-and-tropical-storm-records/"
      },
      {
        "datetime": "2017-08-15T16:30:18Z",
        "uri": "https://webarchive.loc.gov/all/20170815163018/https://www.gfdl.noaa.gov/historical-atlantic-hurricane-and-tropical-storm-records/"
      },
      {
        "datetime": "2017-09-04T19:56:49Z",
        "uri": "https://web.archive.org/web/20170904195649/http://www.gfdl.noaa.gov/historical-atlantic-hurricane-and-tropical-storm-records"
      },
      {
        "datetime": "2017-11-07T06:56:43Z",
        "uri": "https://webarchive.loc.gov/all/20171107065643/https://www.gfdl.noaa.gov/historical-atlantic-hurricane-and-tropical-storm-records/"
      },
      {
        "datetime": "2018-01-07T11:12:12Z",
        "uri": "https://wayback.archive-it.org/all/20180107111212/https://www.gfdl.noaa.gov/historical-atlantic-hurricane-and-tropical-storm-records/"
      },
      {
        "datetime": "2018-01-07T11:12:12Z",
        "uri": "https://web.archive.org/web/20180107111212/https://www.gfdl.noaa.gov/historical-atlantic-hurricane-and-tropical-storm-records/"
      },
      {
        "datetime": "2018-02-15T05:52:37Z",
        "uri": "https://webarchive.loc.gov/all/20180215055237/https://www.gfdl.noaa.gov/historical-atlantic-hurricane-and-tropical-storm-records/"
      },
      {
        "datetime": "2018-05-07T00:52:30Z",
        "uri": "https://webarchive.loc.gov/all/20180507005230/https://www.gfdl.noaa.gov/historical-atlantic-hurricane-and-tropical-storm-records/"
      },
      {
        "datetime": "2018-06-10T15:13:46Z",
        "uri": "https://webarchive.loc.gov/all/20180610151346/https://www.gfdl.noaa.gov/historical-atlantic-hurricane-and-tropical-storm-records/"
      },
      {
        "datetime": "2018-08-25T06:05:07Z",
        "uri": "https://webarchive.loc.gov/all/20180825060507/https://www.gfdl.noaa.gov/historical-atlantic-hurricane-and-tropical-storm-records/"
      },
      {
        "datetime": "2018-10-22T08:52:58Z",
        "uri": "https://web.archive.org/web/20181022085258/http://www.gfdl.noaa.gov/historical-atlantic-hurricane-and-tropical-storm-records"
      },
      {
        "datetime": "2018-10-22T08:53:00Z",
        "uri": "https://web.archive.org/web/20181022085300/https://www.gfdl.noaa.gov/historical-atlantic-hurricane-and-tropical-storm-records"
      },
      {
        "datetime": "2018-10-22T08:53:01Z",
        "uri": "https://web.archive.org/web/20181022085301/https://www.gfdl.noaa.gov/historical-atlantic-hurricane-and-tropical-storm-records/"
      },
      {
        "datetime": "2018-11-27T13:52:58Z",
        "uri": "https://webarchive.loc.gov/all/20181127135258/https://www.gfdl.noaa.gov/historical-atlantic-hurricane-and-tropical-storm-records/"
      },
      {
        "datetime": "2018-12-24T07:49:30Z",
        "uri": "https://web.archive.org/web/20181224074930/https://www.gfdl.noaa.gov/historical-atlantic-hurricane-and-tropical-storm-records/"
      },
      {
        "datetime": "2019-01-09T16:03:21Z",
        "uri": "https://web.archive.org/web/20190109160321/https://www.gfdl.noaa.gov/historical-atlantic-hurricane-and-tropical-storm-records/"
      },
      {
        "datetime": "2019-02-16T20:36:46Z",
        "uri": "https://webarchive.loc.gov/all/20190216203646/https://www.gfdl.noaa.gov/historical-atlantic-hurricane-and-tropical-storm-records/"
      },
      {
        "datetime": "2019-03-28T07:44:27Z",
        "uri": "https://web.archive.org/web/20190328074427/http://www.gfdl.noaa.gov:80/historical-atlantic-hurricane-and-tropical-storm-records/"
      },
      {
        "datetime": "2019-06-21T18:33:17Z",
        "uri": "https://web.archive.org/web/20190621183317/https://www.gfdl.noaa.gov/historical-atlantic-hurricane-and-tropical-storm-records/"
      },
      {
        "datetime": "2019-08-02T04:46:46Z",
        "uri": "https://web.archive.org/web/20190802044646/https://www.gfdl.noaa.gov/historical-atlantic-hurricane-and-tropical-storm-records/"
      },
      {
        "datetime": "2019-09-04T01:34:57Z",
        "uri": "https://web.archive.org/web/20190904013457/https://www.gfdl.noaa.gov/historical-atlantic-hurricane-and-tropical-storm-records/"
      },
      {
        "datetime": "2019-09-05T14:02:47Z",
        "uri": "https://webarchive.loc.gov/all/20190905140247/https://www.gfdl.noaa.gov/historical-atlantic-hurricane-and-tropical-storm-records/"
      },
      {
        "datetime": "2019-09-07T02:56:28Z",
        "uri": "https://web.archive.org/web/20190907025628/https://www.gfdl.noaa.gov/historical-atlantic-hurricane-and-tropical-storm-records/"
      },
      {
        "datetime": "2019-09-25T15:04:00Z",
        "uri": "https://web.archive.org/web/20190925150400/https://www.gfdl.noaa.gov/historical-atlantic-hurricane-and-tropical-storm-records/"
      },
      {
        "datetime": "2019-09-25T23:17:26Z",
        "uri": "https://web.archive.org/web/20190925231726/http://www.gfdl.noaa.gov/historical-atlantic-hurricane-and-tropical-storm-records"
      },
      {
        "datetime": "2019-09-25T23:17:29Z",
        "uri": "https://web.archive.org/web/20190925231729/https://www.gfdl.noaa.gov/historical-atlantic-hurricane-and-tropical-storm-records"
      },
      {
        "datetime": "2019-09-25T23:17:34Z",
        "uri": "https://web.archive.org/web/20190925231734/https://www.gfdl.noaa.gov/historical-atlantic-hurricane-and-tropical-storm-records/"
      },
      {
        "datetime": "2019-10-04T21:08:57Z",
        "uri": "https://web.archive.org/web/20191004210857/http://www.gfdl.noaa.gov:80/historical-atlantic-hurricane-and-tropical-storm-records/"
      },
      {
        "datetime": "2019-10-12T19:47:05Z",
        "uri": "https://web.archive.org/web/20191012194705/http://www.gfdl.noaa.gov/historical-atlantic-hurricane-and-tropical-storm-records"
      },
      {
        "datetime": "2019-10-12T19:47:19Z",
        "uri": "https://web.archive.org/web/20191012194719/https://www.gfdl.noaa.gov/historical-atlantic-hurricane-and-tropical-storm-records"
      },
      {
        "datetime": "2019-10-12T19:47:24Z",
        "uri": "https://web.archive.org/web/20191012194724/https://www.gfdl.noaa.gov/historical-atlantic-hurricane-and-tropical-storm-records/"
      },
      {
        "datetime": "2019-10-31T14:52:16Z",
        "uri": "https://web.archive.org/web/20191031145216/http://www.gfdl.noaa.gov/historical-atlantic-hurricane-and-tropical-storm-records"
      },
      {
        "datetime": "2019-10-31T16:41:38Z",
        "uri": "https://web.archive.org/web/20191031164138/https://www.gfdl.noaa.gov/historical-atlantic-hurricane-and-tropical-storm-records"
      },
      {
        "datetime": "2019-10-31T19:28:54Z",
        "uri": "https://web.archive.org/web/20191031192854/https://www.gfdl.noaa.gov/historical-atlantic-hurricane-and-tropical-storm-records/"
      },
      {
        "datetime": "2019-12-02T18:28:16Z",
        "uri": "https://web.archive.org/web/20191202182816/https://www.gfdl.noaa.gov/historical-atlantic-hurricane-and-tropical-storm-records/"
      },
      {
        "datetime": "2019-12-04T01:53:34Z",
        "uri": "https://web.archive.org/web/20191204015334/http://www.gfdl.noaa.gov:80/historical-atlantic-hurricane-and-tropical-storm-records/"
      },
      {
        "datetime": "2019-12-05T12:31:16Z",
        "uri": "https://web.archive.org/web/20191205123116/https://www.gfdl.noaa.gov/historical-atlantic-hurricane-and-tropical-storm-records"
      },
      {
        "datetime": "2019-12-06T00:59:47Z",
        "uri": "https://web.archive.org/web/20191206005947/https://www.gfdl.noaa.gov/historical-atlantic-hurricane-and-tropical-storm-records/"
      },
      {
        "datetime": "2019-12-13T00:49:18Z",
        "uri": "https://webarchive.loc.gov/all/20191213004918/https://www.gfdl.noaa.gov/historical-atlantic-hurricane-and-tropical-storm-records/"
      },
      {
        "datetime": "2019-12-25T17:21:04Z",
        "uri": "https://web.archive.org/web/20191225172104/https://www.gfdl.noaa.gov/historical-atlantic-hurricane-and-tropical-storm-records/"
      },
      {
        "datetime": "2020-02-02T06:40:14Z",
        "uri": "https://web.archive.org/web/20200202064014/http://www.gfdl.noaa.gov:80/historical-atlantic-hurricane-and-tropical-storm-records/"
      },
      {
        "datetime": "2020-02-03T07:08:11Z",
        "uri": "https://web.archive.org/web/20200203070811/http://www.gfdl.noaa.gov:80/historical-atlantic-hurricane-and-tropical-storm-records/"
      },
      {
        "datetime": "2020-04-06T14:32:51Z",
        "uri": "https://web.archive.org/web/20200406143251/https://www.gfdl.noaa.gov/historical-atlantic-hurricane-and-tropical-storm-records"
      },
      {
        "datetime": "2020-04-06T14:33:02Z",
        "uri": "https://web.archive.org/web/20200406143302/https://www.gfdl.noaa.gov/historical-atlantic-hurricane-and-tropical-storm-records/"
      },
      {
        "datetime": "2020-04-06T14:33:21Z",
        "uri": "https://web.archive.org/web/20200406143321/https://www.gfdl.noaa.gov/historical-atlantic-hurricane-and-tropical-storm-records/"
      },
      {
        "datetime": "2020-04-17T02:33:03Z",
        "uri": "https://web.archive.org/web/20200417023303/https://www.gfdl.noaa.gov/historical-atlantic-hurricane-and-tropical-storm-records"
      },
      {
        "datetime": "2020-04-17T02:33:20Z",
        "uri": "https://web.archive.org/web/20200417023320/https://www.gfdl.noaa.gov/historical-atlantic-hurricane-and-tropical-storm-records/"
      },
      {
        "datetime": "2020-04-17T02:33:44Z",
        "uri": "https://web.archive.org/web/20200417023344/https://www.gfdl.noaa.gov/historical-atlantic-hurricane-and-tropical-storm-records/"
      },
      {
        "datetime": "2020-04-17T03:05:40Z",
        "uri": "https://web.archive.org/web/20200417030540/https://www.gfdl.noaa.gov/historical-atlantic-hurricane-and-tropical-storm-records/"
      },
      {
        "datetime": "2020-05-13T02:44:23Z",
        "uri": "https://webarchive.loc.gov/all/20200513024423/https://www.gfdl.noaa.gov/historical-atlantic-hurricane-and-tropical-storm-records/"
      },
      {
        "datetime": "2020-08-11T20:38:40Z",
        "uri": "https://webarchive.loc.gov/all/20200811203840/https://www.gfdl.noaa.gov/historical-atlantic-hurricane-and-tropical-storm-records/"
      },
      {
        "datetime": "2020-08-21T09:20:52Z",
        "uri": "https://web.archive.org/web/20200821092052/http://www.gfdl.noaa.gov/historical-atlantic-hurricane-and-tropical-storm-records"
      },
      {
        "datetime": "2020-08-21T09:20:57Z",
        "uri": "https://web.archive.org/web/20200821092057/https://www.gfdl.noaa.gov/historical-atlantic-hurricane-and-tropical-storm-records"
      },
      {
        "datetime": "2020-08-21T09:21:02Z",
        "uri": "https://web.archive.org/web/20200821092102/https://www.gfdl.noaa.gov/historical-atlantic-hurricane-and-tropical-storm-records/"
      },
      {
        "datetime": "2020-08-28T23:05:39Z",
        "uri": "https://web.archive.org/web/20200828230539/https://www.gfdl.noaa.gov/historical-atlantic-hurricane-and-tropical-storm-records/"
      },
      {
        "datetime": "2020-09-21T19:50:30Z",
        "uri": "https://web.archive.org/web/20200921195030/https://www.gfdl.noaa.gov/historical-atlantic-hurricane-and-tropical-storm-records/"
      },
      {
        "datetime": "2020-10-13T11:56:58Z",
        "uri": "https://web.archive.org/web/20201013115658/https://www.gfdl.noaa.gov/historical-atlantic-hurricane-and-tropical-storm-records/"
      },
      {
        "datetime": "2020-10-31T11:39:25Z",
        "uri": "https://web.archive.org/web/20201031113925/https://www.gfdl.noaa.gov/historical-atlantic-hurricane-and-tropical-storm-records/"
      },
      {
        "datetime": "2020-11-12T03:02:49Z",
        "uri": "https://webarchive.loc.gov/all/20201112030249/https://www.gfdl.noaa.gov/historical-atlantic-hurricane-and-tropical-storm-records/"
      },
      {
        "datetime": "2020-11-20T20:54:17Z",
        "uri": "https://web.archive.org/web/20201120205417/https://www.gfdl.noaa.gov/historical-atlantic-hurricane-and-tropical-storm-records/"
      },
      {
        "datetime": "2020-11-30T21:11:53Z",
        "uri": "https://web.archive.org/web/20201130211153/https://www.gfdl.noaa.gov/historical-atlantic-hurricane-and-tropical-storm-records/"
      },
      {
        "datetime": "2020-12-01T15:26:37Z",
        "uri": "https://web.archive.org/web/20201201152637/https://www.gfdl.noaa.gov/historical-atlantic-hurricane-and-tropical-storm-records/"
      },
      {
        "datetime": "2020-12-15T11:42:58Z",
        "uri": "https://web.archive.org/web/20201215114258/https://www.gfdl.noaa.gov/historical-atlantic-hurricane-and-tropical-storm-records/"
      },
      {
        "datetime": "2021-01-16T22:45:34Z",
        "uri": "https://web.archive.org/web/20210116224534/https://www.gfdl.noaa.gov/historical-atlantic-hurricane-and-tropical-storm-records/"
      },
      {
        "datetime": "2021-01-24T10:14:19Z",
        "uri": "https://web.archive.org/web/20210124101419/https://www.gfdl.noaa.gov/historical-atlantic-hurricane-and-tropical-storm-records/"
      },
      {
        "datetime": "2021-02-14T16:45:08Z",
        "uri": "https://web.archive.org/web/20210214164508/https://www.gfdl.noaa.gov/historical-atlantic-hurricane-and-tropical-storm-records/"
      },
      {
        "datetime": "2021-03-01T17:07:37Z",
        "uri": "https://web.archive.org/web/20210301170737/https://www.gfdl.noaa.gov/historical-atlantic-hurricane-and-tropical-storm-records/"
      },
      {
        "datetime": "2021-03-02T16:55:34Z",
        "uri": "https://web.archive.org/web/20210302165534/https://www.gfdl.noaa.gov/historical-atlantic-hurricane-and-tropical-storm-records/"
      },
      {
        "datetime": "2021-03-21T18:56:16Z",
        "uri": "https://web.archive.org/web/20210321185616/https://www.gfdl.noaa.gov/historical-atlantic-hurricane-and-tropical-storm-records/"
      },
      {
        "datetime": "2021-04-08T03:36:33Z",
        "uri": "https://wayback.archive-it.org/all/20210408033633/https://www.gfdl.noaa.gov/historical-atlantic-hurricane-and-tropical-storm-records/"
      },
      {
        "datetime": "2021-04-08T03:36:33Z",
        "uri": "https://web.archive.org/web/20210408033633/https://www.gfdl.noaa.gov/historical-atlantic-hurricane-and-tropical-storm-records/"
      },
      {
        "datetime": "2021-04-10T11:57:13Z",
        "uri": "https://web.archive.org/web/20210410115713/https://www.gfdl.noaa.gov/historical-atlantic-hurricane-and-tropical-storm-records/"
      },
      {
        "datetime": "2021-04-23T19:35:15Z",
        "uri": "https://web.archive.org/web/20210423193515/https://www.gfdl.noaa.gov/historical-atlantic-hurricane-and-tropical-storm-records/"
      },
      {
        "datetime": "2021-05-15T09:33:50Z",
        "uri": "https://webarchive.loc.gov/all/20210515093350/https://www.gfdl.noaa.gov/historical-atlantic-hurricane-and-tropical-storm-records/"
      },
      {
        "datetime": "2021-06-09T13:14:12Z",
        "uri": "https://web.archive.org/web/20210609131412/https://www.gfdl.noaa.gov/historical-atlantic-hurricane-and-tropical-storm-records"
      },
      {
        "datetime": "2021-06-09T13:14:16Z",
        "uri": "https://web.archive.org/web/20210609131416/https://www.gfdl.noaa.gov/historical-atlantic-hurricane-and-tropical-storm-records/"
      },
      {
        "datetime": "2021-06-17T23:58:01Z",
        "uri": "https://web.archive.org/web/20210617235801/https://www.gfdl.noaa.gov/historical-atlantic-hurricane-and-tropical-storm-records/"
      },
      {
        "datetime": "2021-06-17T23:58:01Z",
        "uri": "https://web.archive.org/web/20210617235801/https://www.gfdl.noaa.gov/historical-atlantic-hurricane-and-tropical-storm-records/"
      },
      {
        "datetime": "2021-07-24T04:07:15Z",
        "uri": "https://web.archive.org/web/20210724040715/https://www.gfdl.noaa.gov/historical-atlantic-hurricane-and-tropical-storm-records/"
      },
      {
        "datetime": "2021-08-10T23:07:57Z",
        "uri": "https://web.archive.org/web/20210810230757/https://www.gfdl.noaa.gov/historical-atlantic-hurricane-and-tropical-storm-records/"
      },
      {
        "datetime": "2021-08-12T04:31:43Z",
        "uri": "https://webarchive.loc.gov/all/20210812043143/https://www.gfdl.noaa.gov/historical-atlantic-hurricane-and-tropical-storm-records/"
      },
      {
        "datetime": "2021-08-14T15:12:12Z",
        "uri": "https://web.archive.org/web/20210814151212/https://www.gfdl.noaa.gov/historical-atlantic-hurricane-and-tropical-storm-records/"
      },
      {
        "datetime": "2021-09-08T00:57:59Z",
        "uri": "https://web.archive.org/web/20210908005759/http://www.gfdl.noaa.gov/historical-atlantic-hurricane-and-tropical-storm-records"
      },
      {
        "datetime": "2021-09-08T00:58:04Z",
        "uri": "https://web.archive.org/web/20210908005804/https://www.gfdl.noaa.gov/historical-atlantic-hurricane-and-tropical-storm-records/"
      },
      {
        "datetime": "2021-09-08T00:58:04Z",
        "uri": "https://web.archive.org/web/20210908005804/https://www.gfdl.noaa.gov/historical-atlantic-hurricane-and-tropical-storm-records"
      },
      {
        "datetime": "2021-09-08T01:00:42Z",
        "uri": "https://web.archive.org/web/20210908010042/https://www.gfdl.noaa.gov/historical-atlantic-hurricane-and-tropical-storm-records/"
      },
      {
        "datetime": "2021-09-11T20:24:28Z",
        "uri": "https://web.archive.org/web/20210911202428/https://www.gfdl.noaa.gov/historical-atlantic-hurricane-and-tropical-storm-records/"
      },
      {
        "datetime": "2021-10-06T09:53:10Z",
        "uri": "https://web.archive.org/web/20211006095310/https://www.gfdl.noaa.gov/historical-atlantic-hurricane-and-tropical-storm-records/"
      },
      {
        "datetime": "2021-10-13T15:54:53Z",
        "uri": "https://wayback.archive-it.org/all/20211013155453/https://www.gfdl.noaa.gov/historical-atlantic-hurricane-and-tropical-storm-records/"
      },
      {
        "datetime": "2021-10-13T15:54:53Z",
        "uri": "https://web.archive.org/web/20211013155453/https://www.gfdl.noaa.gov/historical-atlantic-hurricane-and-tropical-storm-records/"
      },
      {
        "datetime": "2021-10-20T10:38:43Z",
        "uri": "https://web.archive.org/web/20211020103843/https://www.gfdl.noaa.gov/historical-atlantic-hurricane-and-tropical-storm-records/"
      },
      {
        "datetime": "2021-12-13T08:42:02Z",
        "uri": "https://web.archive.org/web/20211213084202/http://www.gfdl.noaa.gov/historical-atlantic-hurricane-and-tropical-storm-records"
      },
      {
        "datetime": "2021-12-13T08:42:05Z",
        "uri": "https://web.archive.org/web/20211213084205/https://www.gfdl.noaa.gov/historical-atlantic-hurricane-and-tropical-storm-records"
      },
      {
        "datetime": "2021-12-13T08:42:07Z",
        "uri": "https://web.archive.org/web/20211213084207/https://www.gfdl.noaa.gov/historical-atlantic-hurricane-and-tropical-storm-records/"
      },
      {
        "datetime": "2021-12-30T10:53:34Z",
        "uri": "https://web.archive.org/web/20211230105334/http://www.gfdl.noaa.gov/historical-atlantic-hurricane-and-tropical-storm-records"
      },
      {
        "datetime": "2021-12-30T10:53:36Z",
        "uri": "https://web.archive.org/web/20211230105336/https://www.gfdl.noaa.gov/historical-atlantic-hurricane-and-tropical-storm-records"
      },
      {
        "datetime": "2022-01-06T15:36:08Z",
        "uri": "https://web.archive.org/web/20220106153608/https://www.gfdl.noaa.gov/historical-atlantic-hurricane-and-tropical-storm-records"
      },
      {
        "datetime": "2022-01-06T15:36:11Z",
        "uri": "https://web.archive.org/web/20220106153611/https://www.gfdl.noaa.gov/historical-atlantic-hurricane-and-tropical-storm-records/"
      },
      {
        "datetime": "2022-01-09T16:17:03Z",
        "uri": "https://web.archive.org/web/20220109161703/https://www.gfdl.noaa.gov/historical-atlantic-hurricane-and-tropical-storm-records/"
      },
      {
        "datetime": "2022-01-20T02:34:28Z",
        "uri": "https://web.archive.org/web/20220120023428/https://www.gfdl.noaa.gov/historical-atlantic-hurricane-and-tropical-storm-records/"
      },
      {
        "datetime": "2022-01-20T18:52:16Z",
        "uri": "https://web.archive.org/web/20220120185216/http://www.gfdl.noaa.gov/historical-atlantic-hurricane-and-tropical-storm-records"
      },
      {
        "datetime": "2022-01-20T18:52:20Z",
        "uri": "https://web.archive.org/web/20220120185220/https://www.gfdl.noaa.gov/historical-atlantic-hurricane-and-tropical-storm-records/"
      },
      {
        "datetime": "2022-06-02T07:59:51Z",
        "uri": "https://web.archive.org/web/20220602075951/https://www.gfdl.noaa.gov/historical-atlantic-hurricane-and-tropical-storm-records/"
      },
      {
        "datetime": "2022-06-21T11:49:20Z",
        "uri": "https://web.archive.org/web/20220621114920/https://www.gfdl.noaa.gov/historical-atlantic-hurricane-and-tropical-storm-records/"
      }
    ],
    "first": {
      "datetime": "2009-08-27T04:56:40Z",
      "uri": "https://web.archive.org/web/20090827045640/http://www.gfdl.noaa.gov/historical-atlantic-hurricane-and-tropical-storm-records"
    },
    "last": {
      "datetime": "2022-06-21T11:49:20Z",
      "uri": "https://web.archive.org/web/20220621114920/https://www.gfdl.noaa.gov/historical-atlantic-hurricane-and-tropical-storm-records/"
    }
  },
  "timemap_uri": {
    "link_format": "http://localhost:1208/timemap/link/https://www.gfdl.noaa.gov/historical-atlantic-hurricane-and-tropical-storm-records/",
    "json_format": "http://localhost:1208/timemap/json/https://www.gfdl.noaa.gov/historical-atlantic-hurricane-and-tropical-storm-records/",
    "cdxj_format": "http://localhost:1208/timemap/cdxj/https://www.gfdl.noaa.gov/historical-atlantic-hurricane-and-tropical-storm-records/"
  },
  "timegate_uri": "http://localhost:1208/timegate/https://www.gfdl.noaa.gov/historical-atlantic-hurricane-and-tropical-storm-records/"
}
