{
  "original_uri": "https://www.cbsnews.com/live-updates/hurricane-ian-florida-damage-south-carolina-forecast-path-2022-09-29/",
  "self": "http://localhost:1208/timemap/json/https://www.cbsnews.com/live-updates/hurricane-ian-florida-damage-south-carolina-forecast-path-2022-09-29/",
  "mementos": {
    "list": [
      {
        "datetime": "2022-09-30T00:30:07Z",
        "uri": "https://web.archive.org/web/20220930003007/https://www.cbsnews.com/live-updates/hurricane-ian-florida-damage-south-carolina-forecast-path-2022-09-29/"
      }
    ],
    "first": {
      "datetime": "2022-09-30T00:30:07Z",
      "uri": "https://web.archive.org/web/20220930003007/https://www.cbsnews.com/live-updates/hurricane-ian-florida-damage-south-carolina-forecast-path-2022-09-29/"
    },
    "last": {
      "datetime": "2022-09-30T00:30:07Z",
      "uri": "https://web.archive.org/web/20220930003007/https://www.cbsnews.com/live-updates/hurricane-ian-florida-damage-south-carolina-forecast-path-2022-09-29/"
    }
  },
  "timemap_uri": {
    "link_format": "http://localhost:1208/timemap/link/https://www.cbsnews.com/live-updates/hurricane-ian-florida-damage-south-carolina-forecast-path-2022-09-29/",
    "json_format": "http://localhost:1208/timemap/json/https://www.cbsnews.com/live-updates/hurricane-ian-florida-damage-south-carolina-forecast-path-2022-09-29/",
    "cdxj_format": "http://localhost:1208/timemap/cdxj/https://www.cbsnews.com/live-updates/hurricane-ian-florida-damage-south-carolina-forecast-path-2022-09-29/"
  },
  "timegate_uri": "http://localhost:1208/timegate/https://www.cbsnews.com/live-updates/hurricane-ian-florida-damage-south-carolina-forecast-path-2022-09-29/"
}
