{
  "original_uri": "https://www.independent.co.uk/life-style/queen-margrethe-denmark-grandchildren-royal-titles-removed-b2177710.html",
  "self": "http://localhost:1208/timemap/json/https://www.independent.co.uk/life-style/queen-margrethe-denmark-grandchildren-royal-titles-removed-b2177710.html",
  "mementos": {
    "list": [
      {
        "datetime": "2022-09-29T05:36:35Z",
        "uri": "http://archive.md/20220929053635/https://www.independent.co.uk/life-style/queen-margrethe-denmark-grandchildren-royal-titles-removed-b2177710.html"
      }
    ],
    "first": {
      "datetime": "2022-09-29T05:36:35Z",
      "uri": "http://archive.md/20220929053635/https://www.independent.co.uk/life-style/queen-margrethe-denmark-grandchildren-royal-titles-removed-b2177710.html"
    },
    "last": {
      "datetime": "2022-09-29T05:36:35Z",
      "uri": "http://archive.md/20220929053635/https://www.independent.co.uk/life-style/queen-margrethe-denmark-grandchildren-royal-titles-removed-b2177710.html"
    }
  },
  "timemap_uri": {
    "link_format": "http://localhost:1208/timemap/link/https://www.independent.co.uk/life-style/queen-margrethe-denmark-grandchildren-royal-titles-removed-b2177710.html",
    "json_format": "http://localhost:1208/timemap/json/https://www.independent.co.uk/life-style/queen-margrethe-denmark-grandchildren-royal-titles-removed-b2177710.html",
    "cdxj_format": "http://localhost:1208/timemap/cdxj/https://www.independent.co.uk/life-style/queen-margrethe-denmark-grandchildren-royal-titles-removed-b2177710.html"
  },
  "timegate_uri": "http://localhost:1208/timegate/https://www.independent.co.uk/life-style/queen-margrethe-denmark-grandchildren-royal-titles-removed-b2177710.html"
}
