{
  "original_uri": "https://onlyfans.com/red_queen_94",
  "self": "http://localhost:1208/timemap/json/https://onlyfans.com/red_queen_94",
  "mementos": {
    "list": [
      {
        "datetime": "2019-12-30T17:08:01Z",
        "uri": "https://web.archive.org/web/20191230170801/http://onlyfans.com/red_queen_94"
      },
      {
        "datetime": "2019-12-31T18:10:55Z",
        "uri": "https://web.archive.org/web/20191231181055/https://onlyfans.com/red_queen_94"
      },
      {
        "datetime": "2020-03-06T05:49:33Z",
        "uri": "https://web.archive.org/web/20200306054933/http://onlyfans.com/red_queen_94"
      },
      {
        "datetime": "2020-06-26T05:14:19Z",
        "uri": "https://web.archive.org/web/20200626051419/http://onlyfans.com/red_queen_94"
      },
      {
        "datetime": "2020-08-05T09:04:39Z",
        "uri": "https://web.archive.org/web/20200805090439/https://onlyfans.com/red_queen_94"
      },
      {
        "datetime": "2020-08-19T14:41:42Z",
        "uri": "https://web.archive.org/web/20200819144142/http://onlyfans.com/red_queen_94"
      },
      {
        "datetime": "2020-08-21T12:13:00Z",
        "uri": "https://web.archive.org/web/20200821121300/http://onlyfans.com/red_queen_94"
      },
      {
        "datetime": "2020-08-29T04:21:14Z",
        "uri": "https://web.archive.org/web/20200829042114/http://onlyfans.com/red_queen_94"
      },
      {
        "datetime": "2020-08-30T03:12:22Z",
        "uri": "https://web.archive.org/web/20200830031222/https://onlyfans.com/red_queen_94"
      },
      {
        "datetime": "2020-09-02T11:34:22Z",
        "uri": "https://web.archive.org/web/20200902113422/http://onlyfans.com/red_queen_94"
      },
      {
        "datetime": "2020-10-02T21:17:18Z",
        "uri": "https://web.archive.org/web/20201002211718/http://onlyfans.com/red_queen_94"
      },
      {
        "datetime": "2020-10-02T21:18:44Z",
        "uri": "https://web.archive.org/web/20201002211844/http://onlyfans.com/red_queen_94"
      },
      {
        "datetime": "2020-11-01T02:35:39Z",
        "uri": "https://web.archive.org/web/20201101023539/http://onlyfans.com/red_queen_94"
      },
      {
        "datetime": "2020-11-01T07:13:36Z",
        "uri": "https://web.archive.org/web/20201101071336/http://onlyfans.com/red_queen_94"
      },
      {
        "datetime": "2020-11-02T06:18:44Z",
        "uri": "https://web.archive.org/web/20201102061844/https://onlyfans.com/red_queen_94"
      },
      {
        "datetime": "2020-12-30T15:01:34Z",
        "uri": "https://web.archive.org/web/20201230150134/https://onlyfans.com/red_queen_94"
      },
      {
        "datetime": "2021-09-24T09:32:32Z",
        "uri": "https://web.archive.org/web/20210924093232/https://onlyfans.com/red_queen_94"
      },
      {
        "datetime": "2021-12-28T15:45:06Z",
        "uri": "https://web.archive.org/web/20211228154506/http://onlyfans.com/red_queen_94"
      },
      {
        "datetime": "2021-12-28T15:55:30Z",
        "uri": "https://web.archive.org/web/20211228155530/https://onlyfans.com/red_queen_94"
      },
      {
        "datetime": "2021-12-31T16:40:22Z",
        "uri": "https://web.archive.org/web/20211231164022/http://onlyfans.com/red_queen_94"
      },
      {
        "datetime": "2022-09-22T14:39:43Z",
        "uri": "https://web.archive.org/web/20220922143943/https://onlyfans.com/red_queen_94"
      },
      {
        "datetime": "2022-09-22T14:56:31Z",
        "uri": "https://web.archive.org/web/20220922145631/https://onlyfans.com/red_queen_94"
      },
      {
        "datetime": "2022-09-22T15:00:22Z",
        "uri": "https://web.archive.org/web/20220922150022/https://onlyfans.com/red_queen_94"
      },
      {
        "datetime": "2022-09-22T15:04:19Z",
        "uri": "https://web.archive.org/web/20220922150419/https://onlyfans.com/red_queen_94"
      },
      {
        "datetime": "2022-09-22T15:06:34Z",
        "uri": "https://web.archive.org/web/20220922150634/https://onlyfans.com/red_queen_94"
      },
      {
        "datetime": "2022-09-22T15:10:44Z",
        "uri": "https://web.archive.org/web/20220922151044/https://onlyfans.com/red_queen_94"
      },
      {
        "datetime": "2022-09-22T15:23:25Z",
        "uri": "https://web.archive.org/web/20220922152325/https://onlyfans.com/red_queen_94"
      },
      {
        "datetime": "2022-09-22T15:26:13Z",
        "uri": "https://web.archive.org/web/20220922152613/https://onlyfans.com/red_queen_94"
      },
      {
        "datetime": "2022-09-22T15:31:14Z",
        "uri": "https://web.archive.org/web/20220922153114/https://onlyfans.com/red_queen_94"
      },
      {
        "datetime": "2022-09-22T15:45:53Z",
        "uri": "https://web.archive.org/web/20220922154553/https://onlyfans.com/red_queen_94"
      },
      {
        "datetime": "2022-09-22T16:00:49Z",
        "uri": "https://web.archive.org/web/20220922160049/https://onlyfans.com/red_queen_94"
      }
    ],
    "first": {
      "datetime": "2019-12-30T17:08:01Z",
      "uri": "https://web.archive.org/web/20191230170801/http://onlyfans.com/red_queen_94"
    },
    "last": {
      "datetime": "2022-09-22T16:00:49Z",
      "uri": "https://web.archive.org/web/20220922160049/https://onlyfans.com/red_queen_94"
    }
  },
  "timemap_uri": {
    "link_format": "http://localhost:1208/timemap/link/https://onlyfans.com/red_queen_94",
    "json_format": "http://localhost:1208/timemap/json/https://onlyfans.com/red_queen_94",
    "cdxj_format": "http://localhost:1208/timemap/cdxj/https://onlyfans.com/red_queen_94"
  },
  "timegate_uri": "http://localhost:1208/timegate/https://onlyfans.com/red_queen_94"
}
