{
  "original_uri": "https://www.president.gov.ua/en/news/zvernennya-prezidenta-ukrayini-do-korinnih-narodiv-rosiyi-bo-78137",
  "self": "http://localhost:1208/timemap/json/https://www.president.gov.ua/en/news/zvernennya-prezidenta-ukrayini-do-korinnih-narodiv-rosiyi-bo-78137",
  "mementos": {
    "list": [
      {
        "datetime": "2022-09-29T23:09:05Z",
        "uri": "https://web.archive.org/web/20220929230905/https://www.president.gov.ua/en/news/zvernennya-prezidenta-ukrayini-do-korinnih-narodiv-rosiyi-bo-78137"
      },
      {
        "datetime": "2022-09-30T18:18:29Z",
        "uri": "https://web.archive.org/web/20220930181829/https://www.president.gov.ua/en/news/zvernennya-prezidenta-ukrayini-do-korinnih-narodiv-rosiyi-bo-78137"
      },
      {
        "datetime": "2022-10-01T08:07:07Z",
        "uri": "http://archive.md/20221001080707/https://www.president.gov.ua/en/news/zvernennya-prezidenta-ukrayini-do-korinnih-narodiv-rosiyi-bo-78137"
      }
    ],
    "first": {
      "datetime": "2022-09-29T23:09:05Z",
      "uri": "https://web.archive.org/web/20220929230905/https://www.president.gov.ua/en/news/zvernennya-prezidenta-ukrayini-do-korinnih-narodiv-rosiyi-bo-78137"
    },
    "last": {
      "datetime": "2022-10-01T08:07:07Z",
      "uri": "http://archive.md/20221001080707/https://www.president.gov.ua/en/news/zvernennya-prezidenta-ukrayini-do-korinnih-narodiv-rosiyi-bo-78137"
    }
  },
  "timemap_uri": {
    "link_format": "http://localhost:1208/timemap/link/https://www.president.gov.ua/en/news/zvernennya-prezidenta-ukrayini-do-korinnih-narodiv-rosiyi-bo-78137",
    "json_format": "http://localhost:1208/timemap/json/https://www.president.gov.ua/en/news/zvernennya-prezidenta-ukrayini-do-korinnih-narodiv-rosiyi-bo-78137",
    "cdxj_format": "http://localhost:1208/timemap/cdxj/https://www.president.gov.ua/en/news/zvernennya-prezidenta-ukrayini-do-korinnih-narodiv-rosiyi-bo-78137"
  },
  "timegate_uri": "http://localhost:1208/timegate/https://www.president.gov.ua/en/news/zvernennya-prezidenta-ukrayini-do-korinnih-narodiv-rosiyi-bo-78137"
}
