{
  "original_uri": "https://realcontextnews.com/why-putin-has-doomed-himself-with-his-ukraine-fiasco/",
  "self": "http://localhost:1208/timemap/json/https://realcontextnews.com/why-putin-has-doomed-himself-with-his-ukraine-fiasco/",
  "mementos": {
    "list": [
      {
        "datetime": "2022-09-27T10:35:32Z",
        "uri": "https://web.archive.org/web/20220927103532/https://realcontextnews.com/why-putin-has-doomed-himself-with-his-ukraine-fiasco/"
      },
      {
        "datetime": "2022-09-27T10:36:19Z",
        "uri": "https://web.archive.org/web/20220927103619/https://realcontextnews.com/why-putin-has-doomed-himself-with-his-ukraine-fiasco/"
      },
      {
        "datetime": "2022-09-27T13:38:00Z",
        "uri": "http://archive.md/20220927133800/https://realcontextnews.com/why-putin-has-doomed-himself-with-his-ukraine-fiasco/"
      }
    ],
    "first": {
      "datetime": "2022-09-27T10:35:32Z",
      "uri": "https://web.archive.org/web/20220927103532/https://realcontextnews.com/why-putin-has-doomed-himself-with-his-ukraine-fiasco/"
    },
    "last": {
      "datetime": "2022-09-27T13:38:00Z",
      "uri": "http://archive.md/20220927133800/https://realcontextnews.com/why-putin-has-doomed-himself-with-his-ukraine-fiasco/"
    }
  },
  "timemap_uri": {
    "link_format": "http://localhost:1208/timemap/link/https://realcontextnews.com/why-putin-has-doomed-himself-with-his-ukraine-fiasco/",
    "json_format": "http://localhost:1208/timemap/json/https://realcontextnews.com/why-putin-has-doomed-himself-with-his-ukraine-fiasco/",
    "cdxj_format": "http://localhost:1208/timemap/cdxj/https://realcontextnews.com/why-putin-has-doomed-himself-with-his-ukraine-fiasco/"
  },
  "timegate_uri": "http://localhost:1208/timegate/https://realcontextnews.com/why-putin-has-doomed-himself-with-his-ukraine-fiasco/"
}
