{
  "original_uri": "https://www.forbes.com/sites/davidaxe/2022/09/29/russian-correspondent-thousands-of-russian-troops-are-about-to-get-trapped-in-the-east/",
  "self": "http://localhost:1208/timemap/json/https://www.forbes.com/sites/davidaxe/2022/09/29/russian-correspondent-thousands-of-russian-troops-are-about-to-get-trapped-in-the-east/",
  "mementos": {
    "list": [
      {
        "datetime": "2022-09-29T23:17:39Z",
        "uri": "http://archive.md/20220929231739/https://www.forbes.com/sites/davidaxe/2022/09/29/russian-correspondent-thousands-of-russian-troops-are-about-to-get-trapped-in-the-east/"
      },
      {
        "datetime": "2022-09-30T05:59:19Z",
        "uri": "https://wayback.archive-it.org/all/20220930055919/https://www.forbes.com/sites/davidaxe/2022/09/29/russian-correspondent-thousands-of-russian-troops-are-about-to-get-trapped-in-the-east/"
      }
    ],
    "first": {
      "datetime": "2022-09-29T23:17:39Z",
      "uri": "http://archive.md/20220929231739/https://www.forbes.com/sites/davidaxe/2022/09/29/russian-correspondent-thousands-of-russian-troops-are-about-to-get-trapped-in-the-east/"
    },
    "last": {
      "datetime": "2022-09-30T05:59:19Z",
      "uri": "https://wayback.archive-it.org/all/20220930055919/https://www.forbes.com/sites/davidaxe/2022/09/29/russian-correspondent-thousands-of-russian-troops-are-about-to-get-trapped-in-the-east/"
    }
  },
  "timemap_uri": {
    "link_format": "http://localhost:1208/timemap/link/https://www.forbes.com/sites/davidaxe/2022/09/29/russian-correspondent-thousands-of-russian-troops-are-about-to-get-trapped-in-the-east/",
    "json_format": "http://localhost:1208/timemap/json/https://www.forbes.com/sites/davidaxe/2022/09/29/russian-correspondent-thousands-of-russian-troops-are-about-to-get-trapped-in-the-east/",
    "cdxj_format": "http://localhost:1208/timemap/cdxj/https://www.forbes.com/sites/davidaxe/2022/09/29/russian-correspondent-thousands-of-russian-troops-are-about-to-get-trapped-in-the-east/"
  },
  "timegate_uri": "http://localhost:1208/timegate/https://www.forbes.com/sites/davidaxe/2022/09/29/russian-correspondent-thousands-of-russian-troops-are-about-to-get-trapped-in-the-east/"
}
