{
  "original_uri": "https://www.wishtender.com/red_queen_94",
  "self": "http://localhost:1208/timemap/json/https://www.wishtender.com/red_queen_94",
  "mementos": {
    "list": [
      {
        "datetime": "2022-08-09T20:24:08Z",
        "uri": "https://web.archive.org/web/20220809202408/https://wishtender.com/red_queen_94"
      },
      {
        "datetime": "2022-08-09T20:24:09Z",
        "uri": "https://web.archive.org/web/20220809202409/https://www.wishtender.com/red_queen_94"
      },
      {
        "datetime": "2022-09-23T02:59:10Z",
        "uri": "https://web.archive.org/web/20220923025910/https://www.wishtender.com/red_queen_94"
      },
      {
        "datetime": "2022-09-23T02:59:10Z",
        "uri": "https://web.archive.org/web/20220923025910/https://wishtender.com/red_queen_94"
      },
      {
        "datetime": "2022-09-23T03:08:01Z",
        "uri": "https://web.archive.org/web/20220923030801/https://www.wishtender.com/red_queen_94"
      },
      {
        "datetime": "2022-09-23T03:08:01Z",
        "uri": "https://web.archive.org/web/20220923030801/https://wishtender.com/red_queen_94"
      }
    ],
    "first": {
      "datetime": "2022-08-09T20:24:08Z",
      "uri": "https://web.archive.org/web/20220809202408/https://wishtender.com/red_queen_94"
    },
    "last": {
      "datetime": "2022-09-23T03:08:01Z",
      "uri": "https://web.archive.org/web/20220923030801/https://wishtender.com/red_queen_94"
    }
  },
  "timemap_uri": {
    "link_format": "http://localhost:1208/timemap/link/https://www.wishtender.com/red_queen_94",
    "json_format": "http://localhost:1208/timemap/json/https://www.wishtender.com/red_queen_94",
    "cdxj_format": "http://localhost:1208/timemap/cdxj/https://www.wishtender.com/red_queen_94"
  },
  "timegate_uri": "http://localhost:1208/timegate/https://www.wishtender.com/red_queen_94"
}
