{
  "original_uri": "https://www.unian.info/politics/nato-interoperability-english-to-become-essential-in-ukraine-army-11224691.html",
  "self": "http://localhost:1208/timemap/json/https://www.unian.info/politics/nato-interoperability-english-to-become-essential-in-ukraine-army-11224691.html",
  "mementos": {
    "list": [
      {
        "datetime": "2020-11-18T16:04:00Z",
        "uri": "https://web.archive.org/web/20201118160400/https://www.unian.info/politics/nato-interoperability-english-to-become-essential-in-ukraine-army-11224691.html"
      },
      {
        "datetime": "2020-11-19T05:57:05Z",
        "uri": "https://web.archive.org/web/20201119055705/https://www.unian.info/politics/nato-interoperability-english-to-become-essential-in-ukraine-army-11224691.html"
      },
      {
        "datetime": "2020-11-19T18:18:05Z",
        "uri": "https://web.archive.org/web/20201119181805/https://www.unian.info/politics/nato-interoperability-english-to-become-essential-in-ukraine-army-11224691.html"
      },
      {
        "datetime": "2020-11-24T05:30:55Z",
        "uri": "https://web.archive.org/web/20201124053055/https://www.unian.info/politics/nato-interoperability-english-to-become-essential-in-ukraine-army-11224691.html"
      },
      {
        "datetime": "2020-11-26T04:24:03Z",
        "uri": "https://web.archive.org/web/20201126042403/https://www.unian.info/politics/nato-interoperability-english-to-become-essential-in-ukraine-army-11224691.html"
      },
      {
        "datetime": "2020-11-27T07:30:53Z",
        "uri": "https://web.archive.org/web/20201127073053/https://www.unian.info/politics/nato-interoperability-english-to-become-essential-in-ukraine-army-11224691.html"
      },
      {
        "datetime": "2020-11-28T00:00:59Z",
        "uri": "https://web.archive.org/web/20201128000059/https://www.unian.info/politics/nato-interoperability-english-to-become-essential-in-ukraine-army-11224691.html"
      },
      {
        "datetime": "2021-01-04T19:51:06Z",
        "uri": "https://web.archive.org/web/20210104195106/https://www.unian.info/politics/nato-interoperability-english-to-become-essential-in-ukraine-army-11224691.html"
      },
      {
        "datetime": "2021-01-25T09:55:21Z",
        "uri": "https://web.archive.org/web/20210125095521/https://www.unian.info/politics/nato-interoperability-english-to-become-essential-in-ukraine-army-11224691.html"
      },
      {
        "datetime": "2021-05-07T22:49:21Z",
        "uri": "https://web.archive.org/web/20210507224921/https://www.unian.info/politics/nato-interoperability-english-to-become-essential-in-ukraine-army-11224691.html"
      },
      {
        "datetime": "2021-07-26T18:08:35Z",
        "uri": "https://web.archive.org/web/20210726180835/https://www.unian.info/politics/nato-interoperability-english-to-become-essential-in-ukraine-army-11224691.html"
      }
    ],
    "first": {
      "datetime": "2020-11-18T16:04:00Z",
      "uri": "https://web.archive.org/web/20201118160400/https://www.unian.info/politics/nato-interoperability-english-to-become-essential-in-ukraine-army-11224691.html"
    },
    "last": {
      "datetime": "2021-07-26T18:08:35Z",
      "uri": "https://web.archive.org/web/20210726180835/https://www.unian.info/politics/nato-interoperability-english-to-become-essential-in-ukraine-army-11224691.html"
    }
  },
  "timemap_uri": {
    "link_format": "http://localhost:1208/timemap/link/https://www.unian.info/politics/nato-interoperability-english-to-become-essential-in-ukraine-army-11224691.html",
    "json_format": "http://localhost:1208/timemap/json/https://www.unian.info/politics/nato-interoperability-english-to-become-essential-in-ukraine-army-11224691.html",
    "cdxj_format": "http://localhost:1208/timemap/cdxj/https://www.unian.info/politics/nato-interoperability-english-to-become-essential-in-ukraine-army-11224691.html"
  },
  "timegate_uri": "http://localhost:1208/timegate/https://www.unian.info/politics/nato-interoperability-english-to-become-essential-in-ukraine-army-11224691.html"
}
