{
  "original_uri": "https://www.commondreams.org/views/2022/09/29/end-war-ukraine-say-66-nations-un-general-assembly",
  "self": "http://localhost:1208/timemap/json/https://www.commondreams.org/views/2022/09/29/end-war-ukraine-say-66-nations-un-general-assembly",
  "mementos": {
    "list": [
      {
        "datetime": "2022-09-29T17:23:40Z",
        "uri": "https://web.archive.org/web/20220929172340/https://www.commondreams.org/views/2022/09/29/end-war-ukraine-say-66-nations-un-general-assembly"
      },
      {
        "datetime": "2022-09-29T19:11:34Z",
        "uri": "https://web.archive.org/web/20220929191134/https://www.commondreams.org/views/2022/09/29/end-war-ukraine-say-66-nations-un-general-assembly"
      },
      {
        "datetime": "2022-09-30T06:04:23Z",
        "uri": "https://web.archive.org/web/20220930060423/https://www.commondreams.org/views/2022/09/29/end-war-ukraine-say-66-nations-un-general-assembly"
      }
    ],
    "first": {
      "datetime": "2022-09-29T17:23:40Z",
      "uri": "https://web.archive.org/web/20220929172340/https://www.commondreams.org/views/2022/09/29/end-war-ukraine-say-66-nations-un-general-assembly"
    },
    "last": {
      "datetime": "2022-09-30T06:04:23Z",
      "uri": "https://web.archive.org/web/20220930060423/https://www.commondreams.org/views/2022/09/29/end-war-ukraine-say-66-nations-un-general-assembly"
    }
  },
  "timemap_uri": {
    "link_format": "http://localhost:1208/timemap/link/https://www.commondreams.org/views/2022/09/29/end-war-ukraine-say-66-nations-un-general-assembly",
    "json_format": "http://localhost:1208/timemap/json/https://www.commondreams.org/views/2022/09/29/end-war-ukraine-say-66-nations-un-general-assembly",
    "cdxj_format": "http://localhost:1208/timemap/cdxj/https://www.commondreams.org/views/2022/09/29/end-war-ukraine-say-66-nations-un-general-assembly"
  },
  "timegate_uri": "http://localhost:1208/timegate/https://www.commondreams.org/views/2022/09/29/end-war-ukraine-say-66-nations-un-general-assembly"
}
