{
  "original_uri": "https://www.cnn.com/2022/09/29/politics/white-house-student-loan-cancellation-cost-estimate/index.html",
  "self": "http://localhost:1208/timemap/json/https://www.cnn.com/2022/09/29/politics/white-house-student-loan-cancellation-cost-estimate/index.html",
  "mementos": {
    "list": [
      {
        "datetime": "2022-09-30T02:01:38Z",
        "uri": "http://archive.md/20220930020138/https://www.cnn.com/2022/09/29/politics/white-house-student-loan-cancellation-cost-estimate/index.html"
      }
    ],
    "first": {
      "datetime": "2022-09-30T02:01:38Z",
      "uri": "http://archive.md/20220930020138/https://www.cnn.com/2022/09/29/politics/white-house-student-loan-cancellation-cost-estimate/index.html"
    },
    "last": {
      "datetime": "2022-09-30T02:01:38Z",
      "uri": "http://archive.md/20220930020138/https://www.cnn.com/2022/09/29/politics/white-house-student-loan-cancellation-cost-estimate/index.html"
    }
  },
  "timemap_uri": {
    "link_format": "http://localhost:1208/timemap/link/https://www.cnn.com/2022/09/29/politics/white-house-student-loan-cancellation-cost-estimate/index.html",
    "json_format": "http://localhost:1208/timemap/json/https://www.cnn.com/2022/09/29/politics/white-house-student-loan-cancellation-cost-estimate/index.html",
    "cdxj_format": "http://localhost:1208/timemap/cdxj/https://www.cnn.com/2022/09/29/politics/white-house-student-loan-cancellation-cost-estimate/index.html"
  },
  "timegate_uri": "http://localhost:1208/timegate/https://www.cnn.com/2022/09/29/politics/white-house-student-loan-cancellation-cost-estimate/index.html"
}
