{
  "original_uri": "https://www.grid.news/story/global/2022/08/18/the-ukraine-war-in-data-counting-russian-casualties-in-the-fog-of-war/#:~:text=Ukraine%20has%20raised%20its%20estimate,at%20between%207,000%20and%2015,000",
  "self": "http://localhost:1208/timemap/json/https://www.grid.news/story/global/2022/08/18/the-ukraine-war-in-data-counting-russian-casualties-in-the-fog-of-war/#:~:text=Ukraine%20has%20raised%20its%20estimate,at%20between%207,000%20and%2015,000",
  "mementos": {
    "list": [
      {
        "datetime": "2022-08-18T11:53:05Z",
        "uri": "https://web.archive.org/web/20220818115305/https://www.grid.news/story/global/2022/08/18/the-ukraine-war-in-data-counting-russian-casualties-in-the-fog-of-war/"
      },
      {
        "datetime": "2022-08-24T09:12:43Z",
        "uri": "https://web.archive.org/web/20220824091243/https://www.grid.news/story/global/2022/08/18/the-ukraine-war-in-data-counting-russian-casualties-in-the-fog-of-war/"
      },
      {
        "datetime": "2022-08-26T02:02:25Z",
        "uri": "https://web.archive.org/web/20220826020225/https://www.grid.news/story/global/2022/08/18/the-ukraine-war-in-data-counting-russian-casualties-in-the-fog-of-war/"
      },
      {
        "datetime": "2022-09-03T01:02:49Z",
        "uri": "https://web.archive.org/web/20220903010249/https://www.grid.news/story/global/2022/08/18/the-ukraine-war-in-data-counting-russian-casualties-in-the-fog-of-war/"
      },
      {
        "datetime": "2022-09-03T10:15:28Z",
        "uri": "https://web.archive.org/web/20220903101528/https://www.grid.news/story/global/2022/08/18/the-ukraine-war-in-data-counting-russian-casualties-in-the-fog-of-war/"
      },
      {
        "datetime": "2022-09-07T10:02:06Z",
        "uri": "https://web.archive.org/web/20220907100206/https://www.grid.news/story/global/2022/08/18/the-ukraine-war-in-data-counting-russian-casualties-in-the-fog-of-war/"
      },
      {
        "datetime": "2022-09-07T14:34:28Z",
        "uri": "https://web.archive.org/web/20220907143428/https://www.grid.news/story/global/2022/08/18/the-ukraine-war-in-data-counting-russian-casualties-in-the-fog-of-war/"
      },
      {
        "datetime": "2022-09-07T14:34:51Z",
        "uri": "https://web.archive.org/web/20220907143451/https://www.grid.news/story/global/2022/08/18/the-ukraine-war-in-data-counting-russian-casualties-in-the-fog-of-war/"
      },
      {
        "datetime": "2022-09-08T14:23:09Z",
        "uri": "https://web.archive.org/web/20220908142309/https://www.grid.news/story/global/2022/08/18/the-ukraine-war-in-data-counting-russian-casualties-in-the-fog-of-war/"
      },
      {
        "datetime": "2022-09-09T09:44:39Z",
        "uri": "https://web.archive.org/web/20220909094439/https://www.grid.news/story/global/2022/08/18/the-ukraine-war-in-data-counting-russian-casualties-in-the-fog-of-war/"
      },
      {
        "datetime": "2022-09-10T22:23:47Z",
        "uri": "https://web.archive.org/web/20220910222347/https://www.grid.news/story/global/2022/08/18/the-ukraine-war-in-data-counting-russian-casualties-in-the-fog-of-war/"
      },
      {
        "datetime": "2022-09-15T13:39:55Z",
        "uri": "https://web.archive.org/web/20220915133955/https://www.grid.news/story/global/2022/08/18/the-ukraine-war-in-data-counting-russian-casualties-in-the-fog-of-war/"
      },
      {
        "datetime": "2022-09-17T07:48:26Z",
        "uri": "https://wayback.archive-it.org/all/20220917074826/https://www.grid.news/story/global/2022/08/18/the-ukraine-war-in-data-counting-russian-casualties-in-the-fog-of-war/"
      },
      {
        "datetime": "2022-09-17T07:48:26Z",
        "uri": "https://web.archive.org/web/20220917074826/https://www.grid.news/story/global/2022/08/18/the-ukraine-war-in-data-counting-russian-casualties-in-the-fog-of-war/"
      },
      {
        "datetime": "2022-09-17T11:38:24Z",
        "uri": "https://web.archive.org/web/20220917113824/https://www.grid.news/story/global/2022/08/18/the-ukraine-war-in-data-counting-russian-casualties-in-the-fog-of-war/"
      },
      {
        "datetime": "2022-09-18T08:46:05Z",
        "uri": "https://wayback.archive-it.org/all/20220918084605/https://www.grid.news/story/global/2022/08/18/the-ukraine-war-in-data-counting-russian-casualties-in-the-fog-of-war/"
      },
      {
        "datetime": "2022-09-18T08:46:05Z",
        "uri": "https://web.archive.org/web/20220918084605/https://www.grid.news/story/global/2022/08/18/the-ukraine-war-in-data-counting-russian-casualties-in-the-fog-of-war/"
      },
      {
        "datetime": "2022-09-18T12:09:26Z",
        "uri": "https://wayback.archive-it.org/all/20220918120926/https://www.grid.news/story/global/2022/08/18/the-ukraine-war-in-data-counting-russian-casualties-in-the-fog-of-war/"
      },
      {
        "datetime": "2022-09-18T12:09:26Z",
        "uri": "https://web.archive.org/web/20220918120926/https://www.grid.news/story/global/2022/08/18/the-ukraine-war-in-data-counting-russian-casualties-in-the-fog-of-war/"
      },
      {
        "datetime": "2022-09-21T10:33:43Z",
        "uri": "https://wayback.archive-it.org/all/20220921103343/https://www.grid.news/story/global/2022/08/18/the-ukraine-war-in-data-counting-russian-casualties-in-the-fog-of-war/"
      },
      {
        "datetime": "2022-09-21T10:33:43Z",
        "uri": "https://web.archive.org/web/20220921103343/https://www.grid.news/story/global/2022/08/18/the-ukraine-war-in-data-counting-russian-casualties-in-the-fog-of-war/"
      },
      {
        "datetime": "2022-09-22T00:11:51Z",
        "uri": "https://web.archive.org/web/20220922001151/https://www.grid.news/story/global/2022/08/18/the-ukraine-war-in-data-counting-russian-casualties-in-the-fog-of-war/"
      },
      {
        "datetime": "2022-09-23T13:50:48Z",
        "uri": "https://wayback.archive-it.org/all/20220923135048/https://www.grid.news/story/global/2022/08/18/the-ukraine-war-in-data-counting-russian-casualties-in-the-fog-of-war/"
      },
      {
        "datetime": "2022-09-23T13:50:48Z",
        "uri": "https://web.archive.org/web/20220923135048/https://www.grid.news/story/global/2022/08/18/the-ukraine-war-in-data-counting-russian-casualties-in-the-fog-of-war/"
      },
      {
        "datetime": "2022-09-25T08:35:01Z",
        "uri": "https://web.archive.org/web/20220925083501/https://www.grid.news/story/global/2022/08/18/the-ukraine-war-in-data-counting-russian-casualties-in-the-fog-of-war/"
      },
      {
        "datetime": "2022-09-28T08:33:05Z",
        "uri": "https://web.archive.org/web/20220928083305/https://www.grid.news/story/global/2022/08/18/the-ukraine-war-in-data-counting-russian-casualties-in-the-fog-of-war/"
      }
    ],
    "first": {
      "datetime": "2022-08-18T11:53:05Z",
      "uri": "https://web.archive.org/web/20220818115305/https://www.grid.news/story/global/2022/08/18/the-ukraine-war-in-data-counting-russian-casualties-in-the-fog-of-war/"
    },
    "last": {
      "datetime": "2022-09-28T08:33:05Z",
      "uri": "https://web.archive.org/web/20220928083305/https://www.grid.news/story/global/2022/08/18/the-ukraine-war-in-data-counting-russian-casualties-in-the-fog-of-war/"
    }
  },
  "timemap_uri": {
    "link_format": "http://localhost:1208/timemap/link/https://www.grid.news/story/global/2022/08/18/the-ukraine-war-in-data-counting-russian-casualties-in-the-fog-of-war/#:~:text=Ukraine%20has%20raised%20its%20estimate,at%20between%207,000%20and%2015,000",
    "json_format": "http://localhost:1208/timemap/json/https://www.grid.news/story/global/2022/08/18/the-ukraine-war-in-data-counting-russian-casualties-in-the-fog-of-war/#:~:text=Ukraine%20has%20raised%20its%20estimate,at%20between%207,000%20and%2015,000",
    "cdxj_format": "http://localhost:1208/timemap/cdxj/https://www.grid.news/story/global/2022/08/18/the-ukraine-war-in-data-counting-russian-casualties-in-the-fog-of-war/#:~:text=Ukraine%20has%20raised%20its%20estimate,at%20between%207,000%20and%2015,000"
  },
  "timegate_uri": "http://localhost:1208/timegate/https://www.grid.news/story/global/2022/08/18/the-ukraine-war-in-data-counting-russian-casualties-in-the-fog-of-war/#:~:text=Ukraine%20has%20raised%20its%20estimate,at%20between%207,000%20and%2015,000"
}
