{
  "original_uri": "http://freegiftquiz.com/heavenquiz.html",
  "self": "http://localhost:1208/timemap/json/http://freegiftquiz.com/heavenquiz.html",
  "mementos": {
    "list": [
      {
        "datetime": "2013-06-24T10:07:46Z",
        "uri": "https://web.archive.org/web/20130624100746/http://www.freegiftquiz.com:80/heavenquiz.html"
      },
      {
        "datetime": "2013-07-25T10:01:36Z",
        "uri": "https://web.archive.org/web/20130725100136/http://www.freegiftquiz.com:80/heavenquiz.html"
      },
      {
        "datetime": "2013-10-28T20:54:02Z",
        "uri": "https://web.archive.org/web/20131028205402/http://www.freegiftquiz.com/heavenquiz.html"
      },
      {
        "datetime": "2014-09-20T15:12:37Z",
        "uri": "https://web.archive.org/web/20140920151237/http://www.freegiftquiz.com/heavenquiz.html"
      },
      {
        "datetime": "2014-10-30T00:56:33Z",
        "uri": "https://web.archive.org/web/20141030005633/http://www.freegiftquiz.com/heavenquiz.html"
      },
      {
        "datetime": "2014-11-07T03:20:43Z",
        "uri": "https://web.archive.org/web/20141107032043/http://freegiftquiz.com/heavenquiz.html"
      },
      {
        "datetime": "2015-02-08T19:01:05Z",
        "uri": "https://web.archive.org/web/20150208190105/http://www.freegiftquiz.com/heavenquiz.html"
      },
      {
        "datetime": "2015-02-10T08:29:56Z",
        "uri": "https://web.archive.org/web/20150210082956/http://freegiftquiz.com/heavenquiz.html"
      },
      {
        "datetime": "2015-02-11T01:36:32Z",
        "uri": "https://web.archive.org/web/20150211013632/http://www.freegiftquiz.com:80/heavenquiz.html"
      },
      {
        "datetime": "2015-04-13T06:16:37Z",
        "uri": "https://web.archive.org/web/20150413061637/http://www.freegiftquiz.com:80/heavenquiz.html"
      },
      {
        "datetime": "2015-06-13T02:40:43Z",
        "uri": "https://web.archive.org/web/20150613024043/http://www.freegiftquiz.com:80/heavenquiz.html"
      },
      {
        "datetime": "2015-07-04T04:14:03Z",
        "uri": "https://web.archive.org/web/20150704041403/http://www.freegiftquiz.com:80/heavenquiz.html"
      },
      {
        "datetime": "2015-08-03T17:01:43Z",
        "uri": "https://web.archive.org/web/20150803170143/http://www.freegiftquiz.com:80/heavenquiz.html"
      },
      {
        "datetime": "2015-08-12T10:07:14Z",
        "uri": "https://web.archive.org/web/20150812100714/http://www.freegiftquiz.com/heavenquiz.html"
      },
      {
        "datetime": "2015-09-03T06:14:40Z",
        "uri": "https://web.archive.org/web/20150903061440/http://www.freegiftquiz.com:80/heavenquiz.html"
      },
      {
        "datetime": "2015-11-24T11:23:25Z",
        "uri": "https://web.archive.org/web/20151124112325/http://freegiftquiz.com/heavenquiz.html"
      },
      {
        "datetime": "2015-12-31T12:19:50Z",
        "uri": "https://web.archive.org/web/20151231121950/http://freegiftquiz.com/heavenquiz.html"
      },
      {
        "datetime": "2016-01-14T02:36:35Z",
        "uri": "https://web.archive.org/web/20160114023635/http://www.freegiftquiz.com:80/heavenquiz.html"
      },
      {
        "datetime": "2016-01-22T12:02:08Z",
        "uri": "https://web.archive.org/web/20160122120208/http://freegiftquiz.com/heavenquiz.html"
      },
      {
        "datetime": "2016-02-14T03:09:53Z",
        "uri": "https://web.archive.org/web/20160214030953/http://www.freegiftquiz.com:80/heavenquiz.html"
      },
      {
        "datetime": "2016-02-15T05:02:20Z",
        "uri": "https://web.archive.org/web/20160215050220/http://www.freegiftquiz.com/heavenquiz.html"
      },
      {
        "datetime": "2016-03-13T12:13:27Z",
        "uri": "https://web.archive.org/web/20160313121327/http://freegiftquiz.com/heavenquiz.html"
      },
      {
        "datetime": "2016-03-16T05:33:57Z",
        "uri": "https://web.archive.org/web/20160316053357/http://www.freegiftquiz.com:80/heavenquiz.html"
      },
      {
        "datetime": "2016-04-02T16:54:23Z",
        "uri": "https://web.archive.org/web/20160402165423/http://www.freegiftquiz.com/heavenquiz.html"
      },
      {
        "datetime": "2016-04-16T02:09:58Z",
        "uri": "https://web.archive.org/web/20160416020958/http://www.freegiftquiz.com:80/heavenquiz.html"
      },
      {
        "datetime": "2016-07-15T04:19:06Z",
        "uri": "https://web.archive.org/web/20160715041906/http://www.freegiftquiz.com/heavenquiz.html"
      },
      {
        "datetime": "2016-10-21T00:47:08Z",
        "uri": "https://web.archive.org/web/20161021004708/http://freegiftquiz.com/heavenquiz.html"
      },
      {
        "datetime": "2016-12-22T08:30:47Z",
        "uri": "https://web.archive.org/web/20161222083047/http://www.freegiftquiz.com/heavenquiz.html"
      },
      {
        "datetime": "2018-08-22T11:29:43Z",
        "uri": "https://web.archive.org/web/20180822112943/http://freegiftquiz.com/heavenquiz.html"
      },
      {
        "datetime": "2019-03-06T22:22:48Z",
        "uri": "https://web.archive.org/web/20190306222248/http://www.freegiftquiz.com/heavenquiz.html"
      },
      {
        "datetime": "2019-03-26T19:55:49Z",
        "uri": "https://web.archive.org/web/20190326195549/http://www.freegiftquiz.com/heavenquiz.html"
      },
      {
        "datetime": "2020-08-22T10:20:46Z",
        "uri": "https://web.archive.org/web/20200822102046/http://www.freegiftquiz.com/heavenquiz.html"
      },
      {
        "datetime": "2021-04-23T05:26:27Z",
        "uri": "https://web.archive.org/web/20210423052627/http://freegiftquiz.com/heavenquiz.html"
      },
      {
        "datetime": "2021-05-19T02:55:19Z",
        "uri": "https://web.archive.org/web/20210519025519/http://freegiftquiz.com/heavenquiz.html"
      },
      {
        "datetime": "2021-12-15T06:44:25Z",
        "uri": "https://web.archive.org/web/20211215064425/http://www.freegiftquiz.com/heavenquiz.html"
      },
      {
        "datetime": "2022-01-25T22:30:08Z",
        "uri": "https://web.archive.org/web/20220125223008/http://freegiftquiz.com/heavenquiz.html"
      },
      {
        "datetime": "2022-06-04T22:53:52Z",
        "uri": "https://web.archive.org/web/20220604225352/http://freegiftquiz.com/heavenquiz.html"
      },
      {
        "datetime": "2022-06-07T15:19:30Z",
        "uri": "https://web.archive.org/web/20220607151930/http://freegiftquiz.com/heavenquiz.html"
      },
      {
        "datetime": "2022-07-23T00:10:38Z",
        "uri": "https://web.archive.org/web/20220723001038/https://freegiftquiz.com/heavenquiz.html"
      },
      {
        "datetime": "2022-08-24T05:45:24Z",
        "uri": "https://web.archive.org/web/20220824054524/https://www.freegiftquiz.com/heavenquiz.html"
      }
    ],
    "first": {
      "datetime": "2013-06-24T10:07:46Z",
      "uri": "https://web.archive.org/web/20130624100746/http://www.freegiftquiz.com:80/heavenquiz.html"
    },
    "last": {
      "datetime": "2022-08-24T05:45:24Z",
      "uri": "https://web.archive.org/web/20220824054524/https://www.freegiftquiz.com/heavenquiz.html"
    }
  },
  "timemap_uri": {
    "link_format": "http://localhost:1208/timemap/link/http://freegiftquiz.com/heavenquiz.html",
    "json_format": "http://localhost:1208/timemap/json/http://freegiftquiz.com/heavenquiz.html",
    "cdxj_format": "http://localhost:1208/timemap/cdxj/http://freegiftquiz.com/heavenquiz.html"
  },
  "timegate_uri": "http://localhost:1208/timegate/http://freegiftquiz.com/heavenquiz.html"
}
