{
  "original_uri": "https://www.nytimes.com/2022/09/29/science/nasa-hubble-spacex-polaris.html",
  "self": "http://localhost:1208/timemap/json/https://www.nytimes.com/2022/09/29/science/nasa-hubble-spacex-polaris.html",
  "mementos": {
    "list": [
      {
        "datetime": "2022-09-30T00:20:53Z",
        "uri": "https://web.archive.org/web/20220930002053/https://www.nytimes.com/2022/09/29/science/nasa-hubble-spacex-polaris.html"
      },
      {
        "datetime": "2022-09-30T00:22:14Z",
        "uri": "http://archive.md/20220930002214/https://www.nytimes.com/2022/09/29/science/nasa-hubble-spacex-polaris.html"
      },
      {
        "datetime": "2022-09-30T01:15:31Z",
        "uri": "https://web.archive.org/web/20220930011531/https://www.nytimes.com/2022/09/29/science/nasa-hubble-spacex-polaris.html"
      },
      {
        "datetime": "2022-09-30T03:18:28Z",
        "uri": "https://web.archive.org/web/20220930031828/https://www.nytimes.com/2022/09/29/science/nasa-hubble-spacex-polaris.html"
      },
      {
        "datetime": "2022-10-01T02:06:13Z",
        "uri": "https://web.archive.org/web/20221001020613/https://www.nytimes.com/2022/09/29/science/nasa-hubble-spacex-polaris.html"
      },
      {
        "datetime": "2022-10-01T09:05:40Z",
        "uri": "https://web.archive.org/web/20221001090540/https://www.nytimes.com/2022/09/29/science/nasa-hubble-spacex-polaris.html"
      }
    ],
    "first": {
      "datetime": "2022-09-30T00:20:53Z",
      "uri": "https://web.archive.org/web/20220930002053/https://www.nytimes.com/2022/09/29/science/nasa-hubble-spacex-polaris.html"
    },
    "last": {
      "datetime": "2022-10-01T09:05:40Z",
      "uri": "https://web.archive.org/web/20221001090540/https://www.nytimes.com/2022/09/29/science/nasa-hubble-spacex-polaris.html"
    }
  },
  "timemap_uri": {
    "link_format": "http://localhost:1208/timemap/link/https://www.nytimes.com/2022/09/29/science/nasa-hubble-spacex-polaris.html",
    "json_format": "http://localhost:1208/timemap/json/https://www.nytimes.com/2022/09/29/science/nasa-hubble-spacex-polaris.html",
    "cdxj_format": "http://localhost:1208/timemap/cdxj/https://www.nytimes.com/2022/09/29/science/nasa-hubble-spacex-polaris.html"
  },
  "timegate_uri": "http://localhost:1208/timegate/https://www.nytimes.com/2022/09/29/science/nasa-hubble-spacex-polaris.html"
}
