{
  "original_uri": "https://www.sott.net/article/420049-NASA-admits-climate-change-occurs-because-of-changes-in-Earths-solar-orbit-not-because-of-SUVs-and-fossil-fuels",
  "self": "http://localhost:1208/timemap/json/https://www.sott.net/article/420049-NASA-admits-climate-change-occurs-because-of-changes-in-Earths-solar-orbit-not-because-of-SUVs-and-fossil-fuels",
  "mementos": {
    "list": [
      {
        "datetime": "2019-09-11T18:21:26Z",
        "uri": "https://web.archive.org/web/20190911182126/https://www.sott.net/article/420049-NASA-admits-climate-change-occurs-because-of-changes-in-Earths-solar-orbit-not-because-of-SUVs-and-fossil-fuels"
      },
      {
        "datetime": "2019-09-20T21:08:06Z",
        "uri": "http://archive.md/20190920210806/https://www.sott.net/article/420049-NASA-admits-climate-change-occurs-because-of-changes-in-Earths-solar-orbit-not-because-of-SUVs-and-fossil-fuels"
      },
      {
        "datetime": "2019-09-28T18:53:31Z",
        "uri": "https://web.archive.org/web/20190928185331/https://www.sott.net/article/420049-NASA-admits-climate-change-occurs-because-of-changes-in-Earths-solar-orbit-not-because-of-SUVs-and-fossil-fuels"
      },
      {
        "datetime": "2019-10-13T22:50:29Z",
        "uri": "https://wayback.archive-it.org/all/20191013225029/https://www.sott.net/article/420049-NASA-admits-climate-change-occurs-because-of-changes-in-Earths-solar-orbit-not-because-of-SUVs-and-fossil-fuels"
      },
      {
        "datetime": "2019-10-13T22:50:29Z",
        "uri": "https://web.archive.org/web/20191013225029/https://www.sott.net/article/420049-NASA-admits-climate-change-occurs-because-of-changes-in-Earths-solar-orbit-not-because-of-SUVs-and-fossil-fuels"
      },
      {
        "datetime": "2019-11-19T13:53:54Z",
        "uri": "https://web.archive.org/web/20191119135354/https://www.sott.net/article/420049-NASA-admits-climate-change-occurs-because-of-changes-in-Earths-solar-orbit-not-because-of-SUVs-and-fossil-fuels"
      },
      {
        "datetime": "2019-12-07T11:53:26Z",
        "uri": "https://web.archive.org/web/20191207115326/https://www.sott.net/article/420049-NASA-admits-climate-change-occurs-because-of-changes-in-Earths-solar-orbit-not-because-of-SUVs-and-fossil-fuels"
      },
      {
        "datetime": "2020-06-18T13:31:20Z",
        "uri": "https://web.archive.org/web/20200618133120/https://www.sott.net/article/420049-NASA-admits-climate-change-occurs-because-of-changes-in-Earths-solar-orbit-not-because-of-SUVs-and-fossil-fuels"
      },
      {
        "datetime": "2020-10-29T08:47:15Z",
        "uri": "https://web.archive.org/web/20201029084715/https://www.sott.net/article/420049-NASA-admits-climate-change-occurs-because-of-changes-in-Earths-solar-orbit-not-because-of-SUVs-and-fossil-fuels"
      },
      {
        "datetime": "2020-11-01T05:57:25Z",
        "uri": "https://web.archive.org/web/20201101055725/https://www.sott.net/article/420049-NASA-admits-climate-change-occurs-because-of-changes-in-Earths-solar-orbit-not-because-of-SUVs-and-fossil-fuels"
      },
      {
        "datetime": "2020-11-01T10:06:37Z",
        "uri": "https://web.archive.org/web/20201101100637/https://www.sott.net/article/420049-NASA-admits-climate-change-occurs-because-of-changes-in-Earths-solar-orbit-not-because-of-SUVs-and-fossil-fuels"
      },
      {
        "datetime": "2021-10-12T01:12:16Z",
        "uri": "https://web.archive.org/web/20211012011216/https://www.sott.net/article/420049-NASA-admits-climate-change-occurs-because-of-changes-in-Earths-solar-orbit-not-because-of-SUVs-and-fossil-fuels"
      },
      {
        "datetime": "2021-10-20T14:35:13Z",
        "uri": "https://web.archive.org/web/20211020143513/https://www.sott.net/article/420049-NASA-admits-climate-change-occurs-because-of-changes-in-Earths-solar-orbit-not-because-of-SUVs-and-fossil-fuels"
      },
      {
        "datetime": "2021-11-15T00:03:43Z",
        "uri": "https://web.archive.org/web/20211115000343/https://www.sott.net/article/420049-NASA-admits-climate-change-occurs-because-of-changes-in-Earths-solar-orbit-not-because-of-SUVs-and-fossil-fuels"
      },
      {
        "datetime": "2022-07-01T23:07:45Z",
        "uri": "https://web.archive.org/web/20220701230745/https://www.sott.net/article/420049-NASA-admits-climate-change-occurs-because-of-changes-in-Earths-solar-orbit-not-because-of-SUVs-and-fossil-fuels"
      },
      {
        "datetime": "2022-07-01T23:31:11Z",
        "uri": "http://archive.md/20220701233111/https://www.sott.net/article/420049-NASA-admits-climate-change-occurs-because-of-changes-in-Earths-solar-orbit-not-because-of-SUVs-and-fossil-fuels"
      },
      {
        "datetime": "2022-07-02T21:08:08Z",
        "uri": "https://web.archive.org/web/20220702210808/https://sott.net/article/420049-NASA-admits-climate-change-occurs-because-of-changes-in-Earths-solar-orbit-not-because-of-SUVs-and-fossil-fuels"
      },
      {
        "datetime": "2022-07-03T15:17:22Z",
        "uri": "http://archive.md/20220703151722/https://www.sott.net/article/420049-NASA-admits-climate-change-occurs-because-of-changes-in-Earths-solar-orbit-not-because-of-SUVs-and-fossil-fuels"
      },
      {
        "datetime": "2022-07-03T17:28:03Z",
        "uri": "https://web.archive.org/web/20220703172803/https://www.sott.net/article/420049-NASA-admits-climate-change-occurs-because-of-changes-in-Earths-solar-orbit-not-because-of-SUVs-and-fossil-fuels"
      },
      {
        "datetime": "2022-07-06T00:58:02Z",
        "uri": "https://web.archive.org/web/20220706005802/https://www.sott.net/article/420049-NASA-admits-climate-change-occurs-because-of-changes-in-Earths-solar-orbit-not-because-of-SUVs-and-fossil-fuels"
      },
      {
        "datetime": "2022-07-06T17:45:02Z",
        "uri": "https://web.archive.org/web/20220706174502/https://www.sott.net/article/420049-NASA-admits-climate-change-occurs-because-of-changes-in-Earths-solar-orbit-not-because-of-SUVs-and-fossil-fuels"
      },
      {
        "datetime": "2022-07-07T00:17:06Z",
        "uri": "https://web.archive.org/web/20220707001706/https://www.sott.net/article/420049-NASA-admits-climate-change-occurs-because-of-changes-in-Earths-solar-orbit-not-because-of-SUVs-and-fossil-fuels"
      },
      {
        "datetime": "2022-07-07T00:21:23Z",
        "uri": "https://web.archive.org/web/20220707002123/https://www.sott.net/article/420049-NASA-admits-climate-change-occurs-because-of-changes-in-Earths-solar-orbit-not-because-of-SUVs-and-fossil-fuels"
      },
      {
        "datetime": "2022-07-07T00:25:51Z",
        "uri": "http://archive.md/20220707002551/https://www.sott.net/article/420049-NASA-admits-climate-change-occurs-because-of-changes-in-Earths-solar-orbit-not-because-of-SUVs-and-fossil-fuels"
      },
      {
        "datetime": "2022-07-07T03:58:04Z",
        "uri": "http://archive.md/20220707035804/https://www.sott.net/article/420049-NASA-admits-climate-change-occurs-because-of-changes-in-Earths-solar-orbit-not-because-of-SUVs-and-fossil-fuels"
      },
      {
        "datetime": "2022-07-07T11:40:25Z",
        "uri": "https://web.archive.org/web/20220707114025/https://www.sott.net/article/420049-NASA-admits-climate-change-occurs-because-of-changes-in-Earths-solar-orbit-not-because-of-SUVs-and-fossil-fuels"
      },
      {
        "datetime": "2022-07-07T15:56:03Z",
        "uri": "https://web.archive.org/web/20220707155603/https://www.sott.net/article/420049-NASA-admits-climate-change-occurs-because-of-changes-in-Earths-solar-orbit-not-because-of-SUVs-and-fossil-fuels"
      },
      {
        "datetime": "2022-07-10T17:05:20Z",
        "uri": "https://web.archive.org/web/20220710170520/https://www.sott.net/article/420049-NASA-admits-climate-change-occurs-because-of-changes-in-Earths-solar-orbit-not-because-of-SUVs-and-fossil-fuels"
      },
      {
        "datetime": "2022-07-11T13:03:24Z",
        "uri": "https://web.archive.org/web/20220711130324/http://www.sott.net/article/420049-NASA-admits-climate-change-occurs-because-of-changes-in-Earths-solar-orbit-not-because-of-SUVs-and-fossil-fuels"
      },
      {
        "datetime": "2022-07-12T20:13:41Z",
        "uri": "https://web.archive.org/web/20220712201341/https://www.sott.net/article/420049-NASA-admits-climate-change-occurs-because-of-changes-in-Earths-solar-orbit-not-because-of-SUVs-and-fossil-fuels"
      },
      {
        "datetime": "2022-07-13T22:27:56Z",
        "uri": "http://archive.md/20220713222756/https://www.sott.net/article/420049-NASA-admits-climate-change-occurs-because-of-changes-in-Earths-solar-orbit-not-because-of-SUVs-and-fossil-fuels"
      },
      {
        "datetime": "2022-07-15T17:02:33Z",
        "uri": "https://web.archive.org/web/20220715170233/https://www.sott.net/article/420049-NASA-admits-climate-change-occurs-because-of-changes-in-Earths-solar-orbit-not-because-of-SUVs-and-fossil-fuels"
      },
      {
        "datetime": "2022-07-25T03:40:29Z",
        "uri": "https://web.archive.org/web/20220725034029/https://www.sott.net/article/420049-NASA-admits-climate-change-occurs-because-of-changes-in-Earths-solar-orbit-not-because-of-SUVs-and-fossil-fuels"
      },
      {
        "datetime": "2022-09-21T06:25:52Z",
        "uri": "https://web.archive.org/web/20220921062552/https://www.sott.net/article/420049-NASA-admits-climate-change-occurs-because-of-changes-in-Earths-solar-orbit-not-because-of-SUVs-and-fossil-fuels"
      },
      {
        "datetime": "2022-09-21T06:38:44Z",
        "uri": "https://web.archive.org/web/20220921063844/https://www.sott.net/article/420049-NASA-admits-climate-change-occurs-because-of-changes-in-Earths-solar-orbit-not-because-of-SUVs-and-fossil-fuels"
      },
      {
        "datetime": "2022-09-21T06:56:25Z",
        "uri": "https://web.archive.org/web/20220921065625/https://www.sott.net/article/420049-NASA-admits-climate-change-occurs-because-of-changes-in-Earths-solar-orbit-not-because-of-SUVs-and-fossil-fuels"
      },
      {
        "datetime": "2022-09-21T22:11:22Z",
        "uri": "https://web.archive.org/web/20220921221122/https://www.sott.net/article/420049-NASA-admits-climate-change-occurs-because-of-changes-in-Earths-solar-orbit-not-because-of-SUVs-and-fossil-fuels"
      },
      {
        "datetime": "2022-09-27T02:24:36Z",
        "uri": "https://web.archive.org/web/20220927022436/https://www.sott.net/article/420049-NASA-admits-climate-change-occurs-because-of-changes-in-Earths-solar-orbit-not-because-of-SUVs-and-fossil-fuels"
      }
    ],
    "first": {
      "datetime": "2019-09-11T18:21:26Z",
      "uri": "https://web.archive.org/web/20190911182126/https://www.sott.net/article/420049-NASA-admits-climate-change-occurs-because-of-changes-in-Earths-solar-orbit-not-because-of-SUVs-and-fossil-fuels"
    },
    "last": {
      "datetime": "2022-09-27T02:24:36Z",
      "uri": "https://web.archive.org/web/20220927022436/https://www.sott.net/article/420049-NASA-admits-climate-change-occurs-because-of-changes-in-Earths-solar-orbit-not-because-of-SUVs-and-fossil-fuels"
    }
  },
  "timemap_uri": {
    "link_format": "http://localhost:1208/timemap/link/https://www.sott.net/article/420049-NASA-admits-climate-change-occurs-because-of-changes-in-Earths-solar-orbit-not-because-of-SUVs-and-fossil-fuels",
    "json_format": "http://localhost:1208/timemap/json/https://www.sott.net/article/420049-NASA-admits-climate-change-occurs-because-of-changes-in-Earths-solar-orbit-not-because-of-SUVs-and-fossil-fuels",
    "cdxj_format": "http://localhost:1208/timemap/cdxj/https://www.sott.net/article/420049-NASA-admits-climate-change-occurs-because-of-changes-in-Earths-solar-orbit-not-because-of-SUVs-and-fossil-fuels"
  },
  "timegate_uri": "http://localhost:1208/timegate/https://www.sott.net/article/420049-NASA-admits-climate-change-occurs-because-of-changes-in-Earths-solar-orbit-not-because-of-SUVs-and-fossil-fuels"
}
