{
  "original_uri": "https://www.jpl.nasa.gov/edu/events/2022/9/29/a-closer-look-at-jupiters-moon-europa/#resources",
  "self": "http://localhost:1208/timemap/json/https://www.jpl.nasa.gov/edu/events/2022/9/29/a-closer-look-at-jupiters-moon-europa/#resources",
  "mementos": {
    "list": [
      {
        "datetime": "2022-09-22T23:55:19Z",
        "uri": "https://web.archive.org/web/20220922235519/https://www.jpl.nasa.gov/edu/events/2022/9/29/a-closer-look-at-jupiters-moon-europa/"
      }
    ],
    "first": {
      "datetime": "2022-09-22T23:55:19Z",
      "uri": "https://web.archive.org/web/20220922235519/https://www.jpl.nasa.gov/edu/events/2022/9/29/a-closer-look-at-jupiters-moon-europa/"
    },
    "last": {
      "datetime": "2022-09-22T23:55:19Z",
      "uri": "https://web.archive.org/web/20220922235519/https://www.jpl.nasa.gov/edu/events/2022/9/29/a-closer-look-at-jupiters-moon-europa/"
    }
  },
  "timemap_uri": {
    "link_format": "http://localhost:1208/timemap/link/https://www.jpl.nasa.gov/edu/events/2022/9/29/a-closer-look-at-jupiters-moon-europa/#resources",
    "json_format": "http://localhost:1208/timemap/json/https://www.jpl.nasa.gov/edu/events/2022/9/29/a-closer-look-at-jupiters-moon-europa/#resources",
    "cdxj_format": "http://localhost:1208/timemap/cdxj/https://www.jpl.nasa.gov/edu/events/2022/9/29/a-closer-look-at-jupiters-moon-europa/#resources"
  },
  "timegate_uri": "http://localhost:1208/timegate/https://www.jpl.nasa.gov/edu/events/2022/9/29/a-closer-look-at-jupiters-moon-europa/#resources"
}
