{
  "original_uri": "https://www.theverge.com/2022/9/29/23379304/nasa-is-studying-whether-spacex-can-visit-the-hubble-space-telescope",
  "self": "http://localhost:1208/timemap/json/https://www.theverge.com/2022/9/29/23379304/nasa-is-studying-whether-spacex-can-visit-the-hubble-space-telescope",
  "mementos": {
    "list": [
      {
        "datetime": "2022-09-30T01:23:33Z",
        "uri": "https://web.archive.org/web/20220930012333/https://www.theverge.com/2022/9/29/23379304/nasa-is-studying-whether-spacex-can-visit-the-hubble-space-telescope"
      },
      {
        "datetime": "2022-09-30T10:07:59Z",
        "uri": "https://wayback.archive-it.org/all/20220930100759/https://www.theverge.com/2022/9/29/23379304/nasa-is-studying-whether-spacex-can-visit-the-hubble-space-telescope"
      },
      {
        "datetime": "2022-09-30T17:35:19Z",
        "uri": "https://wayback.archive-it.org/all/20220930173519/https://www.theverge.com/2022/9/29/23379304/nasa-is-studying-whether-spacex-can-visit-the-hubble-space-telescope"
      },
      {
        "datetime": "2022-10-01T13:10:58Z",
        "uri": "https://web.archive.org/web/20221001131058/https://www.theverge.com/2022/9/29/23379304/nasa-is-studying-whether-spacex-can-visit-the-hubble-space-telescope"
      },
      {
        "datetime": "2022-10-01T13:52:53Z",
        "uri": "https://wayback.archive-it.org/all/20221001135253/https://www.theverge.com/2022/9/29/23379304/nasa-is-studying-whether-spacex-can-visit-the-hubble-space-telescope"
      },
      {
        "datetime": "2022-10-01T19:07:47Z",
        "uri": "https://wayback.archive-it.org/all/20221001190747/https://www.theverge.com/2022/9/29/23379304/nasa-is-studying-whether-spacex-can-visit-the-hubble-space-telescope"
      }
    ],
    "first": {
      "datetime": "2022-09-30T01:23:33Z",
      "uri": "https://web.archive.org/web/20220930012333/https://www.theverge.com/2022/9/29/23379304/nasa-is-studying-whether-spacex-can-visit-the-hubble-space-telescope"
    },
    "last": {
      "datetime": "2022-10-01T19:07:47Z",
      "uri": "https://wayback.archive-it.org/all/20221001190747/https://www.theverge.com/2022/9/29/23379304/nasa-is-studying-whether-spacex-can-visit-the-hubble-space-telescope"
    }
  },
  "timemap_uri": {
    "link_format": "http://localhost:1208/timemap/link/https://www.theverge.com/2022/9/29/23379304/nasa-is-studying-whether-spacex-can-visit-the-hubble-space-telescope",
    "json_format": "http://localhost:1208/timemap/json/https://www.theverge.com/2022/9/29/23379304/nasa-is-studying-whether-spacex-can-visit-the-hubble-space-telescope",
    "cdxj_format": "http://localhost:1208/timemap/cdxj/https://www.theverge.com/2022/9/29/23379304/nasa-is-studying-whether-spacex-can-visit-the-hubble-space-telescope"
  },
  "timegate_uri": "http://localhost:1208/timegate/https://www.theverge.com/2022/9/29/23379304/nasa-is-studying-whether-spacex-can-visit-the-hubble-space-telescope"
}
