{
  "original_uri": "https://www.bbc.co.uk/news/science-environment-63036757",
  "self": "http://localhost:1208/timemap/json/https://www.bbc.co.uk/news/science-environment-63036757",
  "mementos": {
    "list": [
      {
        "datetime": "2022-09-26T15:20:20Z",
        "uri": "https://web.archive.org/web/20220926152020/https://www.bbc.co.uk/news/science-environment-63036757"
      },
      {
        "datetime": "2022-09-26T15:24:16Z",
        "uri": "https://web.archive.org/web/20220926152416/https://www.bbc.co.uk/news/science-environment-63036757"
      },
      {
        "datetime": "2022-09-26T15:36:29Z",
        "uri": "https://web.archive.org/web/20220926153629/https://www.bbc.co.uk/news/science-environment-63036757"
      },
      {
        "datetime": "2022-09-26T15:42:28Z",
        "uri": "https://web.archive.org/web/20220926154228/https://www.bbc.co.uk/news/science-environment-63036757"
      },
      {
        "datetime": "2022-09-26T16:08:23Z",
        "uri": "https://web.archive.org/web/20220926160823/https://www.bbc.co.uk/news/science-environment-63036757"
      },
      {
        "datetime": "2022-09-26T18:49:58Z",
        "uri": "https://web.archive.org/web/20220926184958/http://www.bbc.co.uk/news/science-environment-63036757"
      },
      {
        "datetime": "2022-09-26T19:46:14Z",
        "uri": "https://web.archive.org/web/20220926194614/https://www.bbc.co.uk/news/science-environment-63036757"
      },
      {
        "datetime": "2022-09-26T19:46:33Z",
        "uri": "https://web.archive.org/web/20220926194633/https://www.bbc.co.uk/news/science-environment-63036757"
      },
      {
        "datetime": "2022-09-26T19:46:49Z",
        "uri": "https://web.archive.org/web/20220926194649/https://www.bbc.co.uk/news/science-environment-63036757"
      },
      {
        "datetime": "2022-09-27T07:55:45Z",
        "uri": "https://web.archive.org/web/20220927075545/http://bbc.co.uk/news/science-environment-63036757"
      },
      {
        "datetime": "2022-09-27T07:56:14Z",
        "uri": "https://web.archive.org/web/20220927075614/https://bbc.co.uk/news/science-environment-63036757"
      },
      {
        "datetime": "2022-09-27T16:53:33Z",
        "uri": "https://web.archive.org/web/20220927165333/https://www.bbc.co.uk/news/science-environment-63036757"
      }
    ],
    "first": {
      "datetime": "2022-09-26T15:20:20Z",
      "uri": "https://web.archive.org/web/20220926152020/https://www.bbc.co.uk/news/science-environment-63036757"
    },
    "last": {
      "datetime": "2022-09-27T16:53:33Z",
      "uri": "https://web.archive.org/web/20220927165333/https://www.bbc.co.uk/news/science-environment-63036757"
    }
  },
  "timemap_uri": {
    "link_format": "http://localhost:1208/timemap/link/https://www.bbc.co.uk/news/science-environment-63036757",
    "json_format": "http://localhost:1208/timemap/json/https://www.bbc.co.uk/news/science-environment-63036757",
    "cdxj_format": "http://localhost:1208/timemap/cdxj/https://www.bbc.co.uk/news/science-environment-63036757"
  },
  "timegate_uri": "http://localhost:1208/timegate/https://www.bbc.co.uk/news/science-environment-63036757"
}
