{
  "original_uri": "https://earthsky.org/space/launches-nasa-spacex-target-october-3-2022-crew-5-launch/",
  "self": "http://localhost:1208/timemap/json/https://earthsky.org/space/launches-nasa-spacex-target-october-3-2022-crew-5-launch/",
  "mementos": {
    "list": [
      {
        "datetime": "2022-09-24T07:51:17Z",
        "uri": "https://web.archive.org/web/20220924075117/https://earthsky.org/space/launches-nasa-spacex-target-october-3-2022-crew-5-launch/"
      },
      {
        "datetime": "2022-09-24T08:03:54Z",
        "uri": "https://web.archive.org/web/20220924080354/https://earthsky.org/space/launches-nasa-spacex-target-october-3-2022-crew-5-launch/"
      },
      {
        "datetime": "2022-09-24T08:09:36Z",
        "uri": "https://web.archive.org/web/20220924080936/https://earthsky.org/space/launches-nasa-spacex-target-october-3-2022-crew-5-launch/"
      }
    ],
    "first": {
      "datetime": "2022-09-24T07:51:17Z",
      "uri": "https://web.archive.org/web/20220924075117/https://earthsky.org/space/launches-nasa-spacex-target-october-3-2022-crew-5-launch/"
    },
    "last": {
      "datetime": "2022-09-24T08:09:36Z",
      "uri": "https://web.archive.org/web/20220924080936/https://earthsky.org/space/launches-nasa-spacex-target-october-3-2022-crew-5-launch/"
    }
  },
  "timemap_uri": {
    "link_format": "http://localhost:1208/timemap/link/https://earthsky.org/space/launches-nasa-spacex-target-october-3-2022-crew-5-launch/",
    "json_format": "http://localhost:1208/timemap/json/https://earthsky.org/space/launches-nasa-spacex-target-october-3-2022-crew-5-launch/",
    "cdxj_format": "http://localhost:1208/timemap/cdxj/https://earthsky.org/space/launches-nasa-spacex-target-october-3-2022-crew-5-launch/"
  },
  "timegate_uri": "http://localhost:1208/timegate/https://earthsky.org/space/launches-nasa-spacex-target-october-3-2022-crew-5-launch/"
}
