{
  "original_uri": "https://www.buzzfeednews.com/article/maxseddon/bidens-son-polish-ex-president-quietly-sign-on-to-ukrainian",
  "self": "http://localhost:1208/timemap/json/https://www.buzzfeednews.com/article/maxseddon/bidens-son-polish-ex-president-quietly-sign-on-to-ukrainian",
  "mementos": {
    "list": [
      {
        "datetime": "2018-09-09T07:37:04Z",
        "uri": "https://web.archive.org/web/20180909073704/https://www.buzzfeednews.com/article/maxseddon/bidens-son-polish-ex-president-quietly-sign-on-to-ukrainian"
      },
      {
        "datetime": "2019-01-05T06:21:20Z",
        "uri": "https://web.archive.org/web/20190105062120/https://www.buzzfeednews.com/article/maxseddon/bidens-son-polish-ex-president-quietly-sign-on-to-ukrainian"
      },
      {
        "datetime": "2019-02-12T08:57:41Z",
        "uri": "https://wayback.archive-it.org/all/20190212085741/https://www.buzzfeednews.com/article/maxseddon/bidens-son-polish-ex-president-quietly-sign-on-to-ukrainian"
      },
      {
        "datetime": "2019-02-12T08:57:41Z",
        "uri": "https://web.archive.org/web/20190212085741/https://www.buzzfeednews.com/article/maxseddon/bidens-son-polish-ex-president-quietly-sign-on-to-ukrainian"
      },
      {
        "datetime": "2019-03-06T03:55:49Z",
        "uri": "https://web.archive.org/web/20190306035549/https://www.buzzfeednews.com/article/maxseddon/bidens-son-polish-ex-president-quietly-sign-on-to-ukrainian"
      },
      {
        "datetime": "2019-05-15T17:30:59Z",
        "uri": "https://web.archive.org/web/20190515173059/https://www.buzzfeednews.com/article/maxseddon/bidens-son-polish-ex-president-quietly-sign-on-to-ukrainian"
      },
      {
        "datetime": "2019-05-19T05:33:23Z",
        "uri": "https://web.archive.org/web/20190519053323/https://www.buzzfeednews.com/article/maxseddon/bidens-son-polish-ex-president-quietly-sign-on-to-ukrainian"
      },
      {
        "datetime": "2019-07-08T16:29:22Z",
        "uri": "https://web.archive.org/web/20190708162922/https://www.buzzfeednews.com/article/maxseddon/bidens-son-polish-ex-president-quietly-sign-on-to-ukrainian"
      },
      {
        "datetime": "2019-07-08T18:28:21Z",
        "uri": "https://web.archive.org/web/20190708182821/https://www.buzzfeednews.com/article/maxseddon/bidens-son-polish-ex-president-quietly-sign-on-to-ukrainian"
      },
      {
        "datetime": "2019-07-22T00:25:18Z",
        "uri": "https://web.archive.org/web/20190722002518/https://www.buzzfeednews.com/article/maxseddon/bidens-son-polish-ex-president-quietly-sign-on-to-ukrainian"
      },
      {
        "datetime": "2019-09-20T09:36:15Z",
        "uri": "http://archive.md/20190920093615/https://www.buzzfeednews.com/article/maxseddon/bidens-son-polish-ex-president-quietly-sign-on-to-ukrainian"
      },
      {
        "datetime": "2019-09-24T20:48:23Z",
        "uri": "https://web.archive.org/web/20190924204823/https://www.buzzfeednews.com/article/maxseddon/bidens-son-polish-ex-president-quietly-sign-on-to-ukrainian"
      },
      {
        "datetime": "2019-09-24T21:33:01Z",
        "uri": "https://web.archive.org/web/20190924213301/https://www.buzzfeednews.com/article/maxseddon/bidens-son-polish-ex-president-quietly-sign-on-to-ukrainian"
      },
      {
        "datetime": "2019-10-06T10:40:38Z",
        "uri": "http://archive.md/20191006104038/https://www.buzzfeednews.com/article/maxseddon/bidens-son-polish-ex-president-quietly-sign-on-to-ukrainian"
      },
      {
        "datetime": "2020-01-28T04:14:12Z",
        "uri": "https://web.archive.org/web/20200128041412/https://www.buzzfeednews.com/article/maxseddon/bidens-son-polish-ex-president-quietly-sign-on-to-ukrainian"
      },
      {
        "datetime": "2020-01-29T03:38:28Z",
        "uri": "https://web.archive.org/web/20200129033828/https://www.buzzfeednews.com/article/maxseddon/bidens-son-polish-ex-president-quietly-sign-on-to-ukrainian"
      },
      {
        "datetime": "2020-01-30T04:39:37Z",
        "uri": "https://web.archive.org/web/20200130043937/https://www.buzzfeednews.com/article/maxseddon/bidens-son-polish-ex-president-quietly-sign-on-to-ukrainian"
      },
      {
        "datetime": "2020-01-31T11:42:13Z",
        "uri": "https://web.archive.org/web/20200131114213/https://www.buzzfeednews.com/article/maxseddon/bidens-son-polish-ex-president-quietly-sign-on-to-ukrainian"
      },
      {
        "datetime": "2020-02-01T12:18:09Z",
        "uri": "https://web.archive.org/web/20200201121809/https://www.buzzfeednews.com/article/maxseddon/bidens-son-polish-ex-president-quietly-sign-on-to-ukrainian"
      },
      {
        "datetime": "2020-02-02T14:33:18Z",
        "uri": "https://web.archive.org/web/20200202143318/https://www.buzzfeednews.com/article/maxseddon/bidens-son-polish-ex-president-quietly-sign-on-to-ukrainian"
      },
      {
        "datetime": "2020-02-03T14:44:10Z",
        "uri": "https://web.archive.org/web/20200203144410/https://www.buzzfeednews.com/article/maxseddon/bidens-son-polish-ex-president-quietly-sign-on-to-ukrainian"
      },
      {
        "datetime": "2020-02-05T10:46:32Z",
        "uri": "https://web.archive.org/web/20200205104632/https://www.buzzfeednews.com/article/maxseddon/bidens-son-polish-ex-president-quietly-sign-on-to-ukrainian"
      },
      {
        "datetime": "2020-02-06T09:20:10Z",
        "uri": "https://web.archive.org/web/20200206092010/https://www.buzzfeednews.com/article/maxseddon/bidens-son-polish-ex-president-quietly-sign-on-to-ukrainian"
      },
      {
        "datetime": "2020-02-07T13:58:18Z",
        "uri": "https://web.archive.org/web/20200207135818/https://www.buzzfeednews.com/article/maxseddon/bidens-son-polish-ex-president-quietly-sign-on-to-ukrainian"
      },
      {
        "datetime": "2020-02-09T19:49:47Z",
        "uri": "https://web.archive.org/web/20200209194947/https://www.buzzfeednews.com/article/maxseddon/bidens-son-polish-ex-president-quietly-sign-on-to-ukrainian"
      },
      {
        "datetime": "2020-02-15T00:29:53Z",
        "uri": "https://web.archive.org/web/20200215002953/https://www.buzzfeednews.com/article/maxseddon/bidens-son-polish-ex-president-quietly-sign-on-to-ukrainian"
      },
      {
        "datetime": "2020-02-16T01:31:08Z",
        "uri": "https://web.archive.org/web/20200216013108/https://www.buzzfeednews.com/article/maxseddon/bidens-son-polish-ex-president-quietly-sign-on-to-ukrainian"
      },
      {
        "datetime": "2020-04-06T17:10:36Z",
        "uri": "https://web.archive.org/web/20200406171036/https://www.buzzfeednews.com/article/maxseddon/bidens-son-polish-ex-president-quietly-sign-on-to-ukrainian"
      },
      {
        "datetime": "2020-04-28T02:33:10Z",
        "uri": "https://web.archive.org/web/20200428023310/https://www.buzzfeednews.com/article/maxseddon/bidens-son-polish-ex-president-quietly-sign-on-to-ukrainian"
      },
      {
        "datetime": "2020-06-22T19:48:33Z",
        "uri": "https://web.archive.org/web/20200622194833/https://www.buzzfeednews.com/article/maxseddon/bidens-son-polish-ex-president-quietly-sign-on-to-ukrainian"
      },
      {
        "datetime": "2020-07-09T10:04:12Z",
        "uri": "https://web.archive.org/web/20200709100412/https://www.buzzfeednews.com/article/maxseddon/bidens-son-polish-ex-president-quietly-sign-on-to-ukrainian"
      },
      {
        "datetime": "2020-07-15T17:04:02Z",
        "uri": "https://web.archive.org/web/20200715170402/https://www.buzzfeednews.com/article/maxseddon/bidens-son-polish-ex-president-quietly-sign-on-to-ukrainian"
      },
      {
        "datetime": "2020-09-14T01:08:43Z",
        "uri": "https://web.archive.org/web/20200914010843/https://www.buzzfeednews.com/article/maxseddon/bidens-son-polish-ex-president-quietly-sign-on-to-ukrainian"
      },
      {
        "datetime": "2020-10-15T02:21:21Z",
        "uri": "http://archive.md/20201015022121/https://www.buzzfeednews.com/article/maxseddon/bidens-son-polish-ex-president-quietly-sign-on-to-ukrainian"
      },
      {
        "datetime": "2020-10-31T23:35:02Z",
        "uri": "https://web.archive.org/web/20201031233502/https://www.buzzfeednews.com/article/maxseddon/bidens-son-polish-ex-president-quietly-sign-on-to-ukrainian"
      },
      {
        "datetime": "2020-11-01T01:56:20Z",
        "uri": "https://web.archive.org/web/20201101015620/https://www.buzzfeednews.com/article/maxseddon/bidens-son-polish-ex-president-quietly-sign-on-to-ukrainian"
      },
      {
        "datetime": "2020-11-01T04:22:22Z",
        "uri": "https://web.archive.org/web/20201101042222/https://www.buzzfeednews.com/article/maxseddon/bidens-son-polish-ex-president-quietly-sign-on-to-ukrainian"
      },
      {
        "datetime": "2020-11-02T13:38:06Z",
        "uri": "https://web.archive.org/web/20201102133806/https://www.buzzfeednews.com/article/maxseddon/bidens-son-polish-ex-president-quietly-sign-on-to-ukrainian"
      },
      {
        "datetime": "2020-11-11T22:02:30Z",
        "uri": "https://web.archive.org/web/20201111220230/https://www.buzzfeednews.com/article/maxseddon/bidens-son-polish-ex-president-quietly-sign-on-to-ukrainian"
      },
      {
        "datetime": "2020-11-12T02:56:13Z",
        "uri": "https://web.archive.org/web/20201112025613/https://www.buzzfeednews.com/article/maxseddon/bidens-son-polish-ex-president-quietly-sign-on-to-ukrainian"
      },
      {
        "datetime": "2020-11-22T23:08:34Z",
        "uri": "https://web.archive.org/web/20201122230834/https://www.buzzfeednews.com/article/maxseddon/bidens-son-polish-ex-president-quietly-sign-on-to-ukrainian"
      },
      {
        "datetime": "2020-11-25T14:36:00Z",
        "uri": "https://web.archive.org/web/20201125143600/https://www.buzzfeednews.com/article/maxseddon/bidens-son-polish-ex-president-quietly-sign-on-to-ukrainian"
      },
      {
        "datetime": "2020-11-25T17:07:37Z",
        "uri": "https://web.archive.org/web/20201125170737/https://www.buzzfeednews.com/article/maxseddon/bidens-son-polish-ex-president-quietly-sign-on-to-ukrainian"
      },
      {
        "datetime": "2021-01-04T03:29:57Z",
        "uri": "https://web.archive.org/web/20210104032957/https://www.buzzfeednews.com/article/maxseddon/bidens-son-polish-ex-president-quietly-sign-on-to-ukrainian"
      },
      {
        "datetime": "2021-01-08T04:26:46Z",
        "uri": "https://web.archive.org/web/20210108042646/https://www.buzzfeednews.com/article/maxseddon/bidens-son-polish-ex-president-quietly-sign-on-to-ukrainian"
      },
      {
        "datetime": "2021-01-12T02:15:42Z",
        "uri": "https://web.archive.org/web/20210112021542/https://www.buzzfeednews.com/article/maxseddon/bidens-son-polish-ex-president-quietly-sign-on-to-ukrainian"
      },
      {
        "datetime": "2021-02-01T12:05:15Z",
        "uri": "https://web.archive.org/web/20210201120515/https://www.buzzfeednews.com/article/maxseddon/bidens-son-polish-ex-president-quietly-sign-on-to-ukrainian"
      },
      {
        "datetime": "2021-03-01T10:32:33Z",
        "uri": "https://web.archive.org/web/20210301103233/https://www.buzzfeednews.com/article/maxseddon/bidens-son-polish-ex-president-quietly-sign-on-to-ukrainian"
      },
      {
        "datetime": "2021-03-09T17:52:04Z",
        "uri": "https://web.archive.org/web/20210309175204/https://www.buzzfeednews.com/article/maxseddon/bidens-son-polish-ex-president-quietly-sign-on-to-ukrainian"
      },
      {
        "datetime": "2021-03-10T13:38:21Z",
        "uri": "https://web.archive.org/web/20210310133821/https://www.buzzfeednews.com/article/maxseddon/bidens-son-polish-ex-president-quietly-sign-on-to-ukrainian"
      },
      {
        "datetime": "2021-03-18T05:49:49Z",
        "uri": "https://web.archive.org/web/20210318054949/https://www.buzzfeednews.com/article/maxseddon/bidens-son-polish-ex-president-quietly-sign-on-to-ukrainian"
      },
      {
        "datetime": "2021-03-18T05:50:35Z",
        "uri": "http://archive.md/20210318055035/https://www.buzzfeednews.com/article/maxseddon/bidens-son-polish-ex-president-quietly-sign-on-to-ukrainian"
      },
      {
        "datetime": "2021-03-23T15:23:46Z",
        "uri": "https://web.archive.org/web/20210323152346/https://www.buzzfeednews.com/article/maxseddon/bidens-son-polish-ex-president-quietly-sign-on-to-ukrainian"
      },
      {
        "datetime": "2021-04-17T03:30:00Z",
        "uri": "https://web.archive.org/web/20210417033000/https://www.buzzfeednews.com/article/maxseddon/bidens-son-polish-ex-president-quietly-sign-on-to-ukrainian"
      },
      {
        "datetime": "2021-05-12T03:17:53Z",
        "uri": "https://web.archive.org/web/20210512031753/https://www.buzzfeednews.com/article/maxseddon/bidens-son-polish-ex-president-quietly-sign-on-to-ukrainian"
      },
      {
        "datetime": "2021-05-13T06:24:35Z",
        "uri": "https://web.archive.org/web/20210513062435/https://www.buzzfeednews.com/article/maxseddon/bidens-son-polish-ex-president-quietly-sign-on-to-ukrainian"
      },
      {
        "datetime": "2021-07-16T00:41:40Z",
        "uri": "https://web.archive.org/web/20210716004140/https://www.buzzfeednews.com/article/maxseddon/bidens-son-polish-ex-president-quietly-sign-on-to-ukrainian"
      },
      {
        "datetime": "2021-08-02T02:42:21Z",
        "uri": "https://web.archive.org/web/20210802024221/https://www.buzzfeednews.com/article/maxseddon/bidens-son-polish-ex-president-quietly-sign-on-to-ukrainian"
      },
      {
        "datetime": "2021-09-14T04:26:30Z",
        "uri": "https://web.archive.org/web/20210914042630/https://www.buzzfeednews.com/article/maxseddon/bidens-son-polish-ex-president-quietly-sign-on-to-ukrainian"
      },
      {
        "datetime": "2021-10-24T18:50:17Z",
        "uri": "https://web.archive.org/web/20211024185017/https://www.buzzfeednews.com/article/maxseddon/bidens-son-polish-ex-president-quietly-sign-on-to-ukrainian"
      },
      {
        "datetime": "2021-12-03T21:40:40Z",
        "uri": "https://web.archive.org/web/20211203214040/https://www.buzzfeednews.com/article/maxseddon/bidens-son-polish-ex-president-quietly-sign-on-to-ukrainian"
      },
      {
        "datetime": "2022-03-04T02:52:25Z",
        "uri": "https://web.archive.org/web/20220304025225/https://www.buzzfeednews.com/article/maxseddon/bidens-son-polish-ex-president-quietly-sign-on-to-ukrainian"
      },
      {
        "datetime": "2022-03-25T15:18:09Z",
        "uri": "https://web.archive.org/web/20220325151809/https://www.buzzfeednews.com/article/maxseddon/bidens-son-polish-ex-president-quietly-sign-on-to-ukrainian"
      },
      {
        "datetime": "2022-03-25T15:18:10Z",
        "uri": "https://web.archive.org/web/20220325151810/https://www.buzzfeednews.com/article/maxseddon/bidens-son-polish-ex-president-quietly-sign-on-to-ukrainian"
      },
      {
        "datetime": "2022-04-09T11:56:15Z",
        "uri": "https://web.archive.org/web/20220409115615/https://www.buzzfeednews.com/article/maxseddon/bidens-son-polish-ex-president-quietly-sign-on-to-ukrainian"
      },
      {
        "datetime": "2022-04-21T17:38:30Z",
        "uri": "https://web.archive.org/web/20220421173830/https://www.buzzfeednews.com/article/maxseddon/bidens-son-polish-ex-president-quietly-sign-on-to-ukrainian"
      },
      {
        "datetime": "2022-04-30T12:59:16Z",
        "uri": "https://web.archive.org/web/20220430125916/https://www.buzzfeednews.com/article/maxseddon/bidens-son-polish-ex-president-quietly-sign-on-to-ukrainian"
      },
      {
        "datetime": "2022-07-16T17:50:11Z",
        "uri": "http://archive.md/20220716175011/https://www.buzzfeednews.com/article/maxseddon/bidens-son-polish-ex-president-quietly-sign-on-to-ukrainian"
      },
      {
        "datetime": "2022-09-14T13:59:42Z",
        "uri": "https://web.archive.org/web/20220914135942/https://www.buzzfeednews.com/article/maxseddon/bidens-son-polish-ex-president-quietly-sign-on-to-ukrainian"
      }
    ],
    "first": {
      "datetime": "2018-09-09T07:37:04Z",
      "uri": "https://web.archive.org/web/20180909073704/https://www.buzzfeednews.com/article/maxseddon/bidens-son-polish-ex-president-quietly-sign-on-to-ukrainian"
    },
    "last": {
      "datetime": "2022-09-14T13:59:42Z",
      "uri": "https://web.archive.org/web/20220914135942/https://www.buzzfeednews.com/article/maxseddon/bidens-son-polish-ex-president-quietly-sign-on-to-ukrainian"
    }
  },
  "timemap_uri": {
    "link_format": "http://localhost:1208/timemap/link/https://www.buzzfeednews.com/article/maxseddon/bidens-son-polish-ex-president-quietly-sign-on-to-ukrainian",
    "json_format": "http://localhost:1208/timemap/json/https://www.buzzfeednews.com/article/maxseddon/bidens-son-polish-ex-president-quietly-sign-on-to-ukrainian",
    "cdxj_format": "http://localhost:1208/timemap/cdxj/https://www.buzzfeednews.com/article/maxseddon/bidens-son-polish-ex-president-quietly-sign-on-to-ukrainian"
  },
  "timegate_uri": "http://localhost:1208/timegate/https://www.buzzfeednews.com/article/maxseddon/bidens-son-polish-ex-president-quietly-sign-on-to-ukrainian"
}
