{
  "original_uri": "http://newblueusa2022.com/",
  "self": "http://localhost:1208/timemap/json/http://newblueusa2022.com/",
  "mementos": {
    "list": [
      {
        "datetime": "2022-06-09T00:27:11Z",
        "uri": "https://web.archive.org/web/20220609002711/http://newblueusa2022.com/"
      },
      {
        "datetime": "2022-06-09T00:31:28Z",
        "uri": "https://web.archive.org/web/20220609003128/https://newblueusa2022.com/"
      },
      {
        "datetime": "2022-06-09T00:39:31Z",
        "uri": "https://web.archive.org/web/20220609003931/https://newblueusa2022.com/"
      },
      {
        "datetime": "2022-08-02T17:41:10Z",
        "uri": "https://web.archive.org/web/20220802174110/http://newblueusa2022.com/"
      }
    ],
    "first": {
      "datetime": "2022-06-09T00:27:11Z",
      "uri": "https://web.archive.org/web/20220609002711/http://newblueusa2022.com/"
    },
    "last": {
      "datetime": "2022-08-02T17:41:10Z",
      "uri": "https://web.archive.org/web/20220802174110/http://newblueusa2022.com/"
    }
  },
  "timemap_uri": {
    "link_format": "http://localhost:1208/timemap/link/http://newblueusa2022.com/",
    "json_format": "http://localhost:1208/timemap/json/http://newblueusa2022.com/",
    "cdxj_format": "http://localhost:1208/timemap/cdxj/http://newblueusa2022.com/"
  },
  "timegate_uri": "http://localhost:1208/timegate/http://newblueusa2022.com/"
}
