{
  "original_uri": "https://www.foxnews.com/entertainment/queen-elizabeth-iis-official-cause-death-released",
  "self": "http://localhost:1208/timemap/json/https://www.foxnews.com/entertainment/queen-elizabeth-iis-official-cause-death-released",
  "mementos": {
    "list": [
      {
        "datetime": "2022-09-29T15:23:19Z",
        "uri": "http://archive.md/20220929152319/https://www.foxnews.com/entertainment/queen-elizabeth-iis-official-cause-death-released"
      }
    ],
    "first": {
      "datetime": "2022-09-29T15:23:19Z",
      "uri": "http://archive.md/20220929152319/https://www.foxnews.com/entertainment/queen-elizabeth-iis-official-cause-death-released"
    },
    "last": {
      "datetime": "2022-09-29T15:23:19Z",
      "uri": "http://archive.md/20220929152319/https://www.foxnews.com/entertainment/queen-elizabeth-iis-official-cause-death-released"
    }
  },
  "timemap_uri": {
    "link_format": "http://localhost:1208/timemap/link/https://www.foxnews.com/entertainment/queen-elizabeth-iis-official-cause-death-released",
    "json_format": "http://localhost:1208/timemap/json/https://www.foxnews.com/entertainment/queen-elizabeth-iis-official-cause-death-released",
    "cdxj_format": "http://localhost:1208/timemap/cdxj/https://www.foxnews.com/entertainment/queen-elizabeth-iis-official-cause-death-released"
  },
  "timegate_uri": "http://localhost:1208/timegate/https://www.foxnews.com/entertainment/queen-elizabeth-iis-official-cause-death-released"
}
