{
  "original_uri": "https://www.breitbart.com/politics/2022/09/29/biden-administration-appoints-ron-klains-wife-diplomat-for-plants-and-animals/",
  "self": "http://localhost:1208/timemap/json/https://www.breitbart.com/politics/2022/09/29/biden-administration-appoints-ron-klains-wife-diplomat-for-plants-and-animals/",
  "mementos": {
    "list": [
      {
        "datetime": "2022-09-30T13:03:13Z",
        "uri": "https://web.archive.org/web/20220930130313/https://www.breitbart.com/politics/2022/09/29/biden-administration-appoints-ron-klains-wife-diplomat-for-plants-and-animals/"
      }
    ],
    "first": {
      "datetime": "2022-09-30T13:03:13Z",
      "uri": "https://web.archive.org/web/20220930130313/https://www.breitbart.com/politics/2022/09/29/biden-administration-appoints-ron-klains-wife-diplomat-for-plants-and-animals/"
    },
    "last": {
      "datetime": "2022-09-30T13:03:13Z",
      "uri": "https://web.archive.org/web/20220930130313/https://www.breitbart.com/politics/2022/09/29/biden-administration-appoints-ron-klains-wife-diplomat-for-plants-and-animals/"
    }
  },
  "timemap_uri": {
    "link_format": "http://localhost:1208/timemap/link/https://www.breitbart.com/politics/2022/09/29/biden-administration-appoints-ron-klains-wife-diplomat-for-plants-and-animals/",
    "json_format": "http://localhost:1208/timemap/json/https://www.breitbart.com/politics/2022/09/29/biden-administration-appoints-ron-klains-wife-diplomat-for-plants-and-animals/",
    "cdxj_format": "http://localhost:1208/timemap/cdxj/https://www.breitbart.com/politics/2022/09/29/biden-administration-appoints-ron-klains-wife-diplomat-for-plants-and-animals/"
  },
  "timegate_uri": "http://localhost:1208/timegate/https://www.breitbart.com/politics/2022/09/29/biden-administration-appoints-ron-klains-wife-diplomat-for-plants-and-animals/"
}
