{
  "original_uri": "https://www.nytimes.com/2022/09/29/us/politics/suit-biden-student-loan-debt.html",
  "self": "http://localhost:1208/timemap/json/https://www.nytimes.com/2022/09/29/us/politics/suit-biden-student-loan-debt.html",
  "mementos": {
    "list": [
      {
        "datetime": "2022-09-29T19:30:31Z",
        "uri": "https://web.archive.org/web/20220929193031/https://www.nytimes.com/2022/09/29/us/politics/suit-biden-student-loan-debt.html"
      },
      {
        "datetime": "2022-09-29T19:44:00Z",
        "uri": "http://archive.md/20220929194400/https://www.nytimes.com/2022/09/29/us/politics/suit-biden-student-loan-debt.html"
      },
      {
        "datetime": "2022-09-29T19:44:41Z",
        "uri": "http://archive.md/20220929194441/https://www.nytimes.com/2022/09/29/us/politics/suit-biden-student-loan-debt.html"
      },
      {
        "datetime": "2022-09-29T20:18:06Z",
        "uri": "https://web.archive.org/web/20220929201806/https://www.nytimes.com/2022/09/29/us/politics/suit-biden-student-loan-debt.html"
      },
      {
        "datetime": "2022-09-30T00:28:05Z",
        "uri": "https://web.archive.org/web/20220930002805/https://www.nytimes.com/2022/09/29/us/politics/suit-biden-student-loan-debt.html"
      },
      {
        "datetime": "2022-09-30T01:52:30Z",
        "uri": "https://web.archive.org/web/20220930015230/https://www.nytimes.com/2022/09/29/us/politics/suit-biden-student-loan-debt.html"
      },
      {
        "datetime": "2022-09-30T13:00:24Z",
        "uri": "https://perma.cc/9N93-WWFQ"
      }
    ],
    "first": {
      "datetime": "2022-09-29T19:30:31Z",
      "uri": "https://web.archive.org/web/20220929193031/https://www.nytimes.com/2022/09/29/us/politics/suit-biden-student-loan-debt.html"
    },
    "last": {
      "datetime": "2022-09-30T13:00:24Z",
      "uri": "https://perma.cc/9N93-WWFQ"
    }
  },
  "timemap_uri": {
    "link_format": "http://localhost:1208/timemap/link/https://www.nytimes.com/2022/09/29/us/politics/suit-biden-student-loan-debt.html",
    "json_format": "http://localhost:1208/timemap/json/https://www.nytimes.com/2022/09/29/us/politics/suit-biden-student-loan-debt.html",
    "cdxj_format": "http://localhost:1208/timemap/cdxj/https://www.nytimes.com/2022/09/29/us/politics/suit-biden-student-loan-debt.html"
  },
  "timegate_uri": "http://localhost:1208/timegate/https://www.nytimes.com/2022/09/29/us/politics/suit-biden-student-loan-debt.html"
}
