{
  "original_uri": "https://www.nbcnews.com/news/world/american-citizen-was-killed-iranian-attack-iraq-state-department-says-rcna50056",
  "self": "http://localhost:1208/timemap/json/https://www.nbcnews.com/news/world/american-citizen-was-killed-iranian-attack-iraq-state-department-says-rcna50056",
  "mementos": {
    "list": [
      {
        "datetime": "2022-09-29T20:49:22Z",
        "uri": "https://web.archive.org/web/20220929204922/https://www.nbcnews.com/news/world/american-citizen-was-killed-iranian-attack-iraq-state-department-says-rcna50056"
      },
      {
        "datetime": "2022-09-30T00:51:17Z",
        "uri": "https://web.archive.org/web/20220930005117/https://www.nbcnews.com/news/world/american-citizen-was-killed-iranian-attack-iraq-state-department-says-rcna50056"
      }
    ],
    "first": {
      "datetime": "2022-09-29T20:49:22Z",
      "uri": "https://web.archive.org/web/20220929204922/https://www.nbcnews.com/news/world/american-citizen-was-killed-iranian-attack-iraq-state-department-says-rcna50056"
    },
    "last": {
      "datetime": "2022-09-30T00:51:17Z",
      "uri": "https://web.archive.org/web/20220930005117/https://www.nbcnews.com/news/world/american-citizen-was-killed-iranian-attack-iraq-state-department-says-rcna50056"
    }
  },
  "timemap_uri": {
    "link_format": "http://localhost:1208/timemap/link/https://www.nbcnews.com/news/world/american-citizen-was-killed-iranian-attack-iraq-state-department-says-rcna50056",
    "json_format": "http://localhost:1208/timemap/json/https://www.nbcnews.com/news/world/american-citizen-was-killed-iranian-attack-iraq-state-department-says-rcna50056",
    "cdxj_format": "http://localhost:1208/timemap/cdxj/https://www.nbcnews.com/news/world/american-citizen-was-killed-iranian-attack-iraq-state-department-says-rcna50056"
  },
  "timegate_uri": "http://localhost:1208/timegate/https://www.nbcnews.com/news/world/american-citizen-was-killed-iranian-attack-iraq-state-department-says-rcna50056"
}
