{
  "original_uri": "https://www.hearst.com/-/george-b.-irish-hearst-foundations-executive-and-former-president-of-hearst-newspapers-dies-at-78",
  "self": "http://localhost:1208/timemap/json/https://www.hearst.com/-/george-b.-irish-hearst-foundations-executive-and-former-president-of-hearst-newspapers-dies-at-78",
  "mementos": {
    "list": [
      {
        "datetime": "2022-09-15T19:07:01Z",
        "uri": "https://web.archive.org/web/20220915190701/https://www.hearst.com/-/george-b.-irish-hearst-foundations-executive-and-former-president-of-hearst-newspapers-dies-at-78"
      },
      {
        "datetime": "2022-09-16T02:55:15Z",
        "uri": "https://web.archive.org/web/20220916025515/https://www.hearst.com/-/george-b.-irish-hearst-foundations-executive-and-former-president-of-hearst-newspapers-dies-at-78"
      }
    ],
    "first": {
      "datetime": "2022-09-15T19:07:01Z",
      "uri": "https://web.archive.org/web/20220915190701/https://www.hearst.com/-/george-b.-irish-hearst-foundations-executive-and-former-president-of-hearst-newspapers-dies-at-78"
    },
    "last": {
      "datetime": "2022-09-16T02:55:15Z",
      "uri": "https://web.archive.org/web/20220916025515/https://www.hearst.com/-/george-b.-irish-hearst-foundations-executive-and-former-president-of-hearst-newspapers-dies-at-78"
    }
  },
  "timemap_uri": {
    "link_format": "http://localhost:1208/timemap/link/https://www.hearst.com/-/george-b.-irish-hearst-foundations-executive-and-former-president-of-hearst-newspapers-dies-at-78",
    "json_format": "http://localhost:1208/timemap/json/https://www.hearst.com/-/george-b.-irish-hearst-foundations-executive-and-former-president-of-hearst-newspapers-dies-at-78",
    "cdxj_format": "http://localhost:1208/timemap/cdxj/https://www.hearst.com/-/george-b.-irish-hearst-foundations-executive-and-former-president-of-hearst-newspapers-dies-at-78"
  },
  "timegate_uri": "http://localhost:1208/timegate/https://www.hearst.com/-/george-b.-irish-hearst-foundations-executive-and-former-president-of-hearst-newspapers-dies-at-78"
}
