{
  "original_uri": "https://open.spotify.com/playlist/7EmM8zYr7rLBOkc3xue5aD?si=9cdb2c9827604b8b",
  "self": "http://localhost:1208/timemap/json/https://open.spotify.com/playlist/7EmM8zYr7rLBOkc3xue5aD?si=9cdb2c9827604b8b",
  "mementos": {
    "list": [
      {
        "datetime": "2022-01-06T18:06:27Z",
        "uri": "https://web.archive.org/web/20220106180627/https://open.spotify.com/playlist/7EmM8zYr7rLBOkc3xue5aD?si=9cdb2c9827604b8b"
      },
      {
        "datetime": "2022-02-18T11:09:49Z",
        "uri": "https://web.archive.org/web/20220218110949/https://open.spotify.com/playlist/7EmM8zYr7rLBOkc3xue5aD?si=9cdb2c9827604b8b"
      }
    ],
    "first": {
      "datetime": "2022-01-06T18:06:27Z",
      "uri": "https://web.archive.org/web/20220106180627/https://open.spotify.com/playlist/7EmM8zYr7rLBOkc3xue5aD?si=9cdb2c9827604b8b"
    },
    "last": {
      "datetime": "2022-02-18T11:09:49Z",
      "uri": "https://web.archive.org/web/20220218110949/https://open.spotify.com/playlist/7EmM8zYr7rLBOkc3xue5aD?si=9cdb2c9827604b8b"
    }
  },
  "timemap_uri": {
    "link_format": "http://localhost:1208/timemap/link/https://open.spotify.com/playlist/7EmM8zYr7rLBOkc3xue5aD?si=9cdb2c9827604b8b",
    "json_format": "http://localhost:1208/timemap/json/https://open.spotify.com/playlist/7EmM8zYr7rLBOkc3xue5aD?si=9cdb2c9827604b8b",
    "cdxj_format": "http://localhost:1208/timemap/cdxj/https://open.spotify.com/playlist/7EmM8zYr7rLBOkc3xue5aD?si=9cdb2c9827604b8b"
  },
  "timegate_uri": "http://localhost:1208/timegate/https://open.spotify.com/playlist/7EmM8zYr7rLBOkc3xue5aD?si=9cdb2c9827604b8b"
}
