{
  "original_uri": "https://www.celtic-films.com/",
  "self": "http://localhost:1208/timemap/json/https://www.celtic-films.com/",
  "mementos": {
    "list": [
      {
        "datetime": "2001-06-06T11:14:24Z",
        "uri": "https://web.archive.org/web/20010606111424/http://www.celtic-films.com:80/"
      },
      {
        "datetime": "2001-09-28T08:51:57Z",
        "uri": "https://web.archive.org/web/20010928085157/http://www.celtic-films.com:80/"
      },
      {
        "datetime": "2001-11-28T01:46:02Z",
        "uri": "https://web.archive.org/web/20011128014602/http://www.celtic-films.com:80/"
      },
      {
        "datetime": "2002-01-20T02:07:35Z",
        "uri": "https://web.archive.org/web/20020120020735/http://www.celtic-films.com:80/"
      },
      {
        "datetime": "2002-03-31T11:08:23Z",
        "uri": "https://web.archive.org/web/20020331110823/http://www.celtic-films.com:80/"
      },
      {
        "datetime": "2002-09-13T04:59:21Z",
        "uri": "https://web.archive.org/web/20020913045921/http://celtic-films.com:80/"
      },
      {
        "datetime": "2002-09-24T11:31:20Z",
        "uri": "https://web.archive.org/web/20020924113120/http://celtic-films.com:80/"
      },
      {
        "datetime": "2002-11-28T15:30:39Z",
        "uri": "https://web.archive.org/web/20021128153039/http://celtic-films.com:80/"
      },
      {
        "datetime": "2003-03-06T16:57:07Z",
        "uri": "https://web.archive.org/web/20030306165707/http://celtic-films.com:80/"
      },
      {
        "datetime": "2003-04-11T11:50:12Z",
        "uri": "https://web.archive.org/web/20030411115012/http://celtic-films.com:80/"
      },
      {
        "datetime": "2003-06-20T21:44:15Z",
        "uri": "https://web.archive.org/web/20030620214415/http://celtic-films.com:80/"
      },
      {
        "datetime": "2003-07-07T08:12:10Z",
        "uri": "https://web.archive.org/web/20030707081210/http://www.celtic-films.com:80/"
      },
      {
        "datetime": "2003-08-07T10:42:15Z",
        "uri": "https://web.archive.org/web/20030807104215/http://www.celtic-films.com:80/"
      },
      {
        "datetime": "2003-10-08T14:51:03Z",
        "uri": "https://web.archive.org/web/20031008145103/http://www.celtic-films.com:80/"
      },
      {
        "datetime": "2003-11-18T22:17:46Z",
        "uri": "https://web.archive.org/web/20031118221746/http://www.celtic-films.com:80/"
      },
      {
        "datetime": "2003-11-25T21:04:55Z",
        "uri": "https://web.archive.org/web/20031125210455/http://www.celtic-films.com:80/"
      },
      {
        "datetime": "2004-02-26T12:19:26Z",
        "uri": "https://web.archive.org/web/20040226121926/http://www.celtic-films.com:80/"
      },
      {
        "datetime": "2004-04-03T17:46:02Z",
        "uri": "https://web.archive.org/web/20040403174602/http://celtic-films.com:80/"
      },
      {
        "datetime": "2004-04-20T09:30:45Z",
        "uri": "https://web.archive.org/web/20040420093045/http://www.celtic-films.com:80/"
      },
      {
        "datetime": "2004-06-10T22:43:44Z",
        "uri": "https://web.archive.org/web/20040610224344/http://www.celtic-films.com:80/"
      },
      {
        "datetime": "2004-06-15T22:30:30Z",
        "uri": "https://web.archive.org/web/20040615223030/http://celtic-films.com:80/"
      },
      {
        "datetime": "2004-08-29T14:44:08Z",
        "uri": "https://web.archive.org/web/20040829144408/http://celtic-films.com:80/"
      },
      {
        "datetime": "2004-09-24T09:06:12Z",
        "uri": "https://web.archive.org/web/20040924090612/http://celtic-films.com:80/"
      },
      {
        "datetime": "2004-11-26T17:10:33Z",
        "uri": "https://web.archive.org/web/20041126171033/http://celtic-films.com:80/"
      },
      {
        "datetime": "2005-02-07T10:18:53Z",
        "uri": "https://web.archive.org/web/20050207101853/http://celtic-films.com:80/"
      },
      {
        "datetime": "2005-03-15T18:42:22Z",
        "uri": "https://web.archive.org/web/20050315184222/http://www.celtic-films.com:80/"
      },
      {
        "datetime": "2013-05-27T17:56:58Z",
        "uri": "https://web.archive.org/web/20130527175658/http://celtic-films.com/"
      },
      {
        "datetime": "2013-08-25T17:43:29Z",
        "uri": "https://web.archive.org/web/20130825174329/http://www.celtic-films.com/"
      },
      {
        "datetime": "2014-01-23T06:15:27Z",
        "uri": "https://web.archive.org/web/20140123061527/http://www.celtic-films.com:80/"
      },
      {
        "datetime": "2014-05-17T04:47:35Z",
        "uri": "https://web.archive.org/web/20140517044735/http://celtic-films.com/"
      },
      {
        "datetime": "2014-06-25T03:56:37Z",
        "uri": "https://web.archive.org/web/20140625035637/http://celtic-films.com/"
      },
      {
        "datetime": "2014-06-25T10:31:38Z",
        "uri": "https://web.archive.org/web/20140625103138/http://www.celtic-films.com/"
      },
      {
        "datetime": "2014-06-28T23:58:24Z",
        "uri": "http://archive.md/20140628235824/http://www.celtic-films.com/"
      },
      {
        "datetime": "2014-09-20T21:28:40Z",
        "uri": "https://web.archive.org/web/20140920212840/http://www.celtic-films.com:80/"
      },
      {
        "datetime": "2014-09-21T05:23:56Z",
        "uri": "https://web.archive.org/web/20140921052356/http://www.celtic-films.com:80/?"
      },
      {
        "datetime": "2014-10-14T11:54:14Z",
        "uri": "https://web.archive.org/web/20141014115414/http://www.celtic-films.com:80/?"
      },
      {
        "datetime": "2014-10-22T03:43:32Z",
        "uri": "https://web.archive.org/web/20141022034332/http://www.celtic-films.com:80/"
      },
      {
        "datetime": "2014-11-03T15:44:23Z",
        "uri": "https://web.archive.org/web/20141103154423/http://www.celtic-films.com:80/"
      },
      {
        "datetime": "2014-11-19T00:00:44Z",
        "uri": "https://web.archive.org/web/20141119000044/http://www.celtic-films.com:80/"
      },
      {
        "datetime": "2014-12-16T23:28:57Z",
        "uri": "https://web.archive.org/web/20141216232857/http://celtic-films.com/"
      },
      {
        "datetime": "2014-12-19T04:38:32Z",
        "uri": "https://web.archive.org/web/20141219043832/http://www.celtic-films.com/"
      },
      {
        "datetime": "2014-12-21T11:50:17Z",
        "uri": "https://web.archive.org/web/20141221115017/http://www.celtic-films.com:80/?"
      },
      {
        "datetime": "2014-12-21T15:54:59Z",
        "uri": "https://web.archive.org/web/20141221155459/http://www.celtic-films.com:80/"
      },
      {
        "datetime": "2015-08-01T08:42:03Z",
        "uri": "https://web.archive.org/web/20150801084203/http://celtic-films.com/"
      },
      {
        "datetime": "2015-12-08T08:37:25Z",
        "uri": "https://web.archive.org/web/20151208083725/http://celtic-films.com/"
      },
      {
        "datetime": "2015-12-18T09:10:32Z",
        "uri": "https://web.archive.org/web/20151218091032/http://www.celtic-films.com:80/?"
      },
      {
        "datetime": "2016-01-11T03:56:40Z",
        "uri": "https://web.archive.org/web/20160111035640/http://celtic-films.com/"
      },
      {
        "datetime": "2016-01-20T23:54:26Z",
        "uri": "https://web.archive.org/web/20160120235426/http://www.celtic-films.com:80/?"
      },
      {
        "datetime": "2016-02-16T04:09:27Z",
        "uri": "https://web.archive.org/web/20160216040927/http://www.celtic-films.com/"
      },
      {
        "datetime": "2016-03-05T11:56:20Z",
        "uri": "https://web.archive.org/web/20160305115620/http://celtic-films.com/"
      },
      {
        "datetime": "2016-03-20T18:13:53Z",
        "uri": "https://web.archive.org/web/20160320181353/http://www.celtic-films.com/"
      },
      {
        "datetime": "2016-03-22T15:16:17Z",
        "uri": "https://webarchive.loc.gov/all/20160322151617/http://www.celtic-films.com/"
      },
      {
        "datetime": "2016-03-25T23:31:14Z",
        "uri": "https://webarchive.loc.gov/all/20160325233114/http://www.celtic-films.com/"
      },
      {
        "datetime": "2016-03-26T02:48:01Z",
        "uri": "http://archive.md/20160326024801/http://www.celtic-films.com/"
      },
      {
        "datetime": "2016-03-29T21:29:01Z",
        "uri": "https://webarchive.loc.gov/all/20160329212901/http://www.celtic-films.com/"
      },
      {
        "datetime": "2016-04-04T00:40:36Z",
        "uri": "https://webarchive.loc.gov/all/20160404004036/http://www.celtic-films.com/"
      },
      {
        "datetime": "2016-05-09T16:18:52Z",
        "uri": "https://webarchive.loc.gov/all/20160509161852/http://www.celtic-films.com/"
      },
      {
        "datetime": "2016-05-20T02:52:14Z",
        "uri": "https://webarchive.loc.gov/all/20160520025214/http://www.celtic-films.com/"
      },
      {
        "datetime": "2016-05-26T22:41:55Z",
        "uri": "https://webarchive.loc.gov/all/20160526224155/http://www.celtic-films.com/"
      },
      {
        "datetime": "2016-05-29T03:30:33Z",
        "uri": "https://webarchive.loc.gov/all/20160529033033/http://www.celtic-films.com/"
      },
      {
        "datetime": "2016-06-03T13:18:55Z",
        "uri": "https://webarchive.loc.gov/all/20160603131855/http://www.celtic-films.com/"
      },
      {
        "datetime": "2016-06-05T12:57:49Z",
        "uri": "https://webarchive.loc.gov/all/20160605125749/http://www.celtic-films.com/"
      },
      {
        "datetime": "2016-06-09T18:37:21Z",
        "uri": "https://webarchive.loc.gov/all/20160609183721/http://www.celtic-films.com/"
      },
      {
        "datetime": "2016-06-18T16:08:29Z",
        "uri": "https://webarchive.loc.gov/all/20160618160829/http://celtic-films.com/"
      },
      {
        "datetime": "2016-06-18T16:08:57Z",
        "uri": "https://webarchive.loc.gov/all/20160618160857/http://www.celtic-films.com/"
      },
      {
        "datetime": "2016-06-20T11:08:48Z",
        "uri": "https://webarchive.loc.gov/all/20160620110848/http://www.celtic-films.com/"
      },
      {
        "datetime": "2016-06-22T19:16:38Z",
        "uri": "https://webarchive.loc.gov/all/20160622191638/http://www.celtic-films.com/"
      },
      {
        "datetime": "2016-06-28T00:52:14Z",
        "uri": "https://web.archive.org/web/20160628005214/http://www.celtic-films.com:80/"
      },
      {
        "datetime": "2016-06-30T01:00:10Z",
        "uri": "https://webarchive.loc.gov/all/20160630010010/http://www.celtic-films.com/"
      },
      {
        "datetime": "2016-07-05T07:41:46Z",
        "uri": "https://webarchive.loc.gov/all/20160705074146/http://www.celtic-films.com/"
      },
      {
        "datetime": "2016-07-29T15:52:34Z",
        "uri": "https://web.archive.org/web/20160729155234/http://www.celtic-films.com:80/"
      },
      {
        "datetime": "2016-07-29T21:22:42Z",
        "uri": "https://webarchive.loc.gov/all/20160729212242/http://www.celtic-films.com/"
      },
      {
        "datetime": "2016-08-30T06:05:58Z",
        "uri": "https://web.archive.org/web/20160830060558/http://www.celtic-films.com:80/"
      },
      {
        "datetime": "2016-09-20T14:50:45Z",
        "uri": "https://webarchive.loc.gov/all/20160920145045/http://www.celtic-films.com/"
      },
      {
        "datetime": "2016-09-30T23:41:04Z",
        "uri": "https://web.archive.org/web/20160930234104/http://www.celtic-films.com:80/"
      },
      {
        "datetime": "2016-10-02T15:09:29Z",
        "uri": "https://web.archive.org/web/20161002150929/http://celtic-films.com/"
      },
      {
        "datetime": "2016-10-06T17:01:37Z",
        "uri": "https://web.archive.org/web/20161006170137/http://www.celtic-films.com/"
      },
      {
        "datetime": "2016-10-17T06:32:10Z",
        "uri": "https://web.archive.org/web/20161017063210/http://www.celtic-films.com/"
      },
      {
        "datetime": "2016-11-04T09:08:02Z",
        "uri": "https://web.archive.org/web/20161104090802/http://www.celtic-films.com:80/"
      },
      {
        "datetime": "2016-11-20T22:33:04Z",
        "uri": "https://webarchive.loc.gov/all/20161120223304/http://www.celtic-films.com/"
      },
      {
        "datetime": "2016-12-04T14:35:01Z",
        "uri": "https://webarchive.loc.gov/all/20161204143501/http://www.celtic-films.com/"
      },
      {
        "datetime": "2016-12-10T17:52:32Z",
        "uri": "https://web.archive.org/web/20161210175232/http://www.celtic-films.com/"
      },
      {
        "datetime": "2016-12-20T13:52:01Z",
        "uri": "https://web.archive.org/web/20161220135201/http://www.celtic-films.com:80/?"
      },
      {
        "datetime": "2017-01-13T17:07:26Z",
        "uri": "https://web.archive.org/web/20170113170726/http://celtic-films.com/"
      },
      {
        "datetime": "2017-01-13T17:07:30Z",
        "uri": "https://web.archive.org/web/20170113170730/http://www.celtic-films.com/"
      },
      {
        "datetime": "2017-02-05T09:18:15Z",
        "uri": "https://web.archive.org/web/20170205091815/http://celtic-films.com/"
      },
      {
        "datetime": "2017-02-05T09:18:28Z",
        "uri": "https://web.archive.org/web/20170205091828/http://www.celtic-films.com/"
      },
      {
        "datetime": "2017-02-17T03:23:23Z",
        "uri": "https://web.archive.org/web/20170217032323/http://celtic-films.com/"
      },
      {
        "datetime": "2017-03-07T11:58:48Z",
        "uri": "https://web.archive.org/web/20170307115848/http://celtic-films.com/"
      },
      {
        "datetime": "2017-03-07T11:58:52Z",
        "uri": "https://web.archive.org/web/20170307115852/http://www.celtic-films.com/"
      },
      {
        "datetime": "2017-03-22T18:41:33Z",
        "uri": "https://web.archive.org/web/20170322184133/http://www.celtic-films.com:80/"
      },
      {
        "datetime": "2017-05-13T19:15:34Z",
        "uri": "https://web.archive.org/web/20170513191534/http://www.celtic-films.com/"
      },
      {
        "datetime": "2017-05-25T14:58:28Z",
        "uri": "https://web.archive.org/web/20170525145828/http://www.celtic-films.com:80/"
      },
      {
        "datetime": "2017-06-05T03:37:55Z",
        "uri": "https://web.archive.org/web/20170605033755/http://celtic-films.com/"
      },
      {
        "datetime": "2017-06-15T03:36:49Z",
        "uri": "https://wayback.archive-it.org/all/20170615033649/http://www.celtic-films.com/"
      },
      {
        "datetime": "2017-06-15T03:36:49Z",
        "uri": "https://web.archive.org/web/20170615033649/http://www.celtic-films.com/"
      },
      {
        "datetime": "2017-06-25T17:16:27Z",
        "uri": "https://web.archive.org/web/20170625171627/http://www.celtic-films.com:80/"
      },
      {
        "datetime": "2017-07-09T10:27:44Z",
        "uri": "https://web.archive.org/web/20170709102744/http://www.celtic-films.com/"
      },
      {
        "datetime": "2017-07-11T12:27:04Z",
        "uri": "https://web.archive.org/web/20170711122704/http://celtic-films.com/"
      },
      {
        "datetime": "2017-07-26T19:37:02Z",
        "uri": "https://web.archive.org/web/20170726193702/http://www.celtic-films.com:80/"
      },
      {
        "datetime": "2017-08-15T19:51:06Z",
        "uri": "https://web.archive.org/web/20170815195106/http://www.celtic-films.com:80/?"
      },
      {
        "datetime": "2017-09-04T11:39:45Z",
        "uri": "https://web.archive.org/web/20170904113945/http://celtic-films.com/"
      },
      {
        "datetime": "2017-09-06T10:31:11Z",
        "uri": "https://web.archive.org/web/20170906103111/http://celtic-films.com/"
      },
      {
        "datetime": "2017-09-10T06:39:59Z",
        "uri": "https://web.archive.org/web/20170910063959/http://www.celtic-films.com/"
      },
      {
        "datetime": "2017-09-14T16:53:41Z",
        "uri": "https://web.archive.org/web/20170914165341/http://www.celtic-films.com:80/"
      },
      {
        "datetime": "2017-09-15T19:34:32Z",
        "uri": "https://web.archive.org/web/20170915193432/http://www.celtic-films.com:80/?"
      },
      {
        "datetime": "2017-09-20T14:31:17Z",
        "uri": "https://web.archive.org/web/20170920143117/http://celtic-films.com/"
      },
      {
        "datetime": "2017-10-02T13:07:42Z",
        "uri": "https://web.archive.org/web/20171002130742/http://www.celtic-films.com/"
      },
      {
        "datetime": "2017-10-12T17:37:39Z",
        "uri": "https://web.archive.org/web/20171012173739/http://www.celtic-films.com/"
      },
      {
        "datetime": "2017-10-15T08:27:06Z",
        "uri": "https://web.archive.org/web/20171015082706/http://www.celtic-films.com/"
      },
      {
        "datetime": "2017-10-15T23:12:54Z",
        "uri": "https://web.archive.org/web/20171015231254/http://www.celtic-films.com:80/"
      },
      {
        "datetime": "2017-11-16T17:41:54Z",
        "uri": "https://web.archive.org/web/20171116174154/http://www.celtic-films.com:80/"
      },
      {
        "datetime": "2017-11-18T06:42:03Z",
        "uri": "https://wayback.archive-it.org/all/20171118064203/http://www.celtic-films.com/"
      },
      {
        "datetime": "2017-11-18T06:42:03Z",
        "uri": "https://web.archive.org/web/20171118064203/http://www.celtic-films.com/"
      },
      {
        "datetime": "2017-12-18T00:30:11Z",
        "uri": "https://web.archive.org/web/20171218003011/http://www.celtic-films.com:80/"
      },
      {
        "datetime": "2018-01-19T21:56:32Z",
        "uri": "https://web.archive.org/web/20180119215632/http://www.celtic-films.com:80/"
      },
      {
        "datetime": "2018-02-24T14:54:09Z",
        "uri": "https://web.archive.org/web/20180224145409/http://www.celtic-films.com:80/"
      },
      {
        "datetime": "2018-03-18T23:48:44Z",
        "uri": "https://web.archive.org/web/20180318234844/http://celtic-films.com/"
      },
      {
        "datetime": "2018-03-25T00:06:44Z",
        "uri": "https://web.archive.org/web/20180325000644/http://www.celtic-films.com:80/?"
      },
      {
        "datetime": "2018-03-29T17:24:56Z",
        "uri": "https://web.archive.org/web/20180329172456/http://www.celtic-films.com:80/"
      },
      {
        "datetime": "2018-04-12T03:29:50Z",
        "uri": "https://web.archive.org/web/20180412032950/http://www.celtic-films.com/"
      },
      {
        "datetime": "2018-04-13T06:04:51Z",
        "uri": "https://web.archive.org/web/20180413060451/http://www.celtic-films.com/"
      },
      {
        "datetime": "2018-05-03T12:29:17Z",
        "uri": "https://web.archive.org/web/20180503122917/http://www.celtic-films.com:80/?"
      },
      {
        "datetime": "2018-05-05T13:17:10Z",
        "uri": "https://web.archive.org/web/20180505131710/http://www.celtic-films.com:80/"
      },
      {
        "datetime": "2018-06-04T00:25:54Z",
        "uri": "https://web.archive.org/web/20180604002554/http://www.celtic-films.com:80/?"
      },
      {
        "datetime": "2018-06-05T22:03:40Z",
        "uri": "https://web.archive.org/web/20180605220340/http://www.celtic-films.com:80/"
      },
      {
        "datetime": "2018-07-06T05:45:46Z",
        "uri": "https://web.archive.org/web/20180706054546/http://www.celtic-films.com:80/?"
      },
      {
        "datetime": "2018-07-07T15:08:27Z",
        "uri": "https://web.archive.org/web/20180707150827/http://www.celtic-films.com:80/?"
      },
      {
        "datetime": "2018-07-07T15:33:02Z",
        "uri": "https://web.archive.org/web/20180707153302/http://www.celtic-films.com:80/"
      },
      {
        "datetime": "2018-08-06T00:10:15Z",
        "uri": "https://web.archive.org/web/20180806001015/http://celtic-films.com/"
      },
      {
        "datetime": "2018-08-08T10:46:34Z",
        "uri": "https://web.archive.org/web/20180808104634/http://www.celtic-films.com:80/"
      },
      {
        "datetime": "2018-08-08T11:08:03Z",
        "uri": "https://web.archive.org/web/20180808110803/http://www.celtic-films.com:80/?"
      },
      {
        "datetime": "2018-08-19T23:58:38Z",
        "uri": "https://web.archive.org/web/20180819235838/http://www.celtic-films.com/"
      },
      {
        "datetime": "2018-09-10T08:24:12Z",
        "uri": "https://web.archive.org/web/20180910082412/http://www.celtic-films.com:80/?"
      },
      {
        "datetime": "2018-09-10T09:00:20Z",
        "uri": "https://web.archive.org/web/20180910090020/http://www.celtic-films.com:80/"
      },
      {
        "datetime": "2018-10-12T07:24:44Z",
        "uri": "https://web.archive.org/web/20181012072444/http://www.celtic-films.com:80/"
      },
      {
        "datetime": "2018-10-12T07:40:07Z",
        "uri": "https://web.archive.org/web/20181012074007/http://www.celtic-films.com:80/?"
      },
      {
        "datetime": "2018-12-29T21:42:43Z",
        "uri": "https://web.archive.org/web/20181229214243/http://celtic-films.com/"
      },
      {
        "datetime": "2019-01-13T13:21:19Z",
        "uri": "https://web.archive.org/web/20190113132119/http://www.celtic-films.com/"
      },
      {
        "datetime": "2019-01-29T10:36:19Z",
        "uri": "https://web.archive.org/web/20190129103619/https://www.celtic-films.com/"
      },
      {
        "datetime": "2019-03-31T05:58:19Z",
        "uri": "https://web.archive.org/web/20190331055819/https://www.celtic-films.com/"
      },
      {
        "datetime": "2019-05-18T06:00:58Z",
        "uri": "https://web.archive.org/web/20190518060058/http://www.celtic-films.com:80/?"
      },
      {
        "datetime": "2019-05-18T06:35:34Z",
        "uri": "https://web.archive.org/web/20190518063534/http://www.celtic-films.com:80/"
      },
      {
        "datetime": "2019-06-23T05:26:19Z",
        "uri": "https://web.archive.org/web/20190623052619/http://www.celtic-films.com:80/"
      },
      {
        "datetime": "2019-06-23T16:31:41Z",
        "uri": "https://web.archive.org/web/20190623163141/http://www.celtic-films.com:80/?"
      },
      {
        "datetime": "2019-08-13T18:10:53Z",
        "uri": "https://web.archive.org/web/20190813181053/http://www.celtic-films.com:80/?"
      },
      {
        "datetime": "2019-08-13T19:17:06Z",
        "uri": "https://web.archive.org/web/20190813191706/http://www.celtic-films.com:80/"
      },
      {
        "datetime": "2019-09-01T06:10:21Z",
        "uri": "https://web.archive.org/web/20190901061021/http://celtic-films.com:80/"
      },
      {
        "datetime": "2019-09-13T16:03:32Z",
        "uri": "https://web.archive.org/web/20190913160332/http://www.celtic-films.com:80/"
      },
      {
        "datetime": "2019-09-13T16:37:06Z",
        "uri": "https://web.archive.org/web/20190913163706/http://www.celtic-films.com:80/?"
      },
      {
        "datetime": "2019-11-16T14:53:28Z",
        "uri": "https://web.archive.org/web/20191116145328/https://www.celtic-films.com/"
      },
      {
        "datetime": "2020-01-18T18:49:35Z",
        "uri": "http://archive.md/20200118184935/https://www.celtic-films.com/"
      },
      {
        "datetime": "2020-05-02T10:10:26Z",
        "uri": "https://web.archive.org/web/20200502101026/https://celtic-films.com/"
      },
      {
        "datetime": "2020-05-03T07:49:08Z",
        "uri": "https://web.archive.org/web/20200503074908/https://www.celtic-films.com/"
      },
      {
        "datetime": "2020-05-10T21:53:14Z",
        "uri": "https://web.archive.org/web/20200510215314/https://celtic-films.com/"
      },
      {
        "datetime": "2020-05-11T18:37:34Z",
        "uri": "https://web.archive.org/web/20200511183734/https://www.celtic-films.com/"
      },
      {
        "datetime": "2020-05-16T04:09:14Z",
        "uri": "https://web.archive.org/web/20200516040914/https://www.celtic-films.com/"
      },
      {
        "datetime": "2020-05-18T01:48:03Z",
        "uri": "https://webarchive.loc.gov/all/20200518014803/https://celtic-films.com/"
      },
      {
        "datetime": "2020-08-12T18:44:50Z",
        "uri": "https://web.archive.org/web/20200812184450/https://www.celtic-films.com/"
      },
      {
        "datetime": "2020-08-29T00:29:03Z",
        "uri": "https://web.archive.org/web/20200829002903/http://celtic-films.com/"
      },
      {
        "datetime": "2020-09-28T07:11:31Z",
        "uri": "https://web.archive.org/web/20200928071131/https://www.celtic-films.com/"
      },
      {
        "datetime": "2020-10-28T18:09:22Z",
        "uri": "https://web.archive.org/web/20201028180922/https://www.celtic-films.com/"
      },
      {
        "datetime": "2020-10-31T23:43:07Z",
        "uri": "https://web.archive.org/web/20201031234307/https://celtic-films.com/"
      },
      {
        "datetime": "2020-10-31T23:43:08Z",
        "uri": "https://web.archive.org/web/20201031234308/https://www.celtic-films.com/"
      },
      {
        "datetime": "2020-11-01T01:56:48Z",
        "uri": "https://web.archive.org/web/20201101015648/https://www.celtic-films.com/"
      },
      {
        "datetime": "2020-11-01T09:42:54Z",
        "uri": "https://web.archive.org/web/20201101094254/https://www.celtic-films.com/"
      },
      {
        "datetime": "2020-11-01T10:05:14Z",
        "uri": "https://web.archive.org/web/20201101100514/https://celtic-films.com/"
      },
      {
        "datetime": "2020-11-01T10:05:15Z",
        "uri": "https://web.archive.org/web/20201101100515/https://www.celtic-films.com/"
      },
      {
        "datetime": "2020-11-15T21:24:54Z",
        "uri": "https://web.archive.org/web/20201115212454/https://celtic-films.com/"
      },
      {
        "datetime": "2020-11-15T21:24:57Z",
        "uri": "https://web.archive.org/web/20201115212457/https://www.celtic-films.com/"
      },
      {
        "datetime": "2020-11-16T00:40:49Z",
        "uri": "https://web.archive.org/web/20201116004049/https://www.celtic-films.com/"
      },
      {
        "datetime": "2020-11-18T04:49:42Z",
        "uri": "https://web.archive.org/web/20201118044942/https://celtic-films.com/"
      },
      {
        "datetime": "2020-11-18T04:49:46Z",
        "uri": "https://web.archive.org/web/20201118044946/https://www.celtic-films.com/"
      },
      {
        "datetime": "2020-11-18T13:17:22Z",
        "uri": "https://web.archive.org/web/20201118131722/https://www.celtic-films.com/"
      },
      {
        "datetime": "2020-11-20T02:43:57Z",
        "uri": "https://web.archive.org/web/20201120024357/https://celtic-films.com/"
      },
      {
        "datetime": "2020-11-23T13:37:22Z",
        "uri": "https://web.archive.org/web/20201123133722/https://www.celtic-films.com/"
      },
      {
        "datetime": "2020-11-25T05:54:34Z",
        "uri": "https://web.archive.org/web/20201125055434/https://www.celtic-films.com/"
      },
      {
        "datetime": "2020-11-28T03:36:39Z",
        "uri": "https://web.archive.org/web/20201128033639/https://www.celtic-films.com/"
      },
      {
        "datetime": "2020-12-09T15:04:47Z",
        "uri": "https://web.archive.org/web/20201209150447/https://www.celtic-films.com/"
      },
      {
        "datetime": "2020-12-17T05:33:35Z",
        "uri": "https://web.archive.org/web/20201217053335/https://www.celtic-films.com/"
      },
      {
        "datetime": "2020-12-17T05:33:35Z",
        "uri": "https://web.archive.org/web/20201217053335/http://celtic-films.com/"
      },
      {
        "datetime": "2020-12-18T06:56:17Z",
        "uri": "https://web.archive.org/web/20201218065617/https://www.celtic-films.com/"
      },
      {
        "datetime": "2021-01-19T12:35:38Z",
        "uri": "https://web.archive.org/web/20210119123538/https://www.celtic-films.com/"
      },
      {
        "datetime": "2021-01-25T20:05:57Z",
        "uri": "https://web.archive.org/web/20210125200557/https://celtic-films.com/"
      },
      {
        "datetime": "2021-03-02T21:31:46Z",
        "uri": "https://web.archive.org/web/20210302213146/https://www.celtic-films.com/"
      },
      {
        "datetime": "2021-03-11T00:15:25Z",
        "uri": "https://web.archive.org/web/20210311001525/http://www.celtic-films.com/"
      },
      {
        "datetime": "2021-03-11T00:15:29Z",
        "uri": "https://web.archive.org/web/20210311001529/https://www.celtic-films.com/"
      },
      {
        "datetime": "2021-03-19T21:31:15Z",
        "uri": "https://web.archive.org/web/20210319213115/https://www.celtic-films.com/"
      },
      {
        "datetime": "2021-04-23T09:17:46Z",
        "uri": "https://web.archive.org/web/20210423091746/https://www.celtic-films.com/"
      },
      {
        "datetime": "2021-04-29T01:39:11Z",
        "uri": "https://web.archive.org/web/20210429013911/https://www.celtic-films.com/"
      },
      {
        "datetime": "2021-04-29T03:16:11Z",
        "uri": "https://web.archive.org/web/20210429031611/https://www.celtic-films.com/"
      },
      {
        "datetime": "2021-04-29T04:03:35Z",
        "uri": "https://web.archive.org/web/20210429040335/https://www.celtic-films.com/"
      },
      {
        "datetime": "2021-04-29T05:14:42Z",
        "uri": "https://web.archive.org/web/20210429051442/https://www.celtic-films.com/"
      },
      {
        "datetime": "2021-04-29T08:33:23Z",
        "uri": "https://web.archive.org/web/20210429083323/https://www.celtic-films.com/"
      },
      {
        "datetime": "2021-04-29T10:47:34Z",
        "uri": "https://web.archive.org/web/20210429104734/https://www.celtic-films.com/"
      },
      {
        "datetime": "2021-04-29T11:38:38Z",
        "uri": "https://web.archive.org/web/20210429113838/https://www.celtic-films.com/"
      },
      {
        "datetime": "2021-04-29T14:23:13Z",
        "uri": "https://web.archive.org/web/20210429142313/https://www.celtic-films.com/"
      },
      {
        "datetime": "2021-04-29T21:27:17Z",
        "uri": "https://web.archive.org/web/20210429212717/https://www.celtic-films.com/"
      },
      {
        "datetime": "2021-04-29T22:37:03Z",
        "uri": "https://web.archive.org/web/20210429223703/https://www.celtic-films.com/"
      },
      {
        "datetime": "2021-06-20T07:34:02Z",
        "uri": "https://web.archive.org/web/20210620073402/https://www.celtic-films.com/"
      },
      {
        "datetime": "2021-06-20T07:34:02Z",
        "uri": "https://web.archive.org/web/20210620073402/https://www.celtic-films.com/"
      },
      {
        "datetime": "2021-07-26T14:51:10Z",
        "uri": "https://web.archive.org/web/20210726145110/https://www.celtic-films.com/"
      },
      {
        "datetime": "2021-08-30T22:28:20Z",
        "uri": "https://web.archive.org/web/20210830222820/https://celtic-films.com/"
      },
      {
        "datetime": "2021-08-30T22:38:46Z",
        "uri": "https://web.archive.org/web/20210830223846/https://celtic-films.com/"
      },
      {
        "datetime": "2021-09-16T11:28:25Z",
        "uri": "https://web.archive.org/web/20210916112825/https://www.celtic-films.com/"
      },
      {
        "datetime": "2021-09-16T11:28:25Z",
        "uri": "https://web.archive.org/web/20210916112825/http://www.celtic-films.com/"
      },
      {
        "datetime": "2021-09-17T16:42:06Z",
        "uri": "https://web.archive.org/web/20210917164206/https://celtic-films.com/"
      },
      {
        "datetime": "2021-09-17T16:42:09Z",
        "uri": "https://web.archive.org/web/20210917164209/https://www.celtic-films.com/"
      },
      {
        "datetime": "2021-09-27T14:08:40Z",
        "uri": "https://web.archive.org/web/20210927140840/https://www.celtic-films.com/"
      },
      {
        "datetime": "2021-09-28T22:49:18Z",
        "uri": "https://web.archive.org/web/20210928224918/https://www.celtic-films.com/"
      },
      {
        "datetime": "2021-09-30T05:29:56Z",
        "uri": "https://web.archive.org/web/20210930052956/https://www.celtic-films.com/"
      },
      {
        "datetime": "2021-10-08T16:21:09Z",
        "uri": "https://web.archive.org/web/20211008162109/https://www.celtic-films.com/"
      },
      {
        "datetime": "2021-11-23T20:00:24Z",
        "uri": "https://web.archive.org/web/20211123200024/https://celtic-films.com/"
      },
      {
        "datetime": "2021-11-29T04:19:51Z",
        "uri": "https://web.archive.org/web/20211129041951/http://celtic-films.com/"
      },
      {
        "datetime": "2021-12-21T10:30:25Z",
        "uri": "https://web.archive.org/web/20211221103025/https://celtic-films.com/"
      },
      {
        "datetime": "2021-12-21T10:30:28Z",
        "uri": "https://web.archive.org/web/20211221103028/https://www.celtic-films.com/"
      },
      {
        "datetime": "2022-01-04T15:26:18Z",
        "uri": "https://web.archive.org/web/20220104152618/https://www.celtic-films.com/"
      },
      {
        "datetime": "2022-01-04T15:28:09Z",
        "uri": "https://web.archive.org/web/20220104152809/https://www.celtic-films.com/"
      },
      {
        "datetime": "2022-01-21T15:16:40Z",
        "uri": "https://web.archive.org/web/20220121151640/https://www.celtic-films.com/"
      },
      {
        "datetime": "2022-01-25T22:40:47Z",
        "uri": "https://web.archive.org/web/20220125224047/https://www.celtic-films.com/"
      },
      {
        "datetime": "2022-01-26T19:35:44Z",
        "uri": "https://web.archive.org/web/20220126193544/https://celtic-films.com/"
      },
      {
        "datetime": "2022-01-27T02:03:59Z",
        "uri": "https://web.archive.org/web/20220127020359/https://www.celtic-films.com/"
      },
      {
        "datetime": "2022-03-27T08:00:56Z",
        "uri": "https://web.archive.org/web/20220327080056/https://celtic-films.com/"
      },
      {
        "datetime": "2022-05-08T22:47:07Z",
        "uri": "https://web.archive.org/web/20220508224707/https://celtic-films.com/"
      },
      {
        "datetime": "2022-07-04T05:30:10Z",
        "uri": "https://web.archive.org/web/20220704053010/https://www.celtic-films.com/"
      },
      {
        "datetime": "2022-08-08T05:15:41Z",
        "uri": "https://web.archive.org/web/20220808051541/https://www.celtic-films.com/"
      },
      {
        "datetime": "2022-08-12T00:56:49Z",
        "uri": "https://web.archive.org/web/20220812005649/https://www.celtic-films.com/"
      },
      {
        "datetime": "2022-08-12T00:56:49Z",
        "uri": "https://web.archive.org/web/20220812005649/https://www.celtic-films.com/"
      },
      {
        "datetime": "2022-08-12T00:56:49Z",
        "uri": "https://web.archive.org/web/20220812005649/http://www.celtic-films.com/"
      },
      {
        "datetime": "2022-08-12T00:56:49Z",
        "uri": "https://web.archive.org/web/20220812005649/http://celtic-films.com/"
      },
      {
        "datetime": "2022-08-12T00:57:00Z",
        "uri": "https://web.archive.org/web/20220812005700/https://www.celtic-films.com/"
      },
      {
        "datetime": "2022-08-20T16:55:35Z",
        "uri": "https://web.archive.org/web/20220820165535/https://www.celtic-films.com/"
      },
      {
        "datetime": "2022-08-21T22:52:48Z",
        "uri": "https://web.archive.org/web/20220821225248/https://celtic-films.com/"
      },
      {
        "datetime": "2022-08-21T22:53:15Z",
        "uri": "https://web.archive.org/web/20220821225315/https://celtic-films.com/"
      },
      {
        "datetime": "2022-08-21T22:55:36Z",
        "uri": "https://web.archive.org/web/20220821225536/http://celtic-films.com/"
      },
      {
        "datetime": "2022-09-05T18:00:56Z",
        "uri": "https://web.archive.org/web/20220905180056/https://www.celtic-films.com/"
      },
      {
        "datetime": "2022-09-24T02:39:23Z",
        "uri": "https://web.archive.org/web/20220924023923/https://www.celtic-films.com/"
      }
    ],
    "first": {
      "datetime": "2001-06-06T11:14:24Z",
      "uri": "https://web.archive.org/web/20010606111424/http://www.celtic-films.com:80/"
    },
    "last": {
      "datetime": "2022-09-24T02:39:23Z",
      "uri": "https://web.archive.org/web/20220924023923/https://www.celtic-films.com/"
    }
  },
  "timemap_uri": {
    "link_format": "http://localhost:1208/timemap/link/https://www.celtic-films.com/",
    "json_format": "http://localhost:1208/timemap/json/https://www.celtic-films.com/",
    "cdxj_format": "http://localhost:1208/timemap/cdxj/https://www.celtic-films.com/"
  },
  "timegate_uri": "http://localhost:1208/timegate/https://www.celtic-films.com/"
}
