{
  "original_uri": "https://www.dailymail.co.uk/news/article-11262791/Queens-death-certificate-released-Records-reveal-died-old-age.html",
  "self": "http://localhost:1208/timemap/json/https://www.dailymail.co.uk/news/article-11262791/Queens-death-certificate-released-Records-reveal-died-old-age.html",
  "mementos": {
    "list": [
      {
        "datetime": "2022-09-29T13:45:25Z",
        "uri": "https://web.archive.org/web/20220929134525/https://www.dailymail.co.uk/news/article-11262791/Queens-death-certificate-released-Records-reveal-died-old-age.html"
      },
      {
        "datetime": "2022-09-29T14:10:29Z",
        "uri": "http://archive.md/20220929141029/https://www.dailymail.co.uk/news/article-11262791/Queens-death-certificate-released-Records-reveal-died-old-age.html"
      },
      {
        "datetime": "2022-09-29T16:25:44Z",
        "uri": "https://web.archive.org/web/20220929162544/https://www.dailymail.co.uk/news/article-11262791/Queens-death-certificate-released-Records-reveal-died-old-age.html"
      },
      {
        "datetime": "2022-09-29T19:27:36Z",
        "uri": "http://archive.md/20220929192736/https://www.dailymail.co.uk/news/article-11262791/Queens-death-certificate-released-Records-reveal-died-old-age.html"
      },
      {
        "datetime": "2022-09-29T22:07:24Z",
        "uri": "https://web.archive.org/web/20220929220724/https://www.dailymail.co.uk/news/article-11262791/Queens-death-certificate-released-Records-reveal-died-old-age.html"
      }
    ],
    "first": {
      "datetime": "2022-09-29T13:45:25Z",
      "uri": "https://web.archive.org/web/20220929134525/https://www.dailymail.co.uk/news/article-11262791/Queens-death-certificate-released-Records-reveal-died-old-age.html"
    },
    "last": {
      "datetime": "2022-09-29T22:07:24Z",
      "uri": "https://web.archive.org/web/20220929220724/https://www.dailymail.co.uk/news/article-11262791/Queens-death-certificate-released-Records-reveal-died-old-age.html"
    }
  },
  "timemap_uri": {
    "link_format": "http://localhost:1208/timemap/link/https://www.dailymail.co.uk/news/article-11262791/Queens-death-certificate-released-Records-reveal-died-old-age.html",
    "json_format": "http://localhost:1208/timemap/json/https://www.dailymail.co.uk/news/article-11262791/Queens-death-certificate-released-Records-reveal-died-old-age.html",
    "cdxj_format": "http://localhost:1208/timemap/cdxj/https://www.dailymail.co.uk/news/article-11262791/Queens-death-certificate-released-Records-reveal-died-old-age.html"
  },
  "timegate_uri": "http://localhost:1208/timegate/https://www.dailymail.co.uk/news/article-11262791/Queens-death-certificate-released-Records-reveal-died-old-age.html"
}
