{
  "original_uri": "https://theconversation.com/it-makes-a-good-story-but-the-cover-up-of-britains-savage-treatment-of-the-mau-mau-was-exaggerated-65583",
  "self": "http://localhost:1208/timemap/json/https://theconversation.com/it-makes-a-good-story-but-the-cover-up-of-britains-savage-treatment-of-the-mau-mau-was-exaggerated-65583",
  "mementos": {
    "list": [
      {
        "datetime": "2016-10-19T05:34:28Z",
        "uri": "https://web.archive.org/web/20161019053428/http://theconversation.com/it-makes-a-good-story-but-the-cover-up-of-britains-savage-treatment-of-the-mau-mau-was-exaggerated-65583"
      },
      {
        "datetime": "2016-10-21T19:49:54Z",
        "uri": "https://web.archive.org/web/20161021194954/http://theconversation.com:80/it-makes-a-good-story-but-the-cover-up-of-britains-savage-treatment-of-the-mau-mau-was-exaggerated-65583"
      },
      {
        "datetime": "2016-10-21T21:37:35Z",
        "uri": "https://web.archive.org/web/20161021213735/http://theconversation.com:80/it-makes-a-good-story-but-the-cover-up-of-britains-savage-treatment-of-the-mau-mau-was-exaggerated-65583?"
      },
      {
        "datetime": "2016-10-24T14:40:29Z",
        "uri": "https://www.webarchive.org.uk/wayback/archive/20161024144029mp_/http://theconversation.com/it-makes-a-good-story-but-the-cover-up-of-britains-savage-treatment-of-the-mau-mau-was-exaggerated-65583"
      },
      {
        "datetime": "2016-10-26T02:47:31Z",
        "uri": "https://webarchive.loc.gov/all/20161026024731/http://theconversation.com/it-makes-a-good-story-but-the-cover-up-of-britains-savage-treatment-of-the-mau-mau-was-exaggerated-65583"
      },
      {
        "datetime": "2017-02-10T02:40:40Z",
        "uri": "https://web.archive.org/web/20170210024040/http://theconversation.com/it-makes-a-good-story-but-the-cover-up-of-britains-savage-treatment-of-the-mau-mau-was-exaggerated-65583"
      },
      {
        "datetime": "2017-04-03T11:10:05Z",
        "uri": "https://web.archive.org/web/20170403111005/http://theconversation.com/it-makes-a-good-story-but-the-cover-up-of-britains-savage-treatment-of-the-mau-mau-was-exaggerated-65583"
      },
      {
        "datetime": "2017-04-04T21:34:53Z",
        "uri": "https://web.archive.org/web/20170404213453/https://theconversation.com/it-makes-a-good-story-but-the-cover-up-of-britains-savage-treatment-of-the-mau-mau-was-exaggerated-65583"
      },
      {
        "datetime": "2017-06-25T16:15:19Z",
        "uri": "https://web.archive.org/web/20170625161519/http://theconversation.com:80/it-makes-a-good-story-but-the-cover-up-of-britains-savage-treatment-of-the-mau-mau-was-exaggerated-65583"
      },
      {
        "datetime": "2017-07-03T10:47:07Z",
        "uri": "https://web.archive.org/web/20170703104707/http://theconversation.com:80/it-makes-a-good-story-but-the-cover-up-of-britains-savage-treatment-of-the-mau-mau-was-exaggerated-65583"
      },
      {
        "datetime": "2017-08-25T22:05:23Z",
        "uri": "https://web.archive.org/web/20170825220523/http://theconversation.com:80/it-makes-a-good-story-but-the-cover-up-of-britains-savage-treatment-of-the-mau-mau-was-exaggerated-65583"
      },
      {
        "datetime": "2017-10-31T00:01:15Z",
        "uri": "https://web.archive.org/web/20171031000115/http://theconversation.com/it-makes-a-good-story-but-the-cover-up-of-britains-savage-treatment-of-the-mau-mau-was-exaggerated-65583"
      },
      {
        "datetime": "2017-11-14T09:52:29Z",
        "uri": "https://web.archive.org/web/20171114095229/https://theconversation.com/it-makes-a-good-story-but-the-cover-up-of-britains-savage-treatment-of-the-mau-mau-was-exaggerated-65583"
      },
      {
        "datetime": "2018-09-14T22:48:39Z",
        "uri": "https://www.webarchive.org.uk/wayback/archive/20180914224839mp_/http://theconversation.com/it-makes-a-good-story-but-the-cover-up-of-britains-savage-treatment-of-the-mau-mau-was-exaggerated-65583"
      },
      {
        "datetime": "2018-10-23T07:29:01Z",
        "uri": "https://web.archive.org/web/20181023072901/http://theconversation.com/it-makes-a-good-story-but-the-cover-up-of-britains-savage-treatment-of-the-mau-mau-was-exaggerated-65583"
      },
      {
        "datetime": "2019-07-10T23:23:10Z",
        "uri": "https://www.webarchive.org.uk/wayback/archive/20190710232310mp_/https://theconversation.com/it-makes-a-good-story-but-the-cover-up-of-britains-savage-treatment-of-the-mau-mau-was-exaggerated-65583"
      },
      {
        "datetime": "2019-09-17T20:00:00Z",
        "uri": "https://web.archive.org/web/20190917200000/http://theconversation.com:80/it-makes-a-good-story-but-the-cover-up-of-britains-savage-treatment-of-the-mau-mau-was-exaggerated-65583"
      },
      {
        "datetime": "2019-10-21T02:47:12Z",
        "uri": "https://web.archive.org/web/20191021024712/https://theconversation.com/it-makes-a-good-story-but-the-cover-up-of-britains-savage-treatment-of-the-mau-mau-was-exaggerated-65583"
      },
      {
        "datetime": "2020-02-11T17:41:18Z",
        "uri": "https://www.webarchive.org.uk/wayback/archive/20200211174118mp_/http://theconversation.com/it-makes-a-good-story-but-the-cover-up-of-britains-savage-treatment-of-the-mau-mau-was-exaggerated-65583"
      },
      {
        "datetime": "2020-06-10T18:13:05Z",
        "uri": "https://web.archive.org/web/20200610181305/http://theconversation.com/it-makes-a-good-story-but-the-cover-up-of-britains-savage-treatment-of-the-mau-mau-was-exaggerated-65583"
      },
      {
        "datetime": "2020-06-10T18:13:06Z",
        "uri": "https://web.archive.org/web/20200610181306/https://theconversation.com/it-makes-a-good-story-but-the-cover-up-of-britains-savage-treatment-of-the-mau-mau-was-exaggerated-65583"
      },
      {
        "datetime": "2020-07-11T11:50:11Z",
        "uri": "https://www.webarchive.org.uk/wayback/archive/20200711115011mp_/https://theconversation.com/it-makes-a-good-story-but-the-cover-up-of-britains-savage-treatment-of-the-mau-mau-was-exaggerated-65583"
      },
      {
        "datetime": "2020-10-10T05:39:16Z",
        "uri": "https://web.archive.org/web/20201010053916/http://theconversation.com/it-makes-a-good-story-but-the-cover-up-of-britains-savage-treatment-of-the-mau-mau-was-exaggerated-65583"
      },
      {
        "datetime": "2020-10-28T05:56:13Z",
        "uri": "https://web.archive.org/web/20201028055613/https://theconversation.com/it-makes-a-good-story-but-the-cover-up-of-britains-savage-treatment-of-the-mau-mau-was-exaggerated-65583"
      },
      {
        "datetime": "2020-11-11T19:20:00Z",
        "uri": "https://web.archive.org/web/20201111192000/http://theconversation.com/it-makes-a-good-story-but-the-cover-up-of-britains-savage-treatment-of-the-mau-mau-was-exaggerated-65583"
      },
      {
        "datetime": "2020-11-11T19:20:01Z",
        "uri": "https://web.archive.org/web/20201111192001/https://theconversation.com/it-makes-a-good-story-but-the-cover-up-of-britains-savage-treatment-of-the-mau-mau-was-exaggerated-65583"
      },
      {
        "datetime": "2021-04-16T22:22:54Z",
        "uri": "https://web.archive.org/web/20210416222254/https://theconversation.com/it-makes-a-good-story-but-the-cover-up-of-britains-savage-treatment-of-the-mau-mau-was-exaggerated-65583"
      },
      {
        "datetime": "2021-06-03T00:07:23Z",
        "uri": "http://archive.md/20210603000723/https://theconversation.com/it-makes-a-good-story-but-the-cover-up-of-britains-savage-treatment-of-the-mau-mau-was-exaggerated-65583"
      },
      {
        "datetime": "2021-07-24T11:40:08Z",
        "uri": "https://www.webarchive.org.uk/wayback/archive/20210724114008mp_/https://theconversation.com/it-makes-a-good-story-but-the-cover-up-of-britains-savage-treatment-of-the-mau-mau-was-exaggerated-65583"
      },
      {
        "datetime": "2021-07-24T11:40:14Z",
        "uri": "https://www.webarchive.org.uk/wayback/archive/20210724114014mp_/http://theconversation.com/it-makes-a-good-story-but-the-cover-up-of-britains-savage-treatment-of-the-mau-mau-was-exaggerated-65583"
      },
      {
        "datetime": "2021-11-22T00:07:22Z",
        "uri": "https://web.archive.org/web/20211122000722/https://theconversation.com/it-makes-a-good-story-but-the-cover-up-of-britains-savage-treatment-of-the-mau-mau-was-exaggerated-65583"
      },
      {
        "datetime": "2022-09-08T22:39:29Z",
        "uri": "https://web.archive.org/web/20220908223929/https://theconversation.com/it-makes-a-good-story-but-the-cover-up-of-britains-savage-treatment-of-the-mau-mau-was-exaggerated-65583"
      }
    ],
    "first": {
      "datetime": "2016-10-19T05:34:28Z",
      "uri": "https://web.archive.org/web/20161019053428/http://theconversation.com/it-makes-a-good-story-but-the-cover-up-of-britains-savage-treatment-of-the-mau-mau-was-exaggerated-65583"
    },
    "last": {
      "datetime": "2022-09-08T22:39:29Z",
      "uri": "https://web.archive.org/web/20220908223929/https://theconversation.com/it-makes-a-good-story-but-the-cover-up-of-britains-savage-treatment-of-the-mau-mau-was-exaggerated-65583"
    }
  },
  "timemap_uri": {
    "link_format": "http://localhost:1208/timemap/link/https://theconversation.com/it-makes-a-good-story-but-the-cover-up-of-britains-savage-treatment-of-the-mau-mau-was-exaggerated-65583",
    "json_format": "http://localhost:1208/timemap/json/https://theconversation.com/it-makes-a-good-story-but-the-cover-up-of-britains-savage-treatment-of-the-mau-mau-was-exaggerated-65583",
    "cdxj_format": "http://localhost:1208/timemap/cdxj/https://theconversation.com/it-makes-a-good-story-but-the-cover-up-of-britains-savage-treatment-of-the-mau-mau-was-exaggerated-65583"
  },
  "timegate_uri": "http://localhost:1208/timegate/https://theconversation.com/it-makes-a-good-story-but-the-cover-up-of-britains-savage-treatment-of-the-mau-mau-was-exaggerated-65583"
}
