{
  "original_uri": "https://www.redcross.org/donate/hurricane-ian-donations.html/",
  "self": "http://localhost:1208/timemap/json/https://www.redcross.org/donate/hurricane-ian-donations.html/",
  "mementos": {
    "list": [
      {
        "datetime": "2022-10-01T20:15:12Z",
        "uri": "https://web.archive.org/web/20221001201512/https://www.redcross.org/donate/hurricane-ian-donations.html/"
      }
    ],
    "first": {
      "datetime": "2022-10-01T20:15:12Z",
      "uri": "https://web.archive.org/web/20221001201512/https://www.redcross.org/donate/hurricane-ian-donations.html/"
    },
    "last": {
      "datetime": "2022-10-01T20:15:12Z",
      "uri": "https://web.archive.org/web/20221001201512/https://www.redcross.org/donate/hurricane-ian-donations.html/"
    }
  },
  "timemap_uri": {
    "link_format": "http://localhost:1208/timemap/link/https://www.redcross.org/donate/hurricane-ian-donations.html/",
    "json_format": "http://localhost:1208/timemap/json/https://www.redcross.org/donate/hurricane-ian-donations.html/",
    "cdxj_format": "http://localhost:1208/timemap/cdxj/https://www.redcross.org/donate/hurricane-ian-donations.html/"
  },
  "timegate_uri": "http://localhost:1208/timegate/https://www.redcross.org/donate/hurricane-ian-donations.html/"
}
