{
  "original_uri": "https://t.me/UPSCPractice",
  "self": "http://localhost:1208/timemap/json/https://t.me/UPSCPractice",
  "mementos": {
    "list": [
      {
        "datetime": "2021-09-05T00:59:22Z",
        "uri": "https://web.archive.org/web/20210905005922/https://t.me/upscpractice"
      },
      {
        "datetime": "2021-12-19T04:36:55Z",
        "uri": "https://web.archive.org/web/20211219043655/http://t.me/UPSCPractice"
      }
    ],
    "first": {
      "datetime": "2021-09-05T00:59:22Z",
      "uri": "https://web.archive.org/web/20210905005922/https://t.me/upscpractice"
    },
    "last": {
      "datetime": "2021-12-19T04:36:55Z",
      "uri": "https://web.archive.org/web/20211219043655/http://t.me/UPSCPractice"
    }
  },
  "timemap_uri": {
    "link_format": "http://localhost:1208/timemap/link/https://t.me/UPSCPractice",
    "json_format": "http://localhost:1208/timemap/json/https://t.me/UPSCPractice",
    "cdxj_format": "http://localhost:1208/timemap/cdxj/https://t.me/UPSCPractice"
  },
  "timegate_uri": "http://localhost:1208/timegate/https://t.me/UPSCPractice"
}
