{
  "original_uri": "https://metro.co.uk/2022/09/29/cause-of-queen-elizabeths-death-revealed-17474763/",
  "self": "http://localhost:1208/timemap/json/https://metro.co.uk/2022/09/29/cause-of-queen-elizabeths-death-revealed-17474763/",
  "mementos": {
    "list": [
      {
        "datetime": "2022-09-30T21:55:21Z",
        "uri": "https://web.archive.org/web/20220930215521/https://metro.co.uk/2022/09/29/cause-of-queen-elizabeths-death-revealed-17474763/"
      }
    ],
    "first": {
      "datetime": "2022-09-30T21:55:21Z",
      "uri": "https://web.archive.org/web/20220930215521/https://metro.co.uk/2022/09/29/cause-of-queen-elizabeths-death-revealed-17474763/"
    },
    "last": {
      "datetime": "2022-09-30T21:55:21Z",
      "uri": "https://web.archive.org/web/20220930215521/https://metro.co.uk/2022/09/29/cause-of-queen-elizabeths-death-revealed-17474763/"
    }
  },
  "timemap_uri": {
    "link_format": "http://localhost:1208/timemap/link/https://metro.co.uk/2022/09/29/cause-of-queen-elizabeths-death-revealed-17474763/",
    "json_format": "http://localhost:1208/timemap/json/https://metro.co.uk/2022/09/29/cause-of-queen-elizabeths-death-revealed-17474763/",
    "cdxj_format": "http://localhost:1208/timemap/cdxj/https://metro.co.uk/2022/09/29/cause-of-queen-elizabeths-death-revealed-17474763/"
  },
  "timegate_uri": "http://localhost:1208/timegate/https://metro.co.uk/2022/09/29/cause-of-queen-elizabeths-death-revealed-17474763/"
}
