{
  "original_uri": "https://www.globalbankingandfinance.com/queen-elizabeths-reign-featured-enchiladas-with-reagan-dancing-with-ford/",
  "self": "http://localhost:1208/timemap/json/https://www.globalbankingandfinance.com/queen-elizabeths-reign-featured-enchiladas-with-reagan-dancing-with-ford/",
  "mementos": {
    "list": [
      {
        "datetime": "2022-09-13T20:05:19Z",
        "uri": "https://web.archive.org/web/20220913200519/https://www.globalbankingandfinance.com/queen-elizabeths-reign-featured-enchiladas-with-reagan-dancing-with-ford/"
      }
    ],
    "first": {
      "datetime": "2022-09-13T20:05:19Z",
      "uri": "https://web.archive.org/web/20220913200519/https://www.globalbankingandfinance.com/queen-elizabeths-reign-featured-enchiladas-with-reagan-dancing-with-ford/"
    },
    "last": {
      "datetime": "2022-09-13T20:05:19Z",
      "uri": "https://web.archive.org/web/20220913200519/https://www.globalbankingandfinance.com/queen-elizabeths-reign-featured-enchiladas-with-reagan-dancing-with-ford/"
    }
  },
  "timemap_uri": {
    "link_format": "http://localhost:1208/timemap/link/https://www.globalbankingandfinance.com/queen-elizabeths-reign-featured-enchiladas-with-reagan-dancing-with-ford/",
    "json_format": "http://localhost:1208/timemap/json/https://www.globalbankingandfinance.com/queen-elizabeths-reign-featured-enchiladas-with-reagan-dancing-with-ford/",
    "cdxj_format": "http://localhost:1208/timemap/cdxj/https://www.globalbankingandfinance.com/queen-elizabeths-reign-featured-enchiladas-with-reagan-dancing-with-ford/"
  },
  "timegate_uri": "http://localhost:1208/timegate/https://www.globalbankingandfinance.com/queen-elizabeths-reign-featured-enchiladas-with-reagan-dancing-with-ford/"
}
