{
  "original_uri": "https://wattsupwiththat.com/2022/09/29/after-hurricane-ian-no-trend-in-florida-landfalls-global-activity-trending-down/",
  "self": "http://localhost:1208/timemap/json/https://wattsupwiththat.com/2022/09/29/after-hurricane-ian-no-trend-in-florida-landfalls-global-activity-trending-down/",
  "mementos": {
    "list": [
      {
        "datetime": "2022-09-30T16:44:35Z",
        "uri": "https://web.archive.org/web/20220930164435/https://wattsupwiththat.com/2022/09/29/after-hurricane-ian-no-trend-in-florida-landfalls-global-activity-trending-down/"
      }
    ],
    "first": {
      "datetime": "2022-09-30T16:44:35Z",
      "uri": "https://web.archive.org/web/20220930164435/https://wattsupwiththat.com/2022/09/29/after-hurricane-ian-no-trend-in-florida-landfalls-global-activity-trending-down/"
    },
    "last": {
      "datetime": "2022-09-30T16:44:35Z",
      "uri": "https://web.archive.org/web/20220930164435/https://wattsupwiththat.com/2022/09/29/after-hurricane-ian-no-trend-in-florida-landfalls-global-activity-trending-down/"
    }
  },
  "timemap_uri": {
    "link_format": "http://localhost:1208/timemap/link/https://wattsupwiththat.com/2022/09/29/after-hurricane-ian-no-trend-in-florida-landfalls-global-activity-trending-down/",
    "json_format": "http://localhost:1208/timemap/json/https://wattsupwiththat.com/2022/09/29/after-hurricane-ian-no-trend-in-florida-landfalls-global-activity-trending-down/",
    "cdxj_format": "http://localhost:1208/timemap/cdxj/https://wattsupwiththat.com/2022/09/29/after-hurricane-ian-no-trend-in-florida-landfalls-global-activity-trending-down/"
  },
  "timegate_uri": "http://localhost:1208/timegate/https://wattsupwiththat.com/2022/09/29/after-hurricane-ian-no-trend-in-florida-landfalls-global-activity-trending-down/"
}
