{
  "original_uri": "https://www.axios.com/2022/09/29/hurricane-ians-rapid-intensification-climate-change",
  "self": "http://localhost:1208/timemap/json/https://www.axios.com/2022/09/29/hurricane-ians-rapid-intensification-climate-change",
  "mementos": {
    "list": [
      {
        "datetime": "2022-09-29T18:13:57Z",
        "uri": "http://archive.md/20220929181357/https://www.axios.com/2022/09/29/hurricane-ians-rapid-intensification-climate-change"
      }
    ],
    "first": {
      "datetime": "2022-09-29T18:13:57Z",
      "uri": "http://archive.md/20220929181357/https://www.axios.com/2022/09/29/hurricane-ians-rapid-intensification-climate-change"
    },
    "last": {
      "datetime": "2022-09-29T18:13:57Z",
      "uri": "http://archive.md/20220929181357/https://www.axios.com/2022/09/29/hurricane-ians-rapid-intensification-climate-change"
    }
  },
  "timemap_uri": {
    "link_format": "http://localhost:1208/timemap/link/https://www.axios.com/2022/09/29/hurricane-ians-rapid-intensification-climate-change",
    "json_format": "http://localhost:1208/timemap/json/https://www.axios.com/2022/09/29/hurricane-ians-rapid-intensification-climate-change",
    "cdxj_format": "http://localhost:1208/timemap/cdxj/https://www.axios.com/2022/09/29/hurricane-ians-rapid-intensification-climate-change"
  },
  "timegate_uri": "http://localhost:1208/timegate/https://www.axios.com/2022/09/29/hurricane-ians-rapid-intensification-climate-change"
}
