{
  "original_uri": "https://www.history.com/news/how-the-galveston-hurricane-of-1900-became-the-deadliest-u-s-natural-disaster",
  "self": "http://localhost:1208/timemap/json/https://www.history.com/news/how-the-galveston-hurricane-of-1900-became-the-deadliest-u-s-natural-disaster",
  "mementos": {
    "list": [
      {
        "datetime": "2017-08-29T21:11:25Z",
        "uri": "https://web.archive.org/web/20170829211125/http://www.history.com/news/how-the-galveston-hurricane-of-1900-became-the-deadliest-u-s-natural-disaster"
      },
      {
        "datetime": "2017-08-30T11:48:37Z",
        "uri": "https://web.archive.org/web/20170830114837/http://www.history.com/news/how-the-galveston-hurricane-of-1900-became-the-deadliest-u-s-natural-disaster"
      },
      {
        "datetime": "2017-08-31T04:46:15Z",
        "uri": "https://web.archive.org/web/20170831044615/http://www.history.com:80/news/how-the-galveston-hurricane-of-1900-became-the-deadliest-u-s-natural-disaster"
      },
      {
        "datetime": "2017-09-01T20:06:46Z",
        "uri": "https://web.archive.org/web/20170901200646/http://www.history.com:80/news/how-the-galveston-hurricane-of-1900-became-the-deadliest-u-s-natural-disaster"
      },
      {
        "datetime": "2017-09-10T07:54:12Z",
        "uri": "https://wayback.archive-it.org/all/20170910075412/http://www.history.com/news/how-the-galveston-hurricane-of-1900-became-the-deadliest-u-s-natural-disaster"
      },
      {
        "datetime": "2017-09-10T07:54:12Z",
        "uri": "https://web.archive.org/web/20170910075412/http://www.history.com/news/how-the-galveston-hurricane-of-1900-became-the-deadliest-u-s-natural-disaster"
      },
      {
        "datetime": "2017-09-11T09:03:01Z",
        "uri": "https://web.archive.org/web/20170911090301/http://www.history.com/news/how-the-galveston-hurricane-of-1900-became-the-deadliest-u-s-natural-disaster"
      },
      {
        "datetime": "2017-09-15T08:14:10Z",
        "uri": "https://webarchive.loc.gov/all/20170915081410/http://www.history.com/news/how-the-galveston-hurricane-of-1900-became-the-deadliest-u-s-natural-disaster"
      },
      {
        "datetime": "2017-09-21T22:55:44Z",
        "uri": "https://webarchive.loc.gov/all/20170921225544/http://www.history.com/news/how-the-galveston-hurricane-of-1900-became-the-deadliest-u-s-natural-disaster"
      },
      {
        "datetime": "2017-09-22T05:11:45Z",
        "uri": "https://web.archive.org/web/20170922051145/http://www.history.com:80/news/how-the-galveston-hurricane-of-1900-became-the-deadliest-u-s-natural-disaster?"
      },
      {
        "datetime": "2017-09-25T00:13:20Z",
        "uri": "https://wayback.archive-it.org/all/20170925001320/http://www.history.com/news/how-the-galveston-hurricane-of-1900-became-the-deadliest-u-s-natural-disaster"
      },
      {
        "datetime": "2017-09-25T00:13:20Z",
        "uri": "https://web.archive.org/web/20170925001320/http://www.history.com/news/how-the-galveston-hurricane-of-1900-became-the-deadliest-u-s-natural-disaster"
      },
      {
        "datetime": "2017-10-03T00:30:11Z",
        "uri": "https://web.archive.org/web/20171003003011/http://www.history.com:80/news/how-the-galveston-hurricane-of-1900-became-the-deadliest-u-s-natural-disaster"
      },
      {
        "datetime": "2017-10-12T21:15:25Z",
        "uri": "https://web.archive.org/web/20171012211525/http://www.history.com/news/how-the-galveston-hurricane-of-1900-became-the-deadliest-u-s-natural-disaster"
      },
      {
        "datetime": "2017-10-23T09:12:12Z",
        "uri": "https://web.archive.org/web/20171023091212/http://www.history.com:80/news/how-the-galveston-hurricane-of-1900-became-the-deadliest-u-s-natural-disaster?"
      },
      {
        "datetime": "2017-11-01T22:55:15Z",
        "uri": "https://webarchive.loc.gov/all/20171101225515/http://www.history.com/news/how-the-galveston-hurricane-of-1900-became-the-deadliest-u-s-natural-disaster"
      },
      {
        "datetime": "2017-11-03T11:26:10Z",
        "uri": "https://web.archive.org/web/20171103112610/http://www.history.com:80/news/how-the-galveston-hurricane-of-1900-became-the-deadliest-u-s-natural-disaster"
      },
      {
        "datetime": "2017-12-04T19:33:12Z",
        "uri": "https://web.archive.org/web/20171204193312/http://www.history.com:80/news/how-the-galveston-hurricane-of-1900-became-the-deadliest-u-s-natural-disaster"
      },
      {
        "datetime": "2018-01-05T21:19:33Z",
        "uri": "https://web.archive.org/web/20180105211933/http://www.history.com:80/news/how-the-galveston-hurricane-of-1900-became-the-deadliest-u-s-natural-disaster"
      },
      {
        "datetime": "2018-02-06T14:44:19Z",
        "uri": "https://web.archive.org/web/20180206144419/http://www.history.com:80/news/how-the-galveston-hurricane-of-1900-became-the-deadliest-u-s-natural-disaster"
      },
      {
        "datetime": "2018-02-13T13:33:15Z",
        "uri": "https://web.archive.org/web/20180213133315/http://www.history.com/news/how-the-galveston-hurricane-of-1900-became-the-deadliest-u-s-natural-disaster"
      },
      {
        "datetime": "2018-03-10T11:50:21Z",
        "uri": "https://web.archive.org/web/20180310115021/http://www.history.com:80/news/how-the-galveston-hurricane-of-1900-became-the-deadliest-u-s-natural-disaster"
      },
      {
        "datetime": "2018-03-11T15:40:14Z",
        "uri": "https://wayback.archive-it.org/all/20180311154014/https://www.history.com/news/how-the-galveston-hurricane-of-1900-became-the-deadliest-u-s-natural-disaster"
      },
      {
        "datetime": "2018-03-11T15:40:14Z",
        "uri": "https://web.archive.org/web/20180311154014/https://www.history.com/news/how-the-galveston-hurricane-of-1900-became-the-deadliest-u-s-natural-disaster"
      },
      {
        "datetime": "2018-03-11T15:51:52Z",
        "uri": "https://wayback.archive-it.org/all/20180311155152/https://www.history.com/news/how-the-galveston-hurricane-of-1900-became-the-deadliest-u-s-natural-disaster"
      },
      {
        "datetime": "2018-03-11T15:51:52Z",
        "uri": "https://web.archive.org/web/20180311155152/https://www.history.com/news/how-the-galveston-hurricane-of-1900-became-the-deadliest-u-s-natural-disaster"
      },
      {
        "datetime": "2018-03-14T00:56:59Z",
        "uri": "https://web.archive.org/web/20180314005659/http://www.history.com/news/how-the-galveston-hurricane-of-1900-became-the-deadliest-u-s-natural-disaster"
      },
      {
        "datetime": "2018-03-18T16:06:44Z",
        "uri": "https://wayback.archive-it.org/all/20180318160644/https://www.history.com/news/how-the-galveston-hurricane-of-1900-became-the-deadliest-u-s-natural-disaster"
      },
      {
        "datetime": "2018-03-18T16:06:44Z",
        "uri": "https://web.archive.org/web/20180318160644/https://www.history.com/news/how-the-galveston-hurricane-of-1900-became-the-deadliest-u-s-natural-disaster"
      },
      {
        "datetime": "2018-03-25T15:38:43Z",
        "uri": "https://wayback.archive-it.org/all/20180325153843/https://www.history.com/news/how-the-galveston-hurricane-of-1900-became-the-deadliest-u-s-natural-disaster"
      },
      {
        "datetime": "2018-03-25T15:38:43Z",
        "uri": "https://web.archive.org/web/20180325153843/https://www.history.com/news/how-the-galveston-hurricane-of-1900-became-the-deadliest-u-s-natural-disaster"
      },
      {
        "datetime": "2018-03-26T18:19:53Z",
        "uri": "https://wayback.archive-it.org/all/20180326181953/http://www.history.com/news/how-the-galveston-hurricane-of-1900-became-the-deadliest-u-s-natural-disaster"
      },
      {
        "datetime": "2018-03-26T18:19:53Z",
        "uri": "https://web.archive.org/web/20180326181953/http://www.history.com/news/how-the-galveston-hurricane-of-1900-became-the-deadliest-u-s-natural-disaster"
      },
      {
        "datetime": "2018-04-11T12:07:33Z",
        "uri": "https://web.archive.org/web/20180411120733/http://www.history.com:80/news/how-the-galveston-hurricane-of-1900-became-the-deadliest-u-s-natural-disaster"
      },
      {
        "datetime": "2018-05-13T03:32:00Z",
        "uri": "https://web.archive.org/web/20180513033200/http://www.history.com:80/news/how-the-galveston-hurricane-of-1900-became-the-deadliest-u-s-natural-disaster"
      },
      {
        "datetime": "2018-05-14T17:05:21Z",
        "uri": "https://web.archive.org/web/20180514170521/https://www.history.com/news/how-the-galveston-hurricane-of-1900-became-the-deadliest-u-s-natural-disaster"
      },
      {
        "datetime": "2018-06-13T05:35:55Z",
        "uri": "https://web.archive.org/web/20180613053555/http://www.history.com:80/news/how-the-galveston-hurricane-of-1900-became-the-deadliest-u-s-natural-disaster"
      },
      {
        "datetime": "2018-06-25T05:33:16Z",
        "uri": "https://web.archive.org/web/20180625053316/http://www.history.com/news/how-the-galveston-hurricane-of-1900-became-the-deadliest-u-s-natural-disaster"
      },
      {
        "datetime": "2018-07-05T07:52:37Z",
        "uri": "https://web.archive.org/web/20180705075237/https://www.history.com/news/how-the-galveston-hurricane-of-1900-became-the-deadliest-u-s-natural-disaster"
      },
      {
        "datetime": "2018-07-14T23:52:59Z",
        "uri": "https://web.archive.org/web/20180714235259/http://www.history.com:80/news/how-the-galveston-hurricane-of-1900-became-the-deadliest-u-s-natural-disaster"
      },
      {
        "datetime": "2018-08-30T01:09:52Z",
        "uri": "https://web.archive.org/web/20180830010952/https://www.history.com/news/how-the-galveston-hurricane-of-1900-became-the-deadliest-u-s-natural-disaster"
      },
      {
        "datetime": "2018-08-30T01:09:53Z",
        "uri": "https://web.archive.org/web/20180830010953/http://www.history.com/news/how-the-galveston-hurricane-of-1900-became-the-deadliest-u-s-natural-disaster"
      },
      {
        "datetime": "2018-11-24T12:43:00Z",
        "uri": "https://web.archive.org/web/20181124124300/https://www.history.com/news/how-the-galveston-hurricane-of-1900-became-the-deadliest-u-s-natural-disaster"
      },
      {
        "datetime": "2019-03-12T15:23:05Z",
        "uri": "https://webarchive.loc.gov/all/20190312152305/https://www.history.com/news/how-the-galveston-hurricane-of-1900-became-the-deadliest-u-s-natural-disaster"
      },
      {
        "datetime": "2019-04-08T13:12:24Z",
        "uri": "https://web.archive.org/web/20190408131224/https://www.history.com/news/how-the-galveston-hurricane-of-1900-became-the-deadliest-u-s-natural-disaster"
      },
      {
        "datetime": "2019-04-12T11:15:09Z",
        "uri": "https://web.archive.org/web/20190412111509/http://www.history.com/news/how-the-galveston-hurricane-of-1900-became-the-deadliest-u-s-natural-disaster"
      },
      {
        "datetime": "2019-04-12T11:15:14Z",
        "uri": "https://web.archive.org/web/20190412111514/https://www.history.com/news/how-the-galveston-hurricane-of-1900-became-the-deadliest-u-s-natural-disaster"
      },
      {
        "datetime": "2019-06-07T03:55:49Z",
        "uri": "https://web.archive.org/web/20190607035549/http://www.history.com:80/news/how-the-galveston-hurricane-of-1900-became-the-deadliest-u-s-natural-disaster"
      },
      {
        "datetime": "2019-06-08T09:52:36Z",
        "uri": "https://web.archive.org/web/20190608095236/http://www.history.com:80/news/how-the-galveston-hurricane-of-1900-became-the-deadliest-u-s-natural-disaster"
      },
      {
        "datetime": "2019-07-17T09:17:13Z",
        "uri": "https://web.archive.org/web/20190717091713/http://www.history.com:80/news/how-the-galveston-hurricane-of-1900-became-the-deadliest-u-s-natural-disaster"
      },
      {
        "datetime": "2019-07-25T16:16:03Z",
        "uri": "https://web.archive.org/web/20190725161603/https://www.history.com/news/how-the-galveston-hurricane-of-1900-became-the-deadliest-u-s-natural-disaster"
      },
      {
        "datetime": "2019-07-25T18:47:47Z",
        "uri": "https://web.archive.org/web/20190725184747/https://www.history.com/news/how-the-galveston-hurricane-of-1900-became-the-deadliest-u-s-natural-disaster"
      },
      {
        "datetime": "2019-07-26T21:54:57Z",
        "uri": "https://web.archive.org/web/20190726215457/https://www.history.com/news/how-the-galveston-hurricane-of-1900-became-the-deadliest-u-s-natural-disaster"
      },
      {
        "datetime": "2019-08-01T03:46:55Z",
        "uri": "https://web.archive.org/web/20190801034655/https://www.history.com/news/how-the-galveston-hurricane-of-1900-became-the-deadliest-u-s-natural-disaster"
      },
      {
        "datetime": "2019-08-09T02:07:59Z",
        "uri": "https://wayback.archive-it.org/all/20190809020759/https://www.history.com/news/how-the-galveston-hurricane-of-1900-became-the-deadliest-u-s-natural-disaster"
      },
      {
        "datetime": "2019-08-09T02:07:59Z",
        "uri": "https://web.archive.org/web/20190809020759/https://www.history.com/news/how-the-galveston-hurricane-of-1900-became-the-deadliest-u-s-natural-disaster"
      },
      {
        "datetime": "2019-08-09T12:35:43Z",
        "uri": "https://wayback.archive-it.org/all/20190809123543/https://www.history.com/news/how-the-galveston-hurricane-of-1900-became-the-deadliest-u-s-natural-disaster"
      },
      {
        "datetime": "2019-08-09T12:35:43Z",
        "uri": "https://web.archive.org/web/20190809123543/https://www.history.com/news/how-the-galveston-hurricane-of-1900-became-the-deadliest-u-s-natural-disaster"
      },
      {
        "datetime": "2019-08-17T09:18:20Z",
        "uri": "https://web.archive.org/web/20190817091820/http://www.history.com:80/news/how-the-galveston-hurricane-of-1900-became-the-deadliest-u-s-natural-disaster"
      },
      {
        "datetime": "2019-09-17T10:22:59Z",
        "uri": "https://web.archive.org/web/20190917102259/http://www.history.com:80/news/how-the-galveston-hurricane-of-1900-became-the-deadliest-u-s-natural-disaster"
      },
      {
        "datetime": "2019-09-23T08:52:32Z",
        "uri": "https://webarchive.loc.gov/all/20190923085232/https://www.history.com/news/how-the-galveston-hurricane-of-1900-became-the-deadliest-u-s-natural-disaster"
      },
      {
        "datetime": "2019-10-27T02:38:04Z",
        "uri": "https://webarchive.loc.gov/all/20191027023804/https://www.history.com/news/how-the-galveston-hurricane-of-1900-became-the-deadliest-u-s-natural-disaster"
      },
      {
        "datetime": "2019-11-06T18:05:25Z",
        "uri": "https://web.archive.org/web/20191106180525/https://www.history.com/news/how-the-galveston-hurricane-of-1900-became-the-deadliest-u-s-natural-disaster"
      },
      {
        "datetime": "2019-11-13T19:31:00Z",
        "uri": "https://web.archive.org/web/20191113193100/https://www.history.com/news/how-the-galveston-hurricane-of-1900-became-the-deadliest-u-s-natural-disaster"
      },
      {
        "datetime": "2020-03-25T11:44:44Z",
        "uri": "https://web.archive.org/web/20200325114444/http://www.history.com/news/how-the-galveston-hurricane-of-1900-became-the-deadliest-u-s-natural-disaster"
      },
      {
        "datetime": "2020-04-14T10:57:24Z",
        "uri": "https://web.archive.org/web/20200414105724/https://www.history.com/news/how-the-galveston-hurricane-of-1900-became-the-deadliest-u-s-natural-disaster"
      },
      {
        "datetime": "2020-06-13T02:30:53Z",
        "uri": "https://web.archive.org/web/20200613023053/https://www.history.com/news/how-the-galveston-hurricane-of-1900-became-the-deadliest-u-s-natural-disaster"
      },
      {
        "datetime": "2020-06-15T09:50:23Z",
        "uri": "https://web.archive.org/web/20200615095023/http://www.history.com/news/how-the-galveston-hurricane-of-1900-became-the-deadliest-u-s-natural-disaster"
      },
      {
        "datetime": "2020-07-24T11:04:27Z",
        "uri": "https://web.archive.org/web/20200724110427/https://www.history.com/news/how-the-galveston-hurricane-of-1900-became-the-deadliest-u-s-natural-disaster"
      },
      {
        "datetime": "2020-08-15T12:12:18Z",
        "uri": "https://web.archive.org/web/20200815121218/https://history.com/news/how-the-galveston-hurricane-of-1900-became-the-deadliest-u-s-natural-disaster"
      },
      {
        "datetime": "2020-08-22T00:07:35Z",
        "uri": "https://web.archive.org/web/20200822000735/https://www.history.com/news/how-the-galveston-hurricane-of-1900-became-the-deadliest-u-s-natural-disaster"
      },
      {
        "datetime": "2020-08-29T01:12:53Z",
        "uri": "https://web.archive.org/web/20200829011253/https://www.history.com/news/how-the-galveston-hurricane-of-1900-became-the-deadliest-u-s-natural-disaster"
      },
      {
        "datetime": "2020-09-28T16:12:41Z",
        "uri": "https://web.archive.org/web/20200928161241/https://www.history.com/news/how-the-galveston-hurricane-of-1900-became-the-deadliest-u-s-natural-disaster"
      },
      {
        "datetime": "2020-10-04T00:58:19Z",
        "uri": "https://web.archive.org/web/20201004005819/http://www.history.com/news/how-the-galveston-hurricane-of-1900-became-the-deadliest-u-s-natural-disaster"
      },
      {
        "datetime": "2020-10-08T05:35:23Z",
        "uri": "https://wayback.archive-it.org/all/20201008053523/https://www.history.com/news/how-the-galveston-hurricane-of-1900-became-the-deadliest-u-s-natural-disaster"
      },
      {
        "datetime": "2020-10-08T05:35:23Z",
        "uri": "https://web.archive.org/web/20201008053523/https://www.history.com/news/how-the-galveston-hurricane-of-1900-became-the-deadliest-u-s-natural-disaster"
      },
      {
        "datetime": "2020-10-08T17:46:53Z",
        "uri": "https://web.archive.org/web/20201008174653/https://www.history.com/news/how-the-galveston-hurricane-of-1900-became-the-deadliest-u-s-natural-disaster"
      },
      {
        "datetime": "2020-10-22T12:48:09Z",
        "uri": "https://web.archive.org/web/20201022124809/http://www.history.com/news/how-the-galveston-hurricane-of-1900-became-the-deadliest-u-s-natural-disaster"
      },
      {
        "datetime": "2020-11-01T07:34:09Z",
        "uri": "https://web.archive.org/web/20201101073409/https://www.history.com/news/how-the-galveston-hurricane-of-1900-became-the-deadliest-u-s-natural-disaster"
      },
      {
        "datetime": "2020-11-12T02:46:09Z",
        "uri": "https://web.archive.org/web/20201112024609/https://www.history.com/news/how-the-galveston-hurricane-of-1900-became-the-deadliest-u-s-natural-disaster"
      },
      {
        "datetime": "2020-11-23T10:10:50Z",
        "uri": "https://web.archive.org/web/20201123101050/https://www.history.com/news/how-the-galveston-hurricane-of-1900-became-the-deadliest-u-s-natural-disaster"
      },
      {
        "datetime": "2020-12-10T21:55:14Z",
        "uri": "https://web.archive.org/web/20201210215514/https://www.history.com/news/how-the-galveston-hurricane-of-1900-became-the-deadliest-u-s-natural-disaster"
      },
      {
        "datetime": "2021-01-23T18:04:36Z",
        "uri": "https://web.archive.org/web/20210123180436/http://www.history.com/news/how-the-galveston-hurricane-of-1900-became-the-deadliest-u-s-natural-disaster"
      },
      {
        "datetime": "2021-01-27T01:50:27Z",
        "uri": "https://web.archive.org/web/20210127015027/https://www.history.com/news/how-the-galveston-hurricane-of-1900-became-the-deadliest-u-s-natural-disaster"
      },
      {
        "datetime": "2021-03-14T19:14:57Z",
        "uri": "https://web.archive.org/web/20210314191457/http://www.history.com/news/how-the-galveston-hurricane-of-1900-became-the-deadliest-u-s-natural-disaster"
      },
      {
        "datetime": "2021-04-16T19:20:51Z",
        "uri": "https://web.archive.org/web/20210416192051/https://www.history.com/news/how-the-galveston-hurricane-of-1900-became-the-deadliest-u-s-natural-disaster"
      },
      {
        "datetime": "2021-04-18T01:05:59Z",
        "uri": "https://web.archive.org/web/20210418010559/https://www.history.com/news/how-the-galveston-hurricane-of-1900-became-the-deadliest-u-s-natural-disaster"
      },
      {
        "datetime": "2021-04-19T11:59:51Z",
        "uri": "https://web.archive.org/web/20210419115951/https://www.history.com/news/how-the-galveston-hurricane-of-1900-became-the-deadliest-u-s-natural-disaster"
      },
      {
        "datetime": "2021-04-20T23:15:00Z",
        "uri": "https://web.archive.org/web/20210420231500/https://www.history.com/news/how-the-galveston-hurricane-of-1900-became-the-deadliest-u-s-natural-disaster"
      },
      {
        "datetime": "2021-06-12T05:29:29Z",
        "uri": "https://web.archive.org/web/20210612052929/http://www.history.com/news/how-the-galveston-hurricane-of-1900-became-the-deadliest-u-s-natural-disaster"
      },
      {
        "datetime": "2021-06-18T12:49:47Z",
        "uri": "https://web.archive.org/web/20210618124947/https://www.history.com/news/how-the-galveston-hurricane-of-1900-became-the-deadliest-u-s-natural-disaster"
      },
      {
        "datetime": "2021-07-29T06:23:42Z",
        "uri": "https://web.archive.org/web/20210729062342/https://www.history.com/news/how-the-galveston-hurricane-of-1900-became-the-deadliest-u-s-natural-disaster"
      },
      {
        "datetime": "2021-08-14T12:33:07Z",
        "uri": "https://web.archive.org/web/20210814123307/https://www.history.com/news/how-the-galveston-hurricane-of-1900-became-the-deadliest-u-s-natural-disaster"
      },
      {
        "datetime": "2021-10-05T01:01:34Z",
        "uri": "https://web.archive.org/web/20211005010134/https://www.history.com/news/how-the-galveston-hurricane-of-1900-became-the-deadliest-u-s-natural-disaster"
      },
      {
        "datetime": "2021-10-08T21:18:51Z",
        "uri": "https://web.archive.org/web/20211008211851/https://www.history.com/news/how-the-galveston-hurricane-of-1900-became-the-deadliest-u-s-natural-disaster"
      },
      {
        "datetime": "2021-10-16T15:37:17Z",
        "uri": "https://web.archive.org/web/20211016153717/https://www.history.com/news/how-the-galveston-hurricane-of-1900-became-the-deadliest-u-s-natural-disaster"
      },
      {
        "datetime": "2021-10-17T06:51:04Z",
        "uri": "https://web.archive.org/web/20211017065104/http://www.history.com/news/how-the-galveston-hurricane-of-1900-became-the-deadliest-u-s-natural-disaster"
      },
      {
        "datetime": "2021-10-28T16:48:47Z",
        "uri": "https://web.archive.org/web/20211028164847/https://www.history.com/news/how-the-galveston-hurricane-of-1900-became-the-deadliest-u-s-natural-disaster"
      },
      {
        "datetime": "2021-11-01T10:18:22Z",
        "uri": "https://web.archive.org/web/20211101101822/https://www.history.com/news/how-the-galveston-hurricane-of-1900-became-the-deadliest-u-s-natural-disaster"
      },
      {
        "datetime": "2022-01-07T18:05:08Z",
        "uri": "https://web.archive.org/web/20220107180508/http://www.history.com/news/how-the-galveston-hurricane-of-1900-became-the-deadliest-u-s-natural-disaster"
      },
      {
        "datetime": "2022-01-20T02:31:25Z",
        "uri": "https://web.archive.org/web/20220120023125/https://www.history.com/news/how-the-galveston-hurricane-of-1900-became-the-deadliest-u-s-natural-disaster"
      },
      {
        "datetime": "2022-03-24T05:31:47Z",
        "uri": "https://web.archive.org/web/20220324053147/https://www.history.com/news/how-the-galveston-hurricane-of-1900-became-the-deadliest-u-s-natural-disaster"
      },
      {
        "datetime": "2022-03-31T16:37:40Z",
        "uri": "https://web.archive.org/web/20220331163740/https://www.history.com/news/how-the-galveston-hurricane-of-1900-became-the-deadliest-u-s-natural-disaster"
      },
      {
        "datetime": "2022-03-31T18:47:25Z",
        "uri": "https://web.archive.org/web/20220331184725/https://www.history.com/news/how-the-galveston-hurricane-of-1900-became-the-deadliest-u-s-natural-disaster"
      },
      {
        "datetime": "2022-04-06T16:07:30Z",
        "uri": "https://web.archive.org/web/20220406160730/https://www.history.com/news/how-the-galveston-hurricane-of-1900-became-the-deadliest-u-s-natural-disaster"
      },
      {
        "datetime": "2022-04-16T01:44:52Z",
        "uri": "https://web.archive.org/web/20220416014452/https://www.history.com/news/how-the-galveston-hurricane-of-1900-became-the-deadliest-u-s-natural-disaster"
      },
      {
        "datetime": "2022-04-21T02:36:51Z",
        "uri": "https://web.archive.org/web/20220421023651/https://www.history.com/news/how-the-galveston-hurricane-of-1900-became-the-deadliest-u-s-natural-disaster"
      },
      {
        "datetime": "2022-04-21T02:48:56Z",
        "uri": "https://web.archive.org/web/20220421024856/http://www.history.com/news/how-the-galveston-hurricane-of-1900-became-the-deadliest-u-s-natural-disaster"
      },
      {
        "datetime": "2022-05-17T04:29:44Z",
        "uri": "https://web.archive.org/web/20220517042944/https://www.history.com/news/how-the-galveston-hurricane-of-1900-became-the-deadliest-u-s-natural-disaster"
      },
      {
        "datetime": "2022-06-14T22:38:18Z",
        "uri": "https://web.archive.org/web/20220614223818/https://www.history.com/news/how-the-galveston-hurricane-of-1900-became-the-deadliest-u-s-natural-disaster"
      }
    ],
    "first": {
      "datetime": "2017-08-29T21:11:25Z",
      "uri": "https://web.archive.org/web/20170829211125/http://www.history.com/news/how-the-galveston-hurricane-of-1900-became-the-deadliest-u-s-natural-disaster"
    },
    "last": {
      "datetime": "2022-06-14T22:38:18Z",
      "uri": "https://web.archive.org/web/20220614223818/https://www.history.com/news/how-the-galveston-hurricane-of-1900-became-the-deadliest-u-s-natural-disaster"
    }
  },
  "timemap_uri": {
    "link_format": "http://localhost:1208/timemap/link/https://www.history.com/news/how-the-galveston-hurricane-of-1900-became-the-deadliest-u-s-natural-disaster",
    "json_format": "http://localhost:1208/timemap/json/https://www.history.com/news/how-the-galveston-hurricane-of-1900-became-the-deadliest-u-s-natural-disaster",
    "cdxj_format": "http://localhost:1208/timemap/cdxj/https://www.history.com/news/how-the-galveston-hurricane-of-1900-became-the-deadliest-u-s-natural-disaster"
  },
  "timegate_uri": "http://localhost:1208/timegate/https://www.history.com/news/how-the-galveston-hurricane-of-1900-became-the-deadliest-u-s-natural-disaster"
}
