{
  "original_uri": "https://www.projecthope.org/Lifesaving",
  "self": "http://localhost:1208/timemap/json/https://www.projecthope.org/Lifesaving",
  "mementos": {
    "list": [
      {
        "datetime": "2020-07-05T11:56:40Z",
        "uri": "https://web.archive.org/web/20200705115640/https://www.projecthope.org/Lifesaving"
      },
      {
        "datetime": "2020-11-02T23:25:55Z",
        "uri": "https://web.archive.org/web/20201102232555/https://www.projecthope.org/Lifesaving"
      },
      {
        "datetime": "2020-11-12T01:58:42Z",
        "uri": "https://web.archive.org/web/20201112015842/https://www.projecthope.org/Lifesaving"
      },
      {
        "datetime": "2021-09-03T20:26:21Z",
        "uri": "https://web.archive.org/web/20210903202621/https://projecthope.org/Lifesaving"
      },
      {
        "datetime": "2021-09-03T20:26:22Z",
        "uri": "https://web.archive.org/web/20210903202622/https://www.projecthope.org/Lifesaving"
      },
      {
        "datetime": "2022-06-04T17:38:51Z",
        "uri": "https://web.archive.org/web/20220604173851/https://www.projecthope.org/Lifesaving"
      }
    ],
    "first": {
      "datetime": "2020-07-05T11:56:40Z",
      "uri": "https://web.archive.org/web/20200705115640/https://www.projecthope.org/Lifesaving"
    },
    "last": {
      "datetime": "2022-06-04T17:38:51Z",
      "uri": "https://web.archive.org/web/20220604173851/https://www.projecthope.org/Lifesaving"
    }
  },
  "timemap_uri": {
    "link_format": "http://localhost:1208/timemap/link/https://www.projecthope.org/Lifesaving",
    "json_format": "http://localhost:1208/timemap/json/https://www.projecthope.org/Lifesaving",
    "cdxj_format": "http://localhost:1208/timemap/cdxj/https://www.projecthope.org/Lifesaving"
  },
  "timegate_uri": "http://localhost:1208/timegate/https://www.projecthope.org/Lifesaving"
}
