{
  "original_uri": "https://blastfmsocial.media/SGURadio",
  "self": "http://localhost:1208/timemap/json/https://blastfmsocial.media/SGURadio",
  "mementos": {
    "list": [
      {
        "datetime": "2019-03-30T04:38:09Z",
        "uri": "https://web.archive.org/web/20190330043809/https://blastfmsocial.media/SGURadio"
      },
      {
        "datetime": "2020-05-15T13:19:32Z",
        "uri": "https://web.archive.org/web/20200515131932/https://blastfmsocial.media/SGURadio"
      },
      {
        "datetime": "2020-08-13T18:57:55Z",
        "uri": "https://web.archive.org/web/20200813185755/https://blastfmsocial.media/SGURadio"
      },
      {
        "datetime": "2020-08-29T00:09:13Z",
        "uri": "https://web.archive.org/web/20200829000913/https://blastfmsocial.media/SGURadio"
      },
      {
        "datetime": "2020-09-26T14:42:51Z",
        "uri": "https://web.archive.org/web/20200926144251/https://blastfmsocial.media/SGURadio"
      },
      {
        "datetime": "2020-10-03T10:08:54Z",
        "uri": "https://web.archive.org/web/20201003100854/https://blastfmsocial.media/SGURadio"
      },
      {
        "datetime": "2020-10-03T10:11:11Z",
        "uri": "https://web.archive.org/web/20201003101111/https://blastfmsocial.media/SGURadio"
      },
      {
        "datetime": "2020-11-01T07:15:51Z",
        "uri": "https://web.archive.org/web/20201101071551/https://blastfmsocial.media/SGURadio"
      },
      {
        "datetime": "2020-11-01T07:15:51Z",
        "uri": "https://web.archive.org/web/20201101071551/http://blastfmsocial.media/SGURadio"
      },
      {
        "datetime": "2020-11-01T07:18:06Z",
        "uri": "https://web.archive.org/web/20201101071806/https://blastfmsocial.media/SGURadio"
      },
      {
        "datetime": "2020-11-25T13:31:19Z",
        "uri": "https://web.archive.org/web/20201125133119/https://blastfmsocial.media/SGUradio"
      },
      {
        "datetime": "2020-12-02T12:16:10Z",
        "uri": "https://web.archive.org/web/20201202121610/https://blastfmsocial.media/SGURadio"
      },
      {
        "datetime": "2021-04-17T14:13:01Z",
        "uri": "https://web.archive.org/web/20210417141301/https://blastfmsocial.media/SGURadio"
      },
      {
        "datetime": "2021-04-17T14:17:57Z",
        "uri": "https://web.archive.org/web/20210417141757/https://blastfmsocial.media/SGUradio"
      },
      {
        "datetime": "2021-07-31T15:15:50Z",
        "uri": "https://web.archive.org/web/20210731151550/https://blastfmsocial.media/SGURadio"
      },
      {
        "datetime": "2021-10-17T09:21:56Z",
        "uri": "https://web.archive.org/web/20211017092156/https://blastfmsocial.media/SGURadio"
      },
      {
        "datetime": "2021-12-22T22:10:47Z",
        "uri": "https://web.archive.org/web/20211222221047/https://blastfmsocial.media/SGURadio"
      },
      {
        "datetime": "2022-01-24T13:35:54Z",
        "uri": "https://web.archive.org/web/20220124133554/https://blastfmsocial.media/SGURadio"
      },
      {
        "datetime": "2022-09-21T05:55:38Z",
        "uri": "https://web.archive.org/web/20220921055538/https://blastfmsocial.media/SGURadio"
      },
      {
        "datetime": "2022-09-21T06:29:33Z",
        "uri": "https://web.archive.org/web/20220921062933/https://blastfmsocial.media/SGURadio"
      },
      {
        "datetime": "2022-09-21T07:43:52Z",
        "uri": "https://web.archive.org/web/20220921074352/https://blastfmsocial.media/SGURadio"
      },
      {
        "datetime": "2022-09-21T08:02:21Z",
        "uri": "https://web.archive.org/web/20220921080221/https://blastfmsocial.media/SGURadio"
      }
    ],
    "first": {
      "datetime": "2019-03-30T04:38:09Z",
      "uri": "https://web.archive.org/web/20190330043809/https://blastfmsocial.media/SGURadio"
    },
    "last": {
      "datetime": "2022-09-21T08:02:21Z",
      "uri": "https://web.archive.org/web/20220921080221/https://blastfmsocial.media/SGURadio"
    }
  },
  "timemap_uri": {
    "link_format": "http://localhost:1208/timemap/link/https://blastfmsocial.media/SGURadio",
    "json_format": "http://localhost:1208/timemap/json/https://blastfmsocial.media/SGURadio",
    "cdxj_format": "http://localhost:1208/timemap/cdxj/https://blastfmsocial.media/SGURadio"
  },
  "timegate_uri": "http://localhost:1208/timegate/https://blastfmsocial.media/SGURadio"
}
