{
  "original_uri": "https://nypost.com/2022/09/29/florida-mans-1m-supercar-swept-away-by-hurricane-ian/",
  "self": "http://localhost:1208/timemap/json/https://nypost.com/2022/09/29/florida-mans-1m-supercar-swept-away-by-hurricane-ian/",
  "mementos": {
    "list": [
      {
        "datetime": "2022-09-29T18:27:21Z",
        "uri": "http://archive.md/20220929182721/https://nypost.com/2022/09/29/florida-mans-1m-supercar-swept-away-by-hurricane-ian/"
      },
      {
        "datetime": "2022-10-01T07:45:38Z",
        "uri": "https://web.archive.org/web/20221001074538/https://nypost.com/2022/09/29/florida-mans-1m-supercar-swept-away-by-hurricane-ian/"
      }
    ],
    "first": {
      "datetime": "2022-09-29T18:27:21Z",
      "uri": "http://archive.md/20220929182721/https://nypost.com/2022/09/29/florida-mans-1m-supercar-swept-away-by-hurricane-ian/"
    },
    "last": {
      "datetime": "2022-10-01T07:45:38Z",
      "uri": "https://web.archive.org/web/20221001074538/https://nypost.com/2022/09/29/florida-mans-1m-supercar-swept-away-by-hurricane-ian/"
    }
  },
  "timemap_uri": {
    "link_format": "http://localhost:1208/timemap/link/https://nypost.com/2022/09/29/florida-mans-1m-supercar-swept-away-by-hurricane-ian/",
    "json_format": "http://localhost:1208/timemap/json/https://nypost.com/2022/09/29/florida-mans-1m-supercar-swept-away-by-hurricane-ian/",
    "cdxj_format": "http://localhost:1208/timemap/cdxj/https://nypost.com/2022/09/29/florida-mans-1m-supercar-swept-away-by-hurricane-ian/"
  },
  "timegate_uri": "http://localhost:1208/timegate/https://nypost.com/2022/09/29/florida-mans-1m-supercar-swept-away-by-hurricane-ian/"
}
