{
  "original_uri": "https://www.original-political-cartoon.com/",
  "self": "http://localhost:1208/timemap/json/https://www.original-political-cartoon.com/",
  "mementos": {
    "list": [
      {
        "datetime": "2012-09-02T23:56:04Z",
        "uri": "https://web.archive.org/web/20120902235604/http://www.original-political-cartoon.com:80/"
      },
      {
        "datetime": "2012-11-03T05:41:32Z",
        "uri": "https://web.archive.org/web/20121103054132/http://www.original-political-cartoon.com/"
      },
      {
        "datetime": "2013-01-13T01:52:11Z",
        "uri": "https://web.archive.org/web/20130113015211/http://www.original-political-cartoon.com/"
      },
      {
        "datetime": "2013-04-15T20:04:40Z",
        "uri": "https://web.archive.org/web/20130415200440/http://www.original-political-cartoon.com/"
      },
      {
        "datetime": "2013-05-02T03:48:44Z",
        "uri": "https://www.webarchive.org.uk/wayback/archive/20130502034844mp_/http://www.original-political-cartoon.com/"
      },
      {
        "datetime": "2013-06-15T00:00:03Z",
        "uri": "https://web.archive.org/web/20130615000003/http://original-political-cartoon.com/"
      },
      {
        "datetime": "2013-07-07T02:08:25Z",
        "uri": "https://web.archive.org/web/20130707020825/http://www.original-political-cartoon.com:80/"
      },
      {
        "datetime": "2013-08-11T23:15:52Z",
        "uri": "https://web.archive.org/web/20130811231552/http://www.original-political-cartoon.com/"
      },
      {
        "datetime": "2013-09-22T13:04:43Z",
        "uri": "https://web.archive.org/web/20130922130443/http://www.original-political-cartoon.com/"
      },
      {
        "datetime": "2013-10-14T11:59:52Z",
        "uri": "http://archive.md/20131014115952/http://www.original-political-cartoon.com/"
      },
      {
        "datetime": "2013-12-13T23:02:01Z",
        "uri": "https://www.webarchive.org.uk/wayback/archive/20131213230201mp_/http://www.original-political-cartoon.com/"
      },
      {
        "datetime": "2014-01-05T05:18:42Z",
        "uri": "https://web.archive.org/web/20140105051842/http://original-political-cartoon.com/"
      },
      {
        "datetime": "2014-02-01T13:57:34Z",
        "uri": "https://web.archive.org/web/20140201135734/http://www.original-political-cartoon.com/"
      },
      {
        "datetime": "2014-02-11T11:46:55Z",
        "uri": "https://web.archive.org/web/20140211114655/http://www.original-political-cartoon.com/"
      },
      {
        "datetime": "2014-02-18T23:07:31Z",
        "uri": "https://www.webarchive.org.uk/wayback/archive/20140218230731mp_/http://www.original-political-cartoon.com/"
      },
      {
        "datetime": "2014-07-20T00:18:26Z",
        "uri": "https://wayback.archive-it.org/all/20140720001826/http://www.original-political-cartoon.com/"
      },
      {
        "datetime": "2014-07-20T00:18:26Z",
        "uri": "https://web.archive.org/web/20140720001826/http://www.original-political-cartoon.com/"
      },
      {
        "datetime": "2014-08-15T01:09:25Z",
        "uri": "https://web.archive.org/web/20140815010925/http://www.original-political-cartoon.com/"
      },
      {
        "datetime": "2014-10-08T01:40:29Z",
        "uri": "https://www.webarchive.org.uk/wayback/archive/20141008014029mp_/http://www.original-political-cartoon.com/"
      },
      {
        "datetime": "2014-10-25T02:06:49Z",
        "uri": "https://wayback.archive-it.org/all/20141025020649/http://www.original-political-cartoon.com/"
      },
      {
        "datetime": "2014-10-25T02:06:49Z",
        "uri": "https://web.archive.org/web/20141025020649/http://www.original-political-cartoon.com/"
      },
      {
        "datetime": "2014-10-28T22:01:43Z",
        "uri": "https://web.archive.org/web/20141028220143/http://www.original-political-cartoon.com:80/"
      },
      {
        "datetime": "2014-12-13T03:25:45Z",
        "uri": "https://www.webarchive.org.uk/wayback/archive/20141213032545mp_/http://www.original-political-cartoon.com/"
      },
      {
        "datetime": "2014-12-17T23:19:37Z",
        "uri": "https://web.archive.org/web/20141217231937/http://original-political-cartoon.com/"
      },
      {
        "datetime": "2014-12-21T06:00:02Z",
        "uri": "https://web.archive.org/web/20141221060002/http://www.original-political-cartoon.com/"
      },
      {
        "datetime": "2014-12-24T17:26:10Z",
        "uri": "https://web.archive.org/web/20141224172610/http://www.original-political-cartoon.com/"
      },
      {
        "datetime": "2014-12-28T04:52:41Z",
        "uri": "https://web.archive.org/web/20141228045241/http://www.original-political-cartoon.com:80/"
      },
      {
        "datetime": "2015-02-24T01:23:49Z",
        "uri": "https://web.archive.org/web/20150224012349/http://www.original-political-cartoon.com:80/"
      },
      {
        "datetime": "2015-03-09T19:18:56Z",
        "uri": "https://www.webarchive.org.uk/wayback/archive/20150309191856mp_/http://www.original-political-cartoon.com/"
      },
      {
        "datetime": "2015-05-11T15:04:28Z",
        "uri": "https://web.archive.org/web/20150511150428/http://www.original-political-cartoon.com:80/"
      },
      {
        "datetime": "2015-05-21T11:09:49Z",
        "uri": "https://web.archive.org/web/20150521110949/http://www.original-political-cartoon.com/"
      },
      {
        "datetime": "2015-07-21T09:40:53Z",
        "uri": "https://web.archive.org/web/20150721094053/http://www.original-political-cartoon.com/"
      },
      {
        "datetime": "2015-10-16T12:55:50Z",
        "uri": "https://web.archive.org/web/20151016125550/http://www.original-political-cartoon.com:80/"
      },
      {
        "datetime": "2015-10-27T15:46:24Z",
        "uri": "https://web.archive.org/web/20151027154624/http://www.original-political-cartoon.com/"
      },
      {
        "datetime": "2015-11-06T04:40:26Z",
        "uri": "https://www.webarchive.org.uk/wayback/archive/20151106044026mp_/http://www.original-political-cartoon.com/"
      },
      {
        "datetime": "2015-11-16T06:28:32Z",
        "uri": "https://web.archive.org/web/20151116062832/http://www.original-political-cartoon.com:80/"
      },
      {
        "datetime": "2015-12-29T22:46:42Z",
        "uri": "https://web.archive.org/web/20151229224642/http://www.original-political-cartoon.com:80/"
      },
      {
        "datetime": "2016-01-11T11:26:46Z",
        "uri": "https://web.archive.org/web/20160111112646/http://www.original-political-cartoon.com/"
      },
      {
        "datetime": "2016-01-11T18:52:45Z",
        "uri": "https://web.archive.org/web/20160111185245/http://original-political-cartoon.com/"
      },
      {
        "datetime": "2016-02-11T01:25:18Z",
        "uri": "https://web.archive.org/web/20160211012518/http://www.original-political-cartoon.com/"
      },
      {
        "datetime": "2016-03-03T05:01:06Z",
        "uri": "https://web.archive.org/web/20160303050106/http://www.original-political-cartoon.com:80/"
      },
      {
        "datetime": "2016-03-06T13:23:31Z",
        "uri": "https://web.archive.org/web/20160306132331/http://original-political-cartoon.com/"
      },
      {
        "datetime": "2016-03-23T14:45:31Z",
        "uri": "https://web.archive.org/web/20160323144531/http://www.original-political-cartoon.com/"
      },
      {
        "datetime": "2016-03-24T18:37:49Z",
        "uri": "https://web.archive.org/web/20160324183749/http://www.original-political-cartoon.com/"
      },
      {
        "datetime": "2016-04-05T20:25:19Z",
        "uri": "https://web.archive.org/web/20160405202519/http://www.original-political-cartoon.com:80/"
      },
      {
        "datetime": "2016-04-13T17:23:07Z",
        "uri": "https://web.archive.org/web/20160413172307/http://www.original-political-cartoon.com/"
      },
      {
        "datetime": "2016-05-07T02:57:26Z",
        "uri": "https://web.archive.org/web/20160507025726/http://www.original-political-cartoon.com:80/"
      },
      {
        "datetime": "2016-06-08T08:19:22Z",
        "uri": "https://web.archive.org/web/20160608081922/http://www.original-political-cartoon.com:80/"
      },
      {
        "datetime": "2016-06-23T22:12:15Z",
        "uri": "https://web.archive.org/web/20160623221215/http://www.original-political-cartoon.com/"
      },
      {
        "datetime": "2016-07-09T10:19:32Z",
        "uri": "https://web.archive.org/web/20160709101932/http://www.original-political-cartoon.com:80/"
      },
      {
        "datetime": "2016-07-30T02:41:48Z",
        "uri": "https://web.archive.org/web/20160730024148/http://www.original-political-cartoon.com/"
      },
      {
        "datetime": "2016-08-09T18:41:05Z",
        "uri": "https://web.archive.org/web/20160809184105/http://www.original-political-cartoon.com:80/"
      },
      {
        "datetime": "2016-08-26T21:04:42Z",
        "uri": "https://web.archive.org/web/20160826210442/http://www.original-political-cartoon.com/"
      },
      {
        "datetime": "2016-09-11T22:38:04Z",
        "uri": "https://web.archive.org/web/20160911223804/http://www.original-political-cartoon.com:80/"
      },
      {
        "datetime": "2016-10-03T11:51:13Z",
        "uri": "https://web.archive.org/web/20161003115113/http://original-political-cartoon.com/"
      },
      {
        "datetime": "2016-10-13T11:25:33Z",
        "uri": "https://web.archive.org/web/20161013112533/http://www.original-political-cartoon.com:80/"
      },
      {
        "datetime": "2016-10-15T21:30:58Z",
        "uri": "https://web.archive.org/web/20161015213058/http://www.original-political-cartoon.com/"
      },
      {
        "datetime": "2016-11-15T22:10:45Z",
        "uri": "https://web.archive.org/web/20161115221045/http://www.original-political-cartoon.com:80/"
      },
      {
        "datetime": "2016-11-25T04:27:13Z",
        "uri": "https://web.archive.org/web/20161125042713/http://www.original-political-cartoon.com:80/"
      },
      {
        "datetime": "2016-11-27T09:21:32Z",
        "uri": "https://web.archive.org/web/20161127092132/http://www.original-political-cartoon.com/"
      },
      {
        "datetime": "2016-12-02T12:40:54Z",
        "uri": "https://web.archive.org/web/20161202124054/http://www.original-political-cartoon.com/"
      },
      {
        "datetime": "2017-04-19T03:44:24Z",
        "uri": "https://web.archive.org/web/20170419034424/http://original-political-cartoon.com/"
      },
      {
        "datetime": "2017-06-06T14:46:40Z",
        "uri": "https://web.archive.org/web/20170606144640/http://www.original-political-cartoon.com/"
      },
      {
        "datetime": "2017-06-07T09:37:27Z",
        "uri": "https://web.archive.org/web/20170607093727/http://www.original-political-cartoon.com:80/"
      },
      {
        "datetime": "2017-06-10T14:21:03Z",
        "uri": "https://www.webarchive.org.uk/wayback/archive/20170610142103mp_/http://www.original-political-cartoon.com/"
      },
      {
        "datetime": "2017-06-14T20:04:27Z",
        "uri": "https://web.archive.org/web/20170614200427/http://www.original-political-cartoon.com/"
      },
      {
        "datetime": "2017-06-27T06:16:42Z",
        "uri": "https://web.archive.org/web/20170627061642/http://www.original-political-cartoon.com/"
      },
      {
        "datetime": "2017-07-19T02:33:50Z",
        "uri": "https://web.archive.org/web/20170719023350/http://www.original-political-cartoon.com:80/"
      },
      {
        "datetime": "2017-07-26T22:53:31Z",
        "uri": "https://web.archive.org/web/20170726225331/http://www.original-political-cartoon.com/"
      },
      {
        "datetime": "2017-07-26T22:53:32Z",
        "uri": "https://web.archive.org/web/20170726225332/http://www.original-political-cartoon.com/"
      },
      {
        "datetime": "2017-07-26T22:53:34Z",
        "uri": "https://web.archive.org/web/20170726225334/http://www.original-political-cartoon.com/"
      },
      {
        "datetime": "2017-08-03T06:36:15Z",
        "uri": "https://web.archive.org/web/20170803063615/http://www.original-political-cartoon.com:80/"
      },
      {
        "datetime": "2017-08-03T17:56:24Z",
        "uri": "https://web.archive.org/web/20170803175624/http://www.original-political-cartoon.com/"
      },
      {
        "datetime": "2017-08-03T17:56:53Z",
        "uri": "https://web.archive.org/web/20170803175653/http://www.original-political-cartoon.com/"
      },
      {
        "datetime": "2017-08-06T03:56:44Z",
        "uri": "https://web.archive.org/web/20170806035644/http://www.original-political-cartoon.com/"
      },
      {
        "datetime": "2017-08-07T18:49:11Z",
        "uri": "https://web.archive.org/web/20170807184911/http://www.original-political-cartoon.com/"
      },
      {
        "datetime": "2017-08-12T15:31:40Z",
        "uri": "https://web.archive.org/web/20170812153140/http://www.original-political-cartoon.com/"
      },
      {
        "datetime": "2017-08-18T17:30:54Z",
        "uri": "https://web.archive.org/web/20170818173054/http://www.original-political-cartoon.com/"
      },
      {
        "datetime": "2017-08-18T17:31:21Z",
        "uri": "https://web.archive.org/web/20170818173121/http://www.original-political-cartoon.com/"
      },
      {
        "datetime": "2017-08-23T01:45:32Z",
        "uri": "https://web.archive.org/web/20170823014532/http://www.original-political-cartoon.com/"
      },
      {
        "datetime": "2017-08-24T05:15:10Z",
        "uri": "https://web.archive.org/web/20170824051510/http://www.original-political-cartoon.com/"
      },
      {
        "datetime": "2017-08-24T05:15:10Z",
        "uri": "https://web.archive.org/web/20170824051510/http://www.original-political-cartoon.com/"
      },
      {
        "datetime": "2017-08-25T11:51:47Z",
        "uri": "https://web.archive.org/web/20170825115147/http://original-political-cartoon.com:80/"
      },
      {
        "datetime": "2017-08-29T20:38:33Z",
        "uri": "https://web.archive.org/web/20170829203833/http://www.original-political-cartoon.com/"
      },
      {
        "datetime": "2017-09-01T10:55:22Z",
        "uri": "https://web.archive.org/web/20170901105522/http://www.original-political-cartoon.com/"
      },
      {
        "datetime": "2017-09-01T12:18:43Z",
        "uri": "https://web.archive.org/web/20170901121843/http://www.original-political-cartoon.com/"
      },
      {
        "datetime": "2017-09-03T12:04:31Z",
        "uri": "https://web.archive.org/web/20170903120431/http://www.original-political-cartoon.com:80/"
      },
      {
        "datetime": "2017-09-04T05:00:49Z",
        "uri": "https://web.archive.org/web/20170904050049/http://www.original-political-cartoon.com/"
      },
      {
        "datetime": "2017-09-09T21:30:53Z",
        "uri": "https://web.archive.org/web/20170909213053/http://www.original-political-cartoon.com/"
      },
      {
        "datetime": "2017-09-10T00:43:03Z",
        "uri": "https://web.archive.org/web/20170910004303/http://www.original-political-cartoon.com/"
      },
      {
        "datetime": "2017-09-11T13:43:32Z",
        "uri": "https://web.archive.org/web/20170911134332/http://original-political-cartoon.com/"
      },
      {
        "datetime": "2017-09-19T07:25:42Z",
        "uri": "https://web.archive.org/web/20170919072542/http://www.original-political-cartoon.com/"
      },
      {
        "datetime": "2017-09-19T07:25:43Z",
        "uri": "https://web.archive.org/web/20170919072543/http://www.original-political-cartoon.com/"
      },
      {
        "datetime": "2017-09-27T00:33:47Z",
        "uri": "https://web.archive.org/web/20170927003347/http://www.original-political-cartoon.com/"
      },
      {
        "datetime": "2017-10-01T14:49:50Z",
        "uri": "https://web.archive.org/web/20171001144950/http://www.original-political-cartoon.com/"
      },
      {
        "datetime": "2017-10-01T16:07:22Z",
        "uri": "https://web.archive.org/web/20171001160722/http://www.original-political-cartoon.com/"
      },
      {
        "datetime": "2017-10-01T16:07:34Z",
        "uri": "https://web.archive.org/web/20171001160734/http://www.original-political-cartoon.com/"
      },
      {
        "datetime": "2017-10-04T21:23:24Z",
        "uri": "https://web.archive.org/web/20171004212324/http://www.original-political-cartoon.com:80/"
      },
      {
        "datetime": "2017-10-06T04:22:33Z",
        "uri": "https://web.archive.org/web/20171006042233/http://www.original-political-cartoon.com/"
      },
      {
        "datetime": "2017-10-14T20:28:09Z",
        "uri": "https://web.archive.org/web/20171014202809/http://www.original-political-cartoon.com/"
      },
      {
        "datetime": "2017-10-16T16:38:33Z",
        "uri": "https://web.archive.org/web/20171016163833/http://www.original-political-cartoon.com/"
      },
      {
        "datetime": "2017-11-05T04:54:15Z",
        "uri": "https://web.archive.org/web/20171105045415/http://www.original-political-cartoon.com/"
      },
      {
        "datetime": "2017-11-05T05:16:52Z",
        "uri": "https://web.archive.org/web/20171105051652/http://www.original-political-cartoon.com/"
      },
      {
        "datetime": "2017-11-08T17:00:05Z",
        "uri": "https://web.archive.org/web/20171108170005/http://www.original-political-cartoon.com/"
      },
      {
        "datetime": "2017-11-09T01:25:50Z",
        "uri": "https://web.archive.org/web/20171109012550/http://www.original-political-cartoon.com:80/"
      },
      {
        "datetime": "2017-11-19T03:04:39Z",
        "uri": "https://web.archive.org/web/20171119030439/http://www.original-political-cartoon.com/"
      },
      {
        "datetime": "2017-12-03T05:57:35Z",
        "uri": "https://web.archive.org/web/20171203055735/http://www.original-political-cartoon.com/"
      },
      {
        "datetime": "2017-12-25T06:22:07Z",
        "uri": "https://web.archive.org/web/20171225062207/http://www.original-political-cartoon.com/"
      },
      {
        "datetime": "2018-01-01T07:56:01Z",
        "uri": "https://web.archive.org/web/20180101075601/http://www.original-political-cartoon.com/"
      },
      {
        "datetime": "2018-01-01T11:02:47Z",
        "uri": "https://web.archive.org/web/20180101110247/http://www.original-political-cartoon.com:80/"
      },
      {
        "datetime": "2018-01-29T17:08:52Z",
        "uri": "https://web.archive.org/web/20180129170852/http://www.original-political-cartoon.com/"
      },
      {
        "datetime": "2018-02-01T16:42:14Z",
        "uri": "https://web.archive.org/web/20180201164214/http://www.original-political-cartoon.com:80/"
      },
      {
        "datetime": "2018-02-03T11:22:35Z",
        "uri": "https://web.archive.org/web/20180203112235/http://www.original-political-cartoon.com/"
      },
      {
        "datetime": "2018-02-09T21:15:35Z",
        "uri": "https://web.archive.org/web/20180209211535/http://www.original-political-cartoon.com/"
      },
      {
        "datetime": "2018-02-13T02:01:04Z",
        "uri": "https://web.archive.org/web/20180213020104/http://www.original-political-cartoon.com/"
      },
      {
        "datetime": "2018-03-05T14:03:59Z",
        "uri": "https://web.archive.org/web/20180305140359/http://www.original-political-cartoon.com/"
      },
      {
        "datetime": "2018-03-10T16:44:40Z",
        "uri": "https://web.archive.org/web/20180310164440/http://www.original-political-cartoon.com/"
      },
      {
        "datetime": "2018-03-12T12:18:19Z",
        "uri": "https://web.archive.org/web/20180312121819/http://www.original-political-cartoon.com/"
      },
      {
        "datetime": "2018-03-18T09:18:07Z",
        "uri": "https://web.archive.org/web/20180318091807/http://original-political-cartoon.com/"
      },
      {
        "datetime": "2018-03-19T12:56:28Z",
        "uri": "https://web.archive.org/web/20180319125628/http://www.original-political-cartoon.com/"
      },
      {
        "datetime": "2018-03-19T16:46:49Z",
        "uri": "https://web.archive.org/web/20180319164649/http://www.original-political-cartoon.com/"
      },
      {
        "datetime": "2018-03-21T16:11:27Z",
        "uri": "https://web.archive.org/web/20180321161127/http://www.original-political-cartoon.com:80/"
      },
      {
        "datetime": "2018-03-25T20:07:54Z",
        "uri": "https://web.archive.org/web/20180325200754/http://www.original-political-cartoon.com/"
      },
      {
        "datetime": "2018-03-26T20:38:16Z",
        "uri": "https://web.archive.org/web/20180326203816/http://www.original-political-cartoon.com/"
      },
      {
        "datetime": "2018-04-02T20:06:43Z",
        "uri": "https://web.archive.org/web/20180402200643/http://www.original-political-cartoon.com/"
      },
      {
        "datetime": "2018-04-09T19:47:14Z",
        "uri": "https://web.archive.org/web/20180409194714/http://www.original-political-cartoon.com/"
      },
      {
        "datetime": "2018-04-16T20:15:20Z",
        "uri": "https://web.archive.org/web/20180416201520/http://www.original-political-cartoon.com/"
      },
      {
        "datetime": "2018-04-21T03:09:24Z",
        "uri": "https://web.archive.org/web/20180421030924/http://www.original-political-cartoon.com/"
      },
      {
        "datetime": "2018-04-21T16:29:17Z",
        "uri": "https://web.archive.org/web/20180421162917/http://www.original-political-cartoon.com/"
      },
      {
        "datetime": "2018-04-23T21:34:19Z",
        "uri": "https://web.archive.org/web/20180423213419/http://www.original-political-cartoon.com/"
      },
      {
        "datetime": "2018-04-23T22:59:17Z",
        "uri": "https://web.archive.org/web/20180423225917/http://www.original-political-cartoon.com:80/"
      },
      {
        "datetime": "2018-04-30T17:15:45Z",
        "uri": "https://web.archive.org/web/20180430171545/http://www.original-political-cartoon.com/"
      },
      {
        "datetime": "2018-04-30T23:01:26Z",
        "uri": "https://web.archive.org/web/20180430230126/http://www.original-political-cartoon.com/"
      },
      {
        "datetime": "2018-05-01T20:29:05Z",
        "uri": "https://web.archive.org/web/20180501202905/http://www.original-political-cartoon.com/"
      },
      {
        "datetime": "2018-05-02T12:33:48Z",
        "uri": "https://web.archive.org/web/20180502123348/http://www.original-political-cartoon.com/"
      },
      {
        "datetime": "2018-05-06T01:26:03Z",
        "uri": "https://web.archive.org/web/20180506012603/http://www.original-political-cartoon.com/"
      },
      {
        "datetime": "2018-05-07T18:22:19Z",
        "uri": "https://web.archive.org/web/20180507182219/http://www.original-political-cartoon.com/"
      },
      {
        "datetime": "2018-05-14T07:20:37Z",
        "uri": "https://web.archive.org/web/20180514072037/http://www.original-political-cartoon.com/"
      },
      {
        "datetime": "2018-05-15T01:45:28Z",
        "uri": "https://web.archive.org/web/20180515014528/http://www.original-political-cartoon.com/"
      },
      {
        "datetime": "2018-05-19T10:26:39Z",
        "uri": "https://web.archive.org/web/20180519102639/http://www.original-political-cartoon.com/"
      },
      {
        "datetime": "2018-05-22T11:18:16Z",
        "uri": "https://web.archive.org/web/20180522111816/http://www.original-political-cartoon.com/"
      },
      {
        "datetime": "2018-05-29T03:52:41Z",
        "uri": "https://web.archive.org/web/20180529035241/http://www.original-political-cartoon.com/"
      },
      {
        "datetime": "2018-05-31T12:49:15Z",
        "uri": "https://web.archive.org/web/20180531124915/http://www.original-political-cartoon.com:80/"
      },
      {
        "datetime": "2018-06-02T07:07:53Z",
        "uri": "https://web.archive.org/web/20180602070753/http://www.original-political-cartoon.com:80/"
      },
      {
        "datetime": "2018-06-04T22:15:25Z",
        "uri": "https://web.archive.org/web/20180604221525/http://www.original-political-cartoon.com/"
      },
      {
        "datetime": "2018-06-07T23:15:03Z",
        "uri": "https://wayback.archive-it.org/all/20180607231503/http://original-political-cartoon.com/"
      },
      {
        "datetime": "2018-06-07T23:15:03Z",
        "uri": "https://web.archive.org/web/20180607231503/http://original-political-cartoon.com/"
      },
      {
        "datetime": "2018-06-11T15:00:14Z",
        "uri": "https://web.archive.org/web/20180611150014/http://www.original-political-cartoon.com/"
      },
      {
        "datetime": "2018-06-12T11:40:12Z",
        "uri": "https://web.archive.org/web/20180612114012/http://www.original-political-cartoon.com/"
      },
      {
        "datetime": "2018-06-12T11:40:38Z",
        "uri": "https://web.archive.org/web/20180612114038/http://www.original-political-cartoon.com/"
      },
      {
        "datetime": "2018-06-14T06:44:30Z",
        "uri": "https://web.archive.org/web/20180614064430/http://original-political-cartoon.com:80/"
      },
      {
        "datetime": "2018-06-14T19:16:21Z",
        "uri": "https://web.archive.org/web/20180614191621/http://original-political-cartoon.com"
      },
      {
        "datetime": "2018-06-15T07:21:05Z",
        "uri": "https://web.archive.org/web/20180615072105/http://original-political-cartoon.com:80/"
      },
      {
        "datetime": "2018-06-15T11:46:15Z",
        "uri": "https://web.archive.org/web/20180615114615/http://www.original-political-cartoon.com/"
      },
      {
        "datetime": "2018-06-15T11:46:18Z",
        "uri": "https://web.archive.org/web/20180615114618/http://www.original-political-cartoon.com/"
      },
      {
        "datetime": "2018-06-18T17:09:33Z",
        "uri": "https://web.archive.org/web/20180618170933/http://www.original-political-cartoon.com/"
      },
      {
        "datetime": "2018-06-20T12:48:49Z",
        "uri": "https://web.archive.org/web/20180620124849/http://www.original-political-cartoon.com/"
      },
      {
        "datetime": "2018-06-24T22:00:44Z",
        "uri": "https://web.archive.org/web/20180624220044/http://www.original-political-cartoon.com"
      },
      {
        "datetime": "2018-06-25T17:07:13Z",
        "uri": "https://web.archive.org/web/20180625170713/http://www.original-political-cartoon.com/"
      },
      {
        "datetime": "2018-06-28T13:05:36Z",
        "uri": "https://wayback.archive-it.org/all/20180628130536/http://www.original-political-cartoon.com/"
      },
      {
        "datetime": "2018-06-28T13:05:36Z",
        "uri": "https://web.archive.org/web/20180628130536/http://www.original-political-cartoon.com/"
      },
      {
        "datetime": "2018-06-28T13:08:35Z",
        "uri": "https://wayback.archive-it.org/all/20180628130835/http://original-political-cartoon.com/"
      },
      {
        "datetime": "2018-06-28T13:08:35Z",
        "uri": "https://web.archive.org/web/20180628130835/http://original-political-cartoon.com/"
      },
      {
        "datetime": "2018-06-30T16:16:22Z",
        "uri": "https://web.archive.org/web/20180630161622/http://www.original-political-cartoon.com/"
      },
      {
        "datetime": "2018-07-02T19:16:47Z",
        "uri": "https://web.archive.org/web/20180702191647/http://www.original-political-cartoon.com/"
      },
      {
        "datetime": "2018-07-03T08:16:30Z",
        "uri": "https://web.archive.org/web/20180703081630/http://www.original-political-cartoon.com/"
      },
      {
        "datetime": "2018-07-03T08:16:30Z",
        "uri": "https://web.archive.org/web/20180703081630/http://www.original-political-cartoon.com/"
      },
      {
        "datetime": "2018-07-03T08:16:30Z",
        "uri": "https://web.archive.org/web/20180703081630/http://www.original-political-cartoon.com/"
      },
      {
        "datetime": "2018-07-03T08:18:30Z",
        "uri": "https://web.archive.org/web/20180703081830/http://www.original-political-cartoon.com/"
      },
      {
        "datetime": "2018-07-03T08:18:31Z",
        "uri": "https://web.archive.org/web/20180703081831/http://www.original-political-cartoon.com/"
      },
      {
        "datetime": "2018-07-03T08:18:31Z",
        "uri": "https://web.archive.org/web/20180703081831/http://www.original-political-cartoon.com/"
      },
      {
        "datetime": "2018-07-09T19:46:58Z",
        "uri": "https://web.archive.org/web/20180709194658/http://www.original-political-cartoon.com/"
      },
      {
        "datetime": "2018-07-10T15:29:45Z",
        "uri": "https://web.archive.org/web/20180710152945/http://www.original-political-cartoon.com/"
      },
      {
        "datetime": "2018-07-11T07:34:14Z",
        "uri": "https://web.archive.org/web/20180711073414/http://www.original-political-cartoon.com/"
      },
      {
        "datetime": "2018-07-18T14:01:06Z",
        "uri": "https://web.archive.org/web/20180718140106/http://original-political-cartoon.com:80/"
      },
      {
        "datetime": "2018-07-21T00:27:45Z",
        "uri": "https://web.archive.org/web/20180721002745/http://www.original-political-cartoon.com/"
      },
      {
        "datetime": "2018-07-23T16:26:56Z",
        "uri": "https://web.archive.org/web/20180723162656/http://www.original-political-cartoon.com/"
      },
      {
        "datetime": "2018-07-30T19:52:04Z",
        "uri": "https://web.archive.org/web/20180730195204/http://www.original-political-cartoon.com/"
      },
      {
        "datetime": "2018-08-03T08:29:23Z",
        "uri": "https://web.archive.org/web/20180803082923/http://original-political-cartoon.com"
      },
      {
        "datetime": "2018-08-04T15:40:54Z",
        "uri": "https://web.archive.org/web/20180804154054/http://original-political-cartoon.com/"
      },
      {
        "datetime": "2018-08-07T00:21:37Z",
        "uri": "https://web.archive.org/web/20180807002137/http://www.original-political-cartoon.com/"
      },
      {
        "datetime": "2018-08-13T19:22:30Z",
        "uri": "https://web.archive.org/web/20180813192230/http://www.original-political-cartoon.com/"
      },
      {
        "datetime": "2018-08-14T10:09:43Z",
        "uri": "https://web.archive.org/web/20180814100943/http://www.original-political-cartoon.com:80/"
      },
      {
        "datetime": "2018-08-20T21:21:23Z",
        "uri": "https://web.archive.org/web/20180820212123/http://www.original-political-cartoon.com/"
      },
      {
        "datetime": "2018-08-27T20:04:25Z",
        "uri": "https://web.archive.org/web/20180827200425/http://www.original-political-cartoon.com/"
      },
      {
        "datetime": "2018-09-01T13:04:53Z",
        "uri": "https://www.webarchive.org.uk/wayback/archive/20180901130453mp_/http://www.original-political-cartoon.com/"
      },
      {
        "datetime": "2018-09-03T20:44:46Z",
        "uri": "https://web.archive.org/web/20180903204446/http://www.original-political-cartoon.com/"
      },
      {
        "datetime": "2018-09-10T19:44:05Z",
        "uri": "https://web.archive.org/web/20180910194405/http://www.original-political-cartoon.com/"
      },
      {
        "datetime": "2018-09-15T19:26:44Z",
        "uri": "https://web.archive.org/web/20180915192644/http://www.original-political-cartoon.com/"
      },
      {
        "datetime": "2018-09-16T20:36:57Z",
        "uri": "https://web.archive.org/web/20180916203657/http://www.original-political-cartoon.com:80/"
      },
      {
        "datetime": "2018-09-17T17:32:33Z",
        "uri": "https://web.archive.org/web/20180917173233/http://www.original-political-cartoon.com/"
      },
      {
        "datetime": "2018-09-21T00:30:20Z",
        "uri": "https://web.archive.org/web/20180921003020/http://www.original-political-cartoon.com/"
      },
      {
        "datetime": "2018-09-25T12:32:19Z",
        "uri": "https://web.archive.org/web/20180925123219/http://www.original-political-cartoon.com/"
      },
      {
        "datetime": "2018-10-01T13:20:53Z",
        "uri": "https://www.webarchive.org.uk/wayback/archive/20181001132053mp_/http://www.original-political-cartoon.com/"
      },
      {
        "datetime": "2018-10-01T13:44:48Z",
        "uri": "https://www.webarchive.org.uk/wayback/archive/20181001134448mp_/http://www.original-political-cartoon.com/"
      },
      {
        "datetime": "2018-10-01T14:24:31Z",
        "uri": "https://www.webarchive.org.uk/wayback/archive/20181001142431mp_/http://www.original-political-cartoon.com/"
      },
      {
        "datetime": "2018-10-01T14:51:24Z",
        "uri": "https://www.webarchive.org.uk/wayback/archive/20181001145124mp_/http://www.original-political-cartoon.com/"
      },
      {
        "datetime": "2018-10-01T15:14:05Z",
        "uri": "https://www.webarchive.org.uk/wayback/archive/20181001151405mp_/http://www.original-political-cartoon.com/"
      },
      {
        "datetime": "2018-10-01T15:28:18Z",
        "uri": "https://www.webarchive.org.uk/wayback/archive/20181001152818mp_/http://www.original-political-cartoon.com/"
      },
      {
        "datetime": "2018-10-02T17:05:19Z",
        "uri": "https://web.archive.org/web/20181002170519/http://www.original-political-cartoon.com/"
      },
      {
        "datetime": "2018-10-08T17:51:53Z",
        "uri": "https://web.archive.org/web/20181008175153/http://www.original-political-cartoon.com/"
      },
      {
        "datetime": "2018-10-15T18:08:18Z",
        "uri": "https://web.archive.org/web/20181015180818/http://www.original-political-cartoon.com/"
      },
      {
        "datetime": "2018-10-19T13:48:16Z",
        "uri": "https://web.archive.org/web/20181019134816/http://www.original-political-cartoon.com/"
      },
      {
        "datetime": "2018-10-22T17:33:41Z",
        "uri": "https://web.archive.org/web/20181022173341/http://www.original-political-cartoon.com/"
      },
      {
        "datetime": "2018-10-29T18:15:02Z",
        "uri": "https://web.archive.org/web/20181029181502/http://www.original-political-cartoon.com/"
      },
      {
        "datetime": "2018-11-01T14:03:08Z",
        "uri": "https://www.webarchive.org.uk/wayback/archive/20181101140308mp_/http://www.original-political-cartoon.com/"
      },
      {
        "datetime": "2018-11-05T23:33:07Z",
        "uri": "https://web.archive.org/web/20181105233307/http://www.original-political-cartoon.com/"
      },
      {
        "datetime": "2018-11-06T13:30:58Z",
        "uri": "https://web.archive.org/web/20181106133058/http://original-political-cartoon.com/"
      },
      {
        "datetime": "2018-11-12T19:49:34Z",
        "uri": "https://web.archive.org/web/20181112194934/http://www.original-political-cartoon.com/"
      },
      {
        "datetime": "2018-11-19T14:54:15Z",
        "uri": "https://web.archive.org/web/20181119145415/http://www.original-political-cartoon.com/"
      },
      {
        "datetime": "2018-11-26T17:20:52Z",
        "uri": "https://web.archive.org/web/20181126172052/http://www.original-political-cartoon.com/"
      },
      {
        "datetime": "2018-12-03T17:48:21Z",
        "uri": "https://web.archive.org/web/20181203174821/http://www.original-political-cartoon.com/"
      },
      {
        "datetime": "2018-12-10T18:20:49Z",
        "uri": "https://web.archive.org/web/20181210182049/http://www.original-political-cartoon.com/"
      },
      {
        "datetime": "2018-12-12T15:05:40Z",
        "uri": "https://www.webarchive.org.uk/wayback/archive/20181212150540mp_/http://www.original-political-cartoon.com/"
      },
      {
        "datetime": "2018-12-14T18:36:27Z",
        "uri": "https://web.archive.org/web/20181214183627/http://www.original-political-cartoon.com/"
      },
      {
        "datetime": "2018-12-17T14:27:55Z",
        "uri": "https://web.archive.org/web/20181217142755/http://www.original-political-cartoon.com/"
      },
      {
        "datetime": "2018-12-24T07:51:07Z",
        "uri": "https://web.archive.org/web/20181224075107/http://original-political-cartoon.com/"
      },
      {
        "datetime": "2018-12-26T01:27:09Z",
        "uri": "https://web.archive.org/web/20181226012709/http://www.original-political-cartoon.com/"
      },
      {
        "datetime": "2018-12-31T16:19:18Z",
        "uri": "https://web.archive.org/web/20181231161918/http://www.original-political-cartoon.com/"
      },
      {
        "datetime": "2019-01-01T14:13:15Z",
        "uri": "https://www.webarchive.org.uk/wayback/archive/20190101141315mp_/http://www.original-political-cartoon.com/"
      },
      {
        "datetime": "2019-01-01T14:33:37Z",
        "uri": "https://www.webarchive.org.uk/wayback/archive/20190101143337mp_/http://www.original-political-cartoon.com/"
      },
      {
        "datetime": "2019-01-01T14:46:21Z",
        "uri": "https://www.webarchive.org.uk/wayback/archive/20190101144621mp_/http://www.original-political-cartoon.com/"
      },
      {
        "datetime": "2019-01-01T14:58:55Z",
        "uri": "https://www.webarchive.org.uk/wayback/archive/20190101145855mp_/http://www.original-political-cartoon.com/"
      },
      {
        "datetime": "2019-01-01T15:12:42Z",
        "uri": "https://www.webarchive.org.uk/wayback/archive/20190101151242mp_/http://www.original-political-cartoon.com/"
      },
      {
        "datetime": "2019-01-01T15:31:40Z",
        "uri": "https://www.webarchive.org.uk/wayback/archive/20190101153140mp_/http://www.original-political-cartoon.com/"
      },
      {
        "datetime": "2019-01-01T15:43:58Z",
        "uri": "https://www.webarchive.org.uk/wayback/archive/20190101154358mp_/http://www.original-political-cartoon.com/"
      },
      {
        "datetime": "2019-01-01T15:56:27Z",
        "uri": "https://www.webarchive.org.uk/wayback/archive/20190101155627mp_/http://www.original-political-cartoon.com/"
      },
      {
        "datetime": "2019-01-01T16:02:14Z",
        "uri": "https://www.webarchive.org.uk/wayback/archive/20190101160214mp_/http://www.original-political-cartoon.com/"
      },
      {
        "datetime": "2019-01-05T11:13:30Z",
        "uri": "https://web.archive.org/web/20190105111330/http://www.original-political-cartoon.com/"
      },
      {
        "datetime": "2019-01-07T14:54:36Z",
        "uri": "https://web.archive.org/web/20190107145436/http://www.original-political-cartoon.com/"
      },
      {
        "datetime": "2019-01-14T17:40:53Z",
        "uri": "https://web.archive.org/web/20190114174053/http://www.original-political-cartoon.com/"
      },
      {
        "datetime": "2019-01-22T21:17:54Z",
        "uri": "https://web.archive.org/web/20190122211754/http://www.original-political-cartoon.com/"
      },
      {
        "datetime": "2019-01-28T17:38:45Z",
        "uri": "https://web.archive.org/web/20190128173845/http://www.original-political-cartoon.com/"
      },
      {
        "datetime": "2019-02-02T06:23:49Z",
        "uri": "https://web.archive.org/web/20190202062349/http://www.original-political-cartoon.com/"
      },
      {
        "datetime": "2019-02-04T15:05:13Z",
        "uri": "https://web.archive.org/web/20190204150513/http://www.original-political-cartoon.com/"
      },
      {
        "datetime": "2019-02-08T12:57:55Z",
        "uri": "https://web.archive.org/web/20190208125755/http://original-political-cartoon.com/"
      },
      {
        "datetime": "2019-02-11T18:34:44Z",
        "uri": "https://web.archive.org/web/20190211183444/http://www.original-political-cartoon.com/"
      },
      {
        "datetime": "2019-02-18T17:01:23Z",
        "uri": "https://web.archive.org/web/20190218170123/http://www.original-political-cartoon.com/"
      },
      {
        "datetime": "2019-02-25T18:25:56Z",
        "uri": "https://web.archive.org/web/20190225182556/http://www.original-political-cartoon.com/"
      },
      {
        "datetime": "2019-03-04T16:19:02Z",
        "uri": "https://web.archive.org/web/20190304161902/http://www.original-political-cartoon.com/"
      },
      {
        "datetime": "2019-03-11T17:34:34Z",
        "uri": "https://web.archive.org/web/20190311173434/http://www.original-political-cartoon.com/"
      },
      {
        "datetime": "2019-03-19T16:06:46Z",
        "uri": "https://www.webarchive.org.uk/wayback/archive/20190319160646mp_/http://www.original-political-cartoon.com/"
      },
      {
        "datetime": "2019-03-27T07:07:13Z",
        "uri": "https://web.archive.org/web/20190327070713/http://www.original-political-cartoon.com/"
      },
      {
        "datetime": "2019-04-01T13:25:18Z",
        "uri": "https://www.webarchive.org.uk/wayback/archive/20190401132518mp_/http://www.original-political-cartoon.com/"
      },
      {
        "datetime": "2019-04-01T13:37:18Z",
        "uri": "https://www.webarchive.org.uk/wayback/archive/20190401133718mp_/http://www.original-political-cartoon.com/"
      },
      {
        "datetime": "2019-04-01T13:43:05Z",
        "uri": "https://www.webarchive.org.uk/wayback/archive/20190401134305mp_/http://www.original-political-cartoon.com/"
      },
      {
        "datetime": "2019-04-01T13:55:01Z",
        "uri": "https://www.webarchive.org.uk/wayback/archive/20190401135501mp_/http://www.original-political-cartoon.com/"
      },
      {
        "datetime": "2019-04-01T14:03:05Z",
        "uri": "https://web.archive.org/web/20190401140305/http://www.original-political-cartoon.com/"
      },
      {
        "datetime": "2019-04-17T11:05:23Z",
        "uri": "https://web.archive.org/web/20190417110523/http://original-political-cartoon.com/"
      },
      {
        "datetime": "2019-04-17T11:51:44Z",
        "uri": "https://web.archive.org/web/20190417115144/http://original-political-cartoon.com/"
      },
      {
        "datetime": "2019-04-24T13:17:35Z",
        "uri": "https://web.archive.org/web/20190424131735/http://www.original-political-cartoon.com/"
      },
      {
        "datetime": "2019-05-01T13:12:06Z",
        "uri": "https://www.webarchive.org.uk/wayback/archive/20190501131206mp_/http://www.original-political-cartoon.com/"
      },
      {
        "datetime": "2019-06-01T13:07:38Z",
        "uri": "https://www.webarchive.org.uk/wayback/archive/20190601130738mp_/http://www.original-political-cartoon.com/"
      },
      {
        "datetime": "2019-06-18T17:42:02Z",
        "uri": "https://web.archive.org/web/20190618174202/http://original-political-cartoon.com/"
      },
      {
        "datetime": "2019-06-19T14:52:29Z",
        "uri": "https://web.archive.org/web/20190619145229/http://original-political-cartoon.com/"
      },
      {
        "datetime": "2019-06-19T14:53:10Z",
        "uri": "https://web.archive.org/web/20190619145310/http://original-political-cartoon.com/"
      },
      {
        "datetime": "2019-06-19T18:54:13Z",
        "uri": "https://web.archive.org/web/20190619185413/http://original-political-cartoon.com/"
      },
      {
        "datetime": "2019-07-17T11:36:39Z",
        "uri": "https://web.archive.org/web/20190717113639/http://original-political-cartoon.com:80/"
      },
      {
        "datetime": "2019-07-17T14:47:45Z",
        "uri": "https://web.archive.org/web/20190717144745/http://original-political-cartoon.com/"
      },
      {
        "datetime": "2019-07-18T14:43:22Z",
        "uri": "https://web.archive.org/web/20190718144322/http://www.original-political-cartoon.com:80/"
      },
      {
        "datetime": "2019-07-23T01:47:18Z",
        "uri": "https://web.archive.org/web/20190723014718/http://www.original-political-cartoon.com/"
      },
      {
        "datetime": "2019-08-01T13:19:07Z",
        "uri": "https://www.webarchive.org.uk/wayback/archive/20190801131907mp_/http://www.original-political-cartoon.com/"
      },
      {
        "datetime": "2019-08-07T17:41:37Z",
        "uri": "https://web.archive.org/web/20190807174137/http://original-political-cartoon.com/"
      },
      {
        "datetime": "2019-09-01T14:10:43Z",
        "uri": "https://www.webarchive.org.uk/wayback/archive/20190901141043mp_/http://www.original-political-cartoon.com/"
      },
      {
        "datetime": "2019-09-21T07:42:54Z",
        "uri": "https://web.archive.org/web/20190921074254/http://original-political-cartoon.com/"
      },
      {
        "datetime": "2019-09-21T10:25:04Z",
        "uri": "https://web.archive.org/web/20190921102504/http://original-political-cartoon.com/"
      },
      {
        "datetime": "2019-09-21T12:25:20Z",
        "uri": "https://web.archive.org/web/20190921122520/http://original-political-cartoon.com/"
      },
      {
        "datetime": "2019-09-27T05:05:58Z",
        "uri": "https://web.archive.org/web/20190927050558/http://www.original-political-cartoon.com:80/"
      },
      {
        "datetime": "2019-09-27T05:37:13Z",
        "uri": "https://web.archive.org/web/20190927053713/http://original-political-cartoon.com:80/"
      },
      {
        "datetime": "2019-10-05T03:56:14Z",
        "uri": "https://web.archive.org/web/20191005035614/http://original-political-cartoon.com:80/"
      },
      {
        "datetime": "2019-10-14T13:10:44Z",
        "uri": "https://web.archive.org/web/20191014131044/http://original-political-cartoon.com/"
      },
      {
        "datetime": "2019-10-16T18:20:29Z",
        "uri": "https://web.archive.org/web/20191016182029/http://www.original-political-cartoon.com:80/"
      },
      {
        "datetime": "2019-11-04T07:40:28Z",
        "uri": "https://web.archive.org/web/20191104074028/http://original-political-cartoon.com:80/"
      },
      {
        "datetime": "2019-11-14T09:33:42Z",
        "uri": "https://www.webarchive.org.uk/wayback/archive/20191114093342mp_/http://www.original-political-cartoon.com/"
      },
      {
        "datetime": "2019-11-15T22:32:41Z",
        "uri": "https://web.archive.org/web/20191115223241/http://www.original-political-cartoon.com:80/"
      },
      {
        "datetime": "2019-11-30T14:25:57Z",
        "uri": "https://web.archive.org/web/20191130142557/http://original-political-cartoon.com/"
      },
      {
        "datetime": "2019-12-04T11:52:46Z",
        "uri": "https://web.archive.org/web/20191204115246/http://original-political-cartoon.com:80/"
      },
      {
        "datetime": "2019-12-14T09:16:47Z",
        "uri": "https://www.webarchive.org.uk/wayback/archive/20191214091647mp_/http://www.original-political-cartoon.com/"
      },
      {
        "datetime": "2019-12-16T01:01:58Z",
        "uri": "https://web.archive.org/web/20191216010158/http://www.original-political-cartoon.com:80/"
      },
      {
        "datetime": "2020-01-14T09:04:55Z",
        "uri": "https://www.webarchive.org.uk/wayback/archive/20200114090455mp_/http://www.original-political-cartoon.com/"
      },
      {
        "datetime": "2020-01-15T09:36:33Z",
        "uri": "https://web.archive.org/web/20200115093633/http://www.original-political-cartoon.com:80/"
      },
      {
        "datetime": "2020-01-16T08:27:00Z",
        "uri": "https://webarchive.loc.gov/all/20200116082700/http://original-political-cartoon.com/"
      },
      {
        "datetime": "2020-01-23T12:30:08Z",
        "uri": "https://webarchive.loc.gov/all/20200123123008/http://original-political-cartoon.com/"
      },
      {
        "datetime": "2020-01-31T06:44:41Z",
        "uri": "https://webarchive.loc.gov/all/20200131064441/http://original-political-cartoon.com/"
      },
      {
        "datetime": "2020-02-04T05:05:55Z",
        "uri": "https://web.archive.org/web/20200204050555/http://original-political-cartoon.com:80/"
      },
      {
        "datetime": "2020-02-14T09:17:00Z",
        "uri": "https://www.webarchive.org.uk/wayback/archive/20200214091700mp_/http://www.original-political-cartoon.com/"
      },
      {
        "datetime": "2020-02-14T18:01:02Z",
        "uri": "https://web.archive.org/web/20200214180102/http://www.original-political-cartoon.com:80/"
      },
      {
        "datetime": "2020-03-13T03:59:46Z",
        "uri": "https://web.archive.org/web/20200313035946/http://original-political-cartoon.com/"
      },
      {
        "datetime": "2020-03-13T22:04:28Z",
        "uri": "https://web.archive.org/web/20200313220428/http://original-political-cartoon.com/"
      },
      {
        "datetime": "2020-03-14T05:00:47Z",
        "uri": "https://web.archive.org/web/20200314050047/http://original-political-cartoon.com/"
      },
      {
        "datetime": "2020-03-14T10:01:02Z",
        "uri": "https://www.webarchive.org.uk/wayback/archive/20200314100102mp_/http://www.original-political-cartoon.com/"
      },
      {
        "datetime": "2020-03-15T00:42:05Z",
        "uri": "https://web.archive.org/web/20200315004205/http://original-political-cartoon.com/"
      },
      {
        "datetime": "2020-03-15T15:08:26Z",
        "uri": "https://web.archive.org/web/20200315150826/http://original-political-cartoon.com/"
      },
      {
        "datetime": "2020-03-19T02:45:05Z",
        "uri": "https://web.archive.org/web/20200319024505/http://original-political-cartoon.com/"
      },
      {
        "datetime": "2020-03-21T03:32:01Z",
        "uri": "https://web.archive.org/web/20200321033201/http://original-political-cartoon.com/"
      },
      {
        "datetime": "2020-03-22T03:07:54Z",
        "uri": "https://web.archive.org/web/20200322030754/http://original-political-cartoon.com/"
      },
      {
        "datetime": "2020-03-29T20:33:58Z",
        "uri": "https://web.archive.org/web/20200329203358/http://original-political-cartoon.com/"
      },
      {
        "datetime": "2020-04-06T15:45:34Z",
        "uri": "https://web.archive.org/web/20200406154534/http://original-political-cartoon.com/"
      },
      {
        "datetime": "2020-04-12T06:43:53Z",
        "uri": "https://webarchive.loc.gov/all/20200412064353/http://original-political-cartoon.com/"
      },
      {
        "datetime": "2020-04-13T02:49:44Z",
        "uri": "https://web.archive.org/web/20200413024944/http://original-political-cartoon.com/"
      },
      {
        "datetime": "2020-04-14T08:19:07Z",
        "uri": "https://www.webarchive.org.uk/wayback/archive/20200414081907mp_/http://www.original-political-cartoon.com/"
      },
      {
        "datetime": "2020-04-22T11:38:06Z",
        "uri": "https://web.archive.org/web/20200422113806/http://original-political-cartoon.com/"
      },
      {
        "datetime": "2020-04-23T17:19:05Z",
        "uri": "https://web.archive.org/web/20200423171905/http://original-political-cartoon.com/"
      },
      {
        "datetime": "2020-04-25T22:40:41Z",
        "uri": "https://web.archive.org/web/20200425224041/http://original-political-cartoon.com/"
      },
      {
        "datetime": "2020-05-01T14:58:38Z",
        "uri": "https://wayback.archive-it.org/all/20200501145838/http://original-political-cartoon.com/"
      },
      {
        "datetime": "2020-05-01T14:58:38Z",
        "uri": "https://web.archive.org/web/20200501145838/http://original-political-cartoon.com/"
      },
      {
        "datetime": "2020-05-02T01:32:29Z",
        "uri": "https://wayback.archive-it.org/all/20200502013229/http://www.original-political-cartoon.com/"
      },
      {
        "datetime": "2020-05-02T01:32:29Z",
        "uri": "https://web.archive.org/web/20200502013229/http://www.original-political-cartoon.com/"
      },
      {
        "datetime": "2020-05-12T03:55:11Z",
        "uri": "https://web.archive.org/web/20200512035511/http://original-political-cartoon.com/"
      },
      {
        "datetime": "2020-05-13T12:54:58Z",
        "uri": "https://web.archive.org/web/20200513125458/http://original-political-cartoon.com/"
      },
      {
        "datetime": "2020-05-14T08:23:53Z",
        "uri": "https://www.webarchive.org.uk/wayback/archive/20200514082353mp_/http://www.original-political-cartoon.com/"
      },
      {
        "datetime": "2020-05-20T04:11:04Z",
        "uri": "https://web.archive.org/web/20200520041104/http://original-political-cartoon.com/"
      },
      {
        "datetime": "2020-05-31T11:17:13Z",
        "uri": "https://web.archive.org/web/20200531111713/http://original-political-cartoon.com/"
      },
      {
        "datetime": "2020-06-14T08:12:17Z",
        "uri": "https://www.webarchive.org.uk/wayback/archive/20200614081217mp_/http://www.original-political-cartoon.com/"
      },
      {
        "datetime": "2020-06-16T05:25:44Z",
        "uri": "https://web.archive.org/web/20200616052544/http://www.original-political-cartoon.com/"
      },
      {
        "datetime": "2020-07-09T18:12:09Z",
        "uri": "https://web.archive.org/web/20200709181209/http://original-political-cartoon.com/"
      },
      {
        "datetime": "2020-07-14T08:40:59Z",
        "uri": "https://www.webarchive.org.uk/wayback/archive/20200714084059mp_/http://www.original-political-cartoon.com/"
      },
      {
        "datetime": "2020-08-13T19:14:06Z",
        "uri": "https://web.archive.org/web/20200813191406/http://original-political-cartoon.com/"
      },
      {
        "datetime": "2020-08-14T08:05:36Z",
        "uri": "https://www.webarchive.org.uk/wayback/archive/20200814080536mp_/http://www.original-political-cartoon.com/"
      },
      {
        "datetime": "2020-08-15T00:12:46Z",
        "uri": "https://web.archive.org/web/20200815001246/http://original-political-cartoon.com/"
      },
      {
        "datetime": "2020-08-28T23:47:54Z",
        "uri": "https://web.archive.org/web/20200828234754/http://original-political-cartoon.com/"
      },
      {
        "datetime": "2020-08-29T10:22:29Z",
        "uri": "https://web.archive.org/web/20200829102229/http://original-political-cartoon.com/"
      },
      {
        "datetime": "2020-09-04T04:31:31Z",
        "uri": "https://web.archive.org/web/20200904043131/http://www.original-political-cartoon.com/"
      },
      {
        "datetime": "2020-09-14T08:40:10Z",
        "uri": "https://www.webarchive.org.uk/wayback/archive/20200914084010mp_/http://www.original-political-cartoon.com/"
      },
      {
        "datetime": "2020-09-21T08:29:11Z",
        "uri": "https://web.archive.org/web/20200921082911/http://original-political-cartoon.com/"
      },
      {
        "datetime": "2020-09-23T02:54:19Z",
        "uri": "https://web.archive.org/web/20200923025419/http://original-political-cartoon.com/"
      },
      {
        "datetime": "2020-10-03T10:05:43Z",
        "uri": "https://web.archive.org/web/20201003100543/http://original-political-cartoon.com/"
      },
      {
        "datetime": "2020-10-03T10:11:40Z",
        "uri": "https://web.archive.org/web/20201003101140/http://original-political-cartoon.com/"
      },
      {
        "datetime": "2020-10-08T23:39:32Z",
        "uri": "https://web.archive.org/web/20201008233932/http://www.original-political-cartoon.com/"
      },
      {
        "datetime": "2020-10-10T19:34:33Z",
        "uri": "https://web.archive.org/web/20201010193433/http://original-political-cartoon.com/"
      },
      {
        "datetime": "2020-10-13T01:09:17Z",
        "uri": "https://web.archive.org/web/20201013010917/https://original-political-cartoon.com/"
      },
      {
        "datetime": "2020-10-14T08:17:54Z",
        "uri": "https://www.webarchive.org.uk/wayback/archive/20201014081754mp_/http://www.original-political-cartoon.com/"
      },
      {
        "datetime": "2020-10-23T08:14:42Z",
        "uri": "https://web.archive.org/web/20201023081442/http://original-political-cartoon.com/"
      },
      {
        "datetime": "2020-11-01T02:59:26Z",
        "uri": "https://web.archive.org/web/20201101025926/http://www.original-political-cartoon.com/"
      },
      {
        "datetime": "2020-11-01T06:19:31Z",
        "uri": "https://web.archive.org/web/20201101061931/http://www.original-political-cartoon.com/"
      },
      {
        "datetime": "2020-11-01T08:01:49Z",
        "uri": "https://web.archive.org/web/20201101080149/http://original-political-cartoon.com/"
      },
      {
        "datetime": "2020-11-01T12:10:10Z",
        "uri": "https://web.archive.org/web/20201101121010/http://original-political-cartoon.com/"
      },
      {
        "datetime": "2020-11-14T09:41:04Z",
        "uri": "https://www.webarchive.org.uk/wayback/archive/20201114094104mp_/http://www.original-political-cartoon.com/"
      },
      {
        "datetime": "2020-11-17T13:50:53Z",
        "uri": "https://web.archive.org/web/20201117135053/http://original-political-cartoon.com/"
      },
      {
        "datetime": "2020-11-19T21:44:46Z",
        "uri": "https://web.archive.org/web/20201119214446/http://original-political-cartoon.com/"
      },
      {
        "datetime": "2020-11-20T15:22:24Z",
        "uri": "https://web.archive.org/web/20201120152224/http://original-political-cartoon.com/"
      },
      {
        "datetime": "2020-11-30T07:08:04Z",
        "uri": "https://web.archive.org/web/20201130070804/http://original-political-cartoon.com/"
      },
      {
        "datetime": "2020-12-01T08:24:35Z",
        "uri": "https://web.archive.org/web/20201201082435/http://original-political-cartoon.com/"
      },
      {
        "datetime": "2020-12-01T14:41:05Z",
        "uri": "https://webarchive.loc.gov/all/20201201144105/https://original-political-cartoon.com/"
      },
      {
        "datetime": "2020-12-15T19:19:12Z",
        "uri": "https://www.webarchive.org.uk/wayback/archive/20201215191912mp_/http://www.original-political-cartoon.com/"
      },
      {
        "datetime": "2020-12-15T19:19:16Z",
        "uri": "https://www.webarchive.org.uk/wayback/archive/20201215191916mp_/https://www.original-political-cartoon.com/"
      },
      {
        "datetime": "2021-01-03T12:04:32Z",
        "uri": "https://web.archive.org/web/20210103120432/https://www.original-political-cartoon.com/"
      },
      {
        "datetime": "2021-01-14T09:16:32Z",
        "uri": "https://www.webarchive.org.uk/wayback/archive/20210114091632mp_/http://www.original-political-cartoon.com/"
      },
      {
        "datetime": "2021-01-14T09:16:41Z",
        "uri": "https://www.webarchive.org.uk/wayback/archive/20210114091641mp_/https://www.original-political-cartoon.com/"
      },
      {
        "datetime": "2021-01-17T09:04:14Z",
        "uri": "https://web.archive.org/web/20210117090414/https://original-political-cartoon.com/"
      },
      {
        "datetime": "2021-01-20T18:33:11Z",
        "uri": "https://web.archive.org/web/20210120183311/https://www.original-political-cartoon.com/"
      },
      {
        "datetime": "2021-01-25T09:44:40Z",
        "uri": "https://web.archive.org/web/20210125094440/https://www.original-political-cartoon.com/"
      },
      {
        "datetime": "2021-01-25T13:04:56Z",
        "uri": "https://web.archive.org/web/20210125130456/https://www.original-political-cartoon.com/"
      },
      {
        "datetime": "2021-01-26T11:30:33Z",
        "uri": "https://web.archive.org/web/20210126113033/https://www.original-political-cartoon.com/"
      },
      {
        "datetime": "2021-02-05T00:50:29Z",
        "uri": "https://web.archive.org/web/20210205005029/https://www.original-political-cartoon.com/"
      },
      {
        "datetime": "2021-02-09T00:40:09Z",
        "uri": "https://web.archive.org/web/20210209004009/https://original-political-cartoon.com/"
      },
      {
        "datetime": "2021-02-14T09:12:47Z",
        "uri": "https://www.webarchive.org.uk/wayback/archive/20210214091247mp_/http://www.original-political-cartoon.com/"
      },
      {
        "datetime": "2021-02-14T09:12:52Z",
        "uri": "https://www.webarchive.org.uk/wayback/archive/20210214091252mp_/https://www.original-political-cartoon.com/"
      },
      {
        "datetime": "2021-03-07T08:12:31Z",
        "uri": "https://web.archive.org/web/20210307081231/https://www.original-political-cartoon.com/"
      },
      {
        "datetime": "2021-03-14T09:18:49Z",
        "uri": "https://www.webarchive.org.uk/wayback/archive/20210314091849mp_/http://www.original-political-cartoon.com/"
      },
      {
        "datetime": "2021-03-14T09:18:54Z",
        "uri": "https://www.webarchive.org.uk/wayback/archive/20210314091854mp_/https://www.original-political-cartoon.com/"
      },
      {
        "datetime": "2021-04-14T09:22:51Z",
        "uri": "https://www.webarchive.org.uk/wayback/archive/20210414092251mp_/http://www.original-political-cartoon.com/"
      },
      {
        "datetime": "2021-04-14T09:22:57Z",
        "uri": "https://www.webarchive.org.uk/wayback/archive/20210414092257mp_/https://www.original-political-cartoon.com/"
      },
      {
        "datetime": "2021-05-02T06:26:50Z",
        "uri": "https://web.archive.org/web/20210502062650/http://www.original-political-cartoon.com/"
      },
      {
        "datetime": "2021-05-08T06:31:45Z",
        "uri": "https://web.archive.org/web/20210508063145/https://www.original-political-cartoon.com/"
      },
      {
        "datetime": "2021-05-10T05:36:08Z",
        "uri": "https://web.archive.org/web/20210510053608/https://original-political-cartoon.com/"
      },
      {
        "datetime": "2021-05-12T09:04:10Z",
        "uri": "https://web.archive.org/web/20210512090410/https://www.original-political-cartoon.com/"
      },
      {
        "datetime": "2021-05-12T09:09:08Z",
        "uri": "https://web.archive.org/web/20210512090908/https://www.original-political-cartoon.com/"
      },
      {
        "datetime": "2021-05-14T08:19:32Z",
        "uri": "https://www.webarchive.org.uk/wayback/archive/20210514081932mp_/http://www.original-political-cartoon.com/"
      },
      {
        "datetime": "2021-05-14T08:19:38Z",
        "uri": "https://www.webarchive.org.uk/wayback/archive/20210514081938mp_/https://www.original-political-cartoon.com/"
      },
      {
        "datetime": "2021-05-16T17:02:49Z",
        "uri": "https://webarchive.loc.gov/all/20210516170249/http://original-political-cartoon.com/"
      },
      {
        "datetime": "2021-05-16T17:02:50Z",
        "uri": "https://webarchive.loc.gov/all/20210516170250/https://www.original-political-cartoon.com/"
      },
      {
        "datetime": "2021-05-19T07:03:34Z",
        "uri": "https://web.archive.org/web/20210519070334/http://original-political-cartoon.com/"
      },
      {
        "datetime": "2021-05-19T07:03:37Z",
        "uri": "https://web.archive.org/web/20210519070337/https://www.original-political-cartoon.com/"
      },
      {
        "datetime": "2021-06-06T11:07:18Z",
        "uri": "https://webarchive.loc.gov/all/20210606110718/http://original-political-cartoon.com/"
      },
      {
        "datetime": "2021-06-06T11:07:19Z",
        "uri": "https://webarchive.loc.gov/all/20210606110719/https://www.original-political-cartoon.com/"
      },
      {
        "datetime": "2021-06-13T22:00:06Z",
        "uri": "https://web.archive.org/web/20210613220006/http://original-political-cartoon.com/"
      },
      {
        "datetime": "2021-06-13T22:00:08Z",
        "uri": "https://web.archive.org/web/20210613220008/https://www.original-political-cartoon.com/"
      },
      {
        "datetime": "2021-06-14T08:52:36Z",
        "uri": "https://www.webarchive.org.uk/wayback/archive/20210614085236mp_/http://www.original-political-cartoon.com/"
      },
      {
        "datetime": "2021-06-14T08:52:37Z",
        "uri": "https://www.webarchive.org.uk/wayback/archive/20210614085237mp_/https://www.original-political-cartoon.com/"
      },
      {
        "datetime": "2021-06-22T21:46:19Z",
        "uri": "https://web.archive.org/web/20210622214619/https://www.original-political-cartoon.com/"
      },
      {
        "datetime": "2021-06-22T21:46:19Z",
        "uri": "https://web.archive.org/web/20210622214619/https://www.original-political-cartoon.com/"
      },
      {
        "datetime": "2021-07-14T08:56:25Z",
        "uri": "https://www.webarchive.org.uk/wayback/archive/20210714085625mp_/http://www.original-political-cartoon.com/"
      },
      {
        "datetime": "2021-07-14T08:56:28Z",
        "uri": "https://www.webarchive.org.uk/wayback/archive/20210714085628mp_/https://www.original-political-cartoon.com/"
      },
      {
        "datetime": "2021-07-16T06:32:18Z",
        "uri": "https://webarchive.loc.gov/all/20210716063218/http://original-political-cartoon.com/"
      },
      {
        "datetime": "2021-07-16T06:32:19Z",
        "uri": "https://webarchive.loc.gov/all/20210716063219/https://www.original-political-cartoon.com/"
      },
      {
        "datetime": "2021-08-01T00:03:30Z",
        "uri": "https://web.archive.org/web/20210801000330/https://www.original-political-cartoon.com/"
      },
      {
        "datetime": "2021-08-07T02:48:06Z",
        "uri": "https://webarchive.loc.gov/all/20210807024806/http://original-political-cartoon.com/"
      },
      {
        "datetime": "2021-08-07T02:48:07Z",
        "uri": "https://webarchive.loc.gov/all/20210807024807/https://www.original-political-cartoon.com/"
      },
      {
        "datetime": "2021-08-11T18:45:36Z",
        "uri": "https://web.archive.org/web/20210811184536/https://original-political-cartoon.com/"
      },
      {
        "datetime": "2021-08-14T08:14:19Z",
        "uri": "https://www.webarchive.org.uk/wayback/archive/20210814081419mp_/http://www.original-political-cartoon.com/"
      },
      {
        "datetime": "2021-08-14T08:14:23Z",
        "uri": "https://www.webarchive.org.uk/wayback/archive/20210814081423mp_/https://www.original-political-cartoon.com/"
      },
      {
        "datetime": "2021-08-17T20:31:02Z",
        "uri": "https://web.archive.org/web/20210817203102/http://original-political-cartoon.com/"
      },
      {
        "datetime": "2021-08-17T20:31:03Z",
        "uri": "https://web.archive.org/web/20210817203103/https://www.original-political-cartoon.com/"
      },
      {
        "datetime": "2021-08-18T07:21:58Z",
        "uri": "https://web.archive.org/web/20210818072158/http://original-political-cartoon.com/"
      },
      {
        "datetime": "2021-08-18T07:21:59Z",
        "uri": "https://web.archive.org/web/20210818072159/https://www.original-political-cartoon.com/"
      },
      {
        "datetime": "2021-08-20T10:47:48Z",
        "uri": "https://webarchive.loc.gov/all/20210820104748/http://original-political-cartoon.com/"
      },
      {
        "datetime": "2021-08-20T10:47:49Z",
        "uri": "https://webarchive.loc.gov/all/20210820104749/https://www.original-political-cartoon.com/"
      },
      {
        "datetime": "2021-09-14T08:16:30Z",
        "uri": "https://www.webarchive.org.uk/wayback/archive/20210914081630mp_/http://www.original-political-cartoon.com/"
      },
      {
        "datetime": "2021-09-14T08:16:35Z",
        "uri": "https://www.webarchive.org.uk/wayback/archive/20210914081635mp_/https://www.original-political-cartoon.com/"
      },
      {
        "datetime": "2021-09-27T06:32:09Z",
        "uri": "https://web.archive.org/web/20210927063209/https://www.original-political-cartoon.com/"
      },
      {
        "datetime": "2021-10-14T08:32:52Z",
        "uri": "https://www.webarchive.org.uk/wayback/archive/20211014083252mp_/http://www.original-political-cartoon.com/"
      },
      {
        "datetime": "2021-10-14T08:32:53Z",
        "uri": "https://www.webarchive.org.uk/wayback/archive/20211014083253mp_/https://www.original-political-cartoon.com/"
      },
      {
        "datetime": "2021-10-16T14:19:47Z",
        "uri": "https://web.archive.org/web/20211016141947/http://www.original-political-cartoon.com/"
      },
      {
        "datetime": "2021-10-19T12:40:39Z",
        "uri": "https://web.archive.org/web/20211019124039/https://original-political-cartoon.com/"
      },
      {
        "datetime": "2021-10-19T16:07:48Z",
        "uri": "https://web.archive.org/web/20211019160748/https://www.original-political-cartoon.com/"
      },
      {
        "datetime": "2021-11-08T04:34:41Z",
        "uri": "https://web.archive.org/web/20211108043441/https://www.original-political-cartoon.com/"
      },
      {
        "datetime": "2021-11-08T06:59:21Z",
        "uri": "https://web.archive.org/web/20211108065921/https://www.original-political-cartoon.com/"
      },
      {
        "datetime": "2021-11-08T07:50:39Z",
        "uri": "https://web.archive.org/web/20211108075039/https://www.original-political-cartoon.com/"
      },
      {
        "datetime": "2021-11-14T09:33:35Z",
        "uri": "https://www.webarchive.org.uk/wayback/archive/20211114093335mp_/http://www.original-political-cartoon.com/"
      },
      {
        "datetime": "2021-11-14T09:33:39Z",
        "uri": "https://www.webarchive.org.uk/wayback/archive/20211114093339mp_/https://www.original-political-cartoon.com/"
      },
      {
        "datetime": "2021-11-24T13:27:02Z",
        "uri": "https://web.archive.org/web/20211124132702/https://www.original-political-cartoon.com/"
      },
      {
        "datetime": "2021-11-26T02:21:39Z",
        "uri": "https://web.archive.org/web/20211126022139/https://www.original-political-cartoon.com/"
      },
      {
        "datetime": "2021-11-30T22:11:13Z",
        "uri": "https://web.archive.org/web/20211130221113/https://original-political-cartoon.com/"
      },
      {
        "datetime": "2021-12-06T01:35:18Z",
        "uri": "https://web.archive.org/web/20211206013518/https://www.original-political-cartoon.com/"
      },
      {
        "datetime": "2021-12-14T09:48:19Z",
        "uri": "https://www.webarchive.org.uk/wayback/archive/20211214094819mp_/http://www.original-political-cartoon.com/"
      },
      {
        "datetime": "2021-12-14T09:48:21Z",
        "uri": "https://www.webarchive.org.uk/wayback/archive/20211214094821mp_/https://www.original-political-cartoon.com/"
      },
      {
        "datetime": "2021-12-20T09:11:18Z",
        "uri": "https://web.archive.org/web/20211220091118/http://original-political-cartoon.com/"
      },
      {
        "datetime": "2021-12-23T20:17:29Z",
        "uri": "https://web.archive.org/web/20211223201729/http://original-political-cartoon.com/"
      },
      {
        "datetime": "2021-12-23T20:17:34Z",
        "uri": "https://web.archive.org/web/20211223201734/https://www.original-political-cartoon.com/"
      },
      {
        "datetime": "2021-12-23T20:17:34Z",
        "uri": "https://web.archive.org/web/20211223201734/http://original-political-cartoon.com/"
      },
      {
        "datetime": "2022-01-14T09:49:39Z",
        "uri": "https://www.webarchive.org.uk/wayback/archive/20220114094939mp_/http://www.original-political-cartoon.com/"
      },
      {
        "datetime": "2022-01-14T09:49:40Z",
        "uri": "https://www.webarchive.org.uk/wayback/archive/20220114094940mp_/https://www.original-political-cartoon.com/"
      },
      {
        "datetime": "2022-01-18T18:25:27Z",
        "uri": "https://web.archive.org/web/20220118182527/https://www.original-political-cartoon.com/"
      },
      {
        "datetime": "2022-01-20T22:33:24Z",
        "uri": "https://web.archive.org/web/20220120223324/https://www.original-political-cartoon.com/"
      },
      {
        "datetime": "2022-01-27T09:19:00Z",
        "uri": "https://web.archive.org/web/20220127091900/https://www.original-political-cartoon.com/"
      },
      {
        "datetime": "2022-01-29T11:38:23Z",
        "uri": "https://web.archive.org/web/20220129113823/https://www.original-political-cartoon.com/"
      },
      {
        "datetime": "2022-01-29T11:38:23Z",
        "uri": "https://web.archive.org/web/20220129113823/http://www.original-political-cartoon.com/"
      },
      {
        "datetime": "2022-02-05T02:29:51Z",
        "uri": "https://web.archive.org/web/20220205022951/https://www.original-political-cartoon.com/"
      },
      {
        "datetime": "2022-02-05T23:10:07Z",
        "uri": "https://web.archive.org/web/20220205231007/https://www.original-political-cartoon.com/"
      },
      {
        "datetime": "2022-02-05T23:10:47Z",
        "uri": "https://web.archive.org/web/20220205231047/https://www.original-political-cartoon.com/"
      },
      {
        "datetime": "2022-02-05T23:10:47Z",
        "uri": "https://web.archive.org/web/20220205231047/http://www.original-political-cartoon.com/"
      },
      {
        "datetime": "2022-02-11T12:55:51Z",
        "uri": "https://web.archive.org/web/20220211125551/https://www.original-political-cartoon.com/"
      },
      {
        "datetime": "2022-02-11T13:03:56Z",
        "uri": "https://web.archive.org/web/20220211130356/https://www.original-political-cartoon.com/"
      },
      {
        "datetime": "2022-02-11T13:12:32Z",
        "uri": "https://web.archive.org/web/20220211131232/https://www.original-political-cartoon.com/"
      },
      {
        "datetime": "2022-02-11T13:19:09Z",
        "uri": "https://web.archive.org/web/20220211131909/https://www.original-political-cartoon.com/"
      },
      {
        "datetime": "2022-02-20T23:33:22Z",
        "uri": "https://web.archive.org/web/20220220233322/https://original-political-cartoon.com/"
      },
      {
        "datetime": "2022-02-25T06:21:44Z",
        "uri": "https://web.archive.org/web/20220225062144/https://www.original-political-cartoon.com/"
      },
      {
        "datetime": "2022-03-01T09:24:22Z",
        "uri": "https://web.archive.org/web/20220301092422/https://www.original-political-cartoon.com/"
      },
      {
        "datetime": "2022-03-04T10:13:22Z",
        "uri": "https://web.archive.org/web/20220304101322/https://original-political-cartoon.com/"
      },
      {
        "datetime": "2022-03-07T21:31:12Z",
        "uri": "https://web.archive.org/web/20220307213112/https://www.original-political-cartoon.com/"
      },
      {
        "datetime": "2022-03-23T15:22:39Z",
        "uri": "https://web.archive.org/web/20220323152239/https://www.original-political-cartoon.com/"
      },
      {
        "datetime": "2022-03-24T10:59:21Z",
        "uri": "https://web.archive.org/web/20220324105921/https://www.original-political-cartoon.com/"
      },
      {
        "datetime": "2022-03-28T05:24:53Z",
        "uri": "https://web.archive.org/web/20220328052453/https://www.original-political-cartoon.com/"
      },
      {
        "datetime": "2022-04-01T13:38:24Z",
        "uri": "https://web.archive.org/web/20220401133824/https://www.original-political-cartoon.com/"
      },
      {
        "datetime": "2022-04-10T10:34:24Z",
        "uri": "https://web.archive.org/web/20220410103424/http://original-political-cartoon.com/"
      },
      {
        "datetime": "2022-04-10T10:34:26Z",
        "uri": "https://web.archive.org/web/20220410103426/https://www.original-political-cartoon.com/"
      },
      {
        "datetime": "2022-04-14T09:15:57Z",
        "uri": "https://www.webarchive.org.uk/wayback/archive/20220414091557mp_/https://www.original-political-cartoon.com/"
      },
      {
        "datetime": "2022-04-27T18:35:30Z",
        "uri": "https://web.archive.org/web/20220427183530/http://original-political-cartoon.com/"
      },
      {
        "datetime": "2022-04-27T18:35:31Z",
        "uri": "https://web.archive.org/web/20220427183531/https://www.original-political-cartoon.com/"
      },
      {
        "datetime": "2022-05-06T21:09:14Z",
        "uri": "https://web.archive.org/web/20220506210914/https://www.original-political-cartoon.com/"
      },
      {
        "datetime": "2022-06-01T02:17:02Z",
        "uri": "https://wayback.archive-it.org/all/20220601021702/http://original-political-cartoon.com/"
      },
      {
        "datetime": "2022-06-01T02:17:02Z",
        "uri": "https://web.archive.org/web/20220601021702/http://original-political-cartoon.com/"
      },
      {
        "datetime": "2022-06-01T02:36:58Z",
        "uri": "https://wayback.archive-it.org/all/20220601023658/https://www.original-political-cartoon.com/"
      },
      {
        "datetime": "2022-06-01T02:36:58Z",
        "uri": "https://web.archive.org/web/20220601023658/https://www.original-political-cartoon.com/"
      },
      {
        "datetime": "2022-06-02T21:22:28Z",
        "uri": "https://web.archive.org/web/20220602212228/https://original-political-cartoon.com/"
      },
      {
        "datetime": "2022-06-02T21:22:29Z",
        "uri": "https://web.archive.org/web/20220602212229/https://www.original-political-cartoon.com/"
      },
      {
        "datetime": "2022-06-03T03:51:21Z",
        "uri": "https://web.archive.org/web/20220603035121/https://www.original-political-cartoon.com/"
      },
      {
        "datetime": "2022-06-03T03:51:21Z",
        "uri": "https://web.archive.org/web/20220603035121/http://original-political-cartoon.com/"
      },
      {
        "datetime": "2022-06-04T08:19:00Z",
        "uri": "https://web.archive.org/web/20220604081900/https://www.original-political-cartoon.com/"
      },
      {
        "datetime": "2022-06-04T08:19:00Z",
        "uri": "https://web.archive.org/web/20220604081900/http://original-political-cartoon.com/"
      },
      {
        "datetime": "2022-06-08T22:31:43Z",
        "uri": "https://web.archive.org/web/20220608223143/https://www.original-political-cartoon.com/"
      },
      {
        "datetime": "2022-07-09T01:15:07Z",
        "uri": "https://web.archive.org/web/20220709011507/https://www.original-political-cartoon.com/"
      },
      {
        "datetime": "2022-07-11T17:03:38Z",
        "uri": "https://web.archive.org/web/20220711170338/https://www.original-political-cartoon.com/"
      },
      {
        "datetime": "2022-08-14T08:48:44Z",
        "uri": "https://web.archive.org/web/20220814084844/https://www.original-political-cartoon.com/"
      },
      {
        "datetime": "2022-08-28T02:56:29Z",
        "uri": "https://web.archive.org/web/20220828025629/https://www.original-political-cartoon.com/"
      },
      {
        "datetime": "2022-09-03T08:37:48Z",
        "uri": "https://web.archive.org/web/20220903083748/https://www.original-political-cartoon.com/"
      },
      {
        "datetime": "2022-09-21T08:55:02Z",
        "uri": "https://web.archive.org/web/20220921085502/http://original-political-cartoon.com/"
      },
      {
        "datetime": "2022-09-21T10:11:05Z",
        "uri": "https://web.archive.org/web/20220921101105/http://original-political-cartoon.com/"
      },
      {
        "datetime": "2022-09-22T02:00:50Z",
        "uri": "https://web.archive.org/web/20220922020050/https://www.original-political-cartoon.com/"
      },
      {
        "datetime": "2022-09-22T02:27:07Z",
        "uri": "https://web.archive.org/web/20220922022707/https://www.original-political-cartoon.com/"
      },
      {
        "datetime": "2022-09-22T02:42:01Z",
        "uri": "https://web.archive.org/web/20220922024201/https://www.original-political-cartoon.com/"
      }
    ],
    "first": {
      "datetime": "2012-09-02T23:56:04Z",
      "uri": "https://web.archive.org/web/20120902235604/http://www.original-political-cartoon.com:80/"
    },
    "last": {
      "datetime": "2022-09-22T02:42:01Z",
      "uri": "https://web.archive.org/web/20220922024201/https://www.original-political-cartoon.com/"
    }
  },
  "timemap_uri": {
    "link_format": "http://localhost:1208/timemap/link/https://www.original-political-cartoon.com/",
    "json_format": "http://localhost:1208/timemap/json/https://www.original-political-cartoon.com/",
    "cdxj_format": "http://localhost:1208/timemap/cdxj/https://www.original-political-cartoon.com/"
  },
  "timegate_uri": "http://localhost:1208/timegate/https://www.original-political-cartoon.com/"
}
