{
  "original_uri": "https://texassignal.com/ted-cruz-proves-himself-wrong-on-energy-inflation/",
  "self": "http://localhost:1208/timemap/json/https://texassignal.com/ted-cruz-proves-himself-wrong-on-energy-inflation/",
  "mementos": {
    "list": [
      {
        "datetime": "2022-06-09T04:14:46Z",
        "uri": "https://web.archive.org/web/20220609041446/https://texassignal.com/ted-cruz-proves-himself-wrong-on-energy-inflation/"
      }
    ],
    "first": {
      "datetime": "2022-06-09T04:14:46Z",
      "uri": "https://web.archive.org/web/20220609041446/https://texassignal.com/ted-cruz-proves-himself-wrong-on-energy-inflation/"
    },
    "last": {
      "datetime": "2022-06-09T04:14:46Z",
      "uri": "https://web.archive.org/web/20220609041446/https://texassignal.com/ted-cruz-proves-himself-wrong-on-energy-inflation/"
    }
  },
  "timemap_uri": {
    "link_format": "http://localhost:1208/timemap/link/https://texassignal.com/ted-cruz-proves-himself-wrong-on-energy-inflation/",
    "json_format": "http://localhost:1208/timemap/json/https://texassignal.com/ted-cruz-proves-himself-wrong-on-energy-inflation/",
    "cdxj_format": "http://localhost:1208/timemap/cdxj/https://texassignal.com/ted-cruz-proves-himself-wrong-on-energy-inflation/"
  },
  "timegate_uri": "http://localhost:1208/timegate/https://texassignal.com/ted-cruz-proves-himself-wrong-on-energy-inflation/"
}
