{
  "original_uri": "https://www.economist.com/leaders/2022/09/29/ignore-putins-fake-referendums-and-keep-helping-ukraine",
  "self": "http://localhost:1208/timemap/json/https://www.economist.com/leaders/2022/09/29/ignore-putins-fake-referendums-and-keep-helping-ukraine",
  "mementos": {
    "list": [
      {
        "datetime": "2022-09-29T10:35:00Z",
        "uri": "http://archive.md/20220929103500/https://www.economist.com/leaders/2022/09/29/ignore-putins-fake-referendums-and-keep-helping-ukraine"
      },
      {
        "datetime": "2022-09-29T14:38:32Z",
        "uri": "https://web.archive.org/web/20220929143832/https://www.economist.com/leaders/2022/09/29/ignore-putins-fake-referendums-and-keep-helping-ukraine"
      },
      {
        "datetime": "2022-10-01T06:43:16Z",
        "uri": "https://web.archive.org/web/20221001064316/https://www.economist.com/leaders/2022/09/29/ignore-putins-fake-referendums-and-keep-helping-ukraine"
      }
    ],
    "first": {
      "datetime": "2022-09-29T10:35:00Z",
      "uri": "http://archive.md/20220929103500/https://www.economist.com/leaders/2022/09/29/ignore-putins-fake-referendums-and-keep-helping-ukraine"
    },
    "last": {
      "datetime": "2022-10-01T06:43:16Z",
      "uri": "https://web.archive.org/web/20221001064316/https://www.economist.com/leaders/2022/09/29/ignore-putins-fake-referendums-and-keep-helping-ukraine"
    }
  },
  "timemap_uri": {
    "link_format": "http://localhost:1208/timemap/link/https://www.economist.com/leaders/2022/09/29/ignore-putins-fake-referendums-and-keep-helping-ukraine",
    "json_format": "http://localhost:1208/timemap/json/https://www.economist.com/leaders/2022/09/29/ignore-putins-fake-referendums-and-keep-helping-ukraine",
    "cdxj_format": "http://localhost:1208/timemap/cdxj/https://www.economist.com/leaders/2022/09/29/ignore-putins-fake-referendums-and-keep-helping-ukraine"
  },
  "timegate_uri": "http://localhost:1208/timegate/https://www.economist.com/leaders/2022/09/29/ignore-putins-fake-referendums-and-keep-helping-ukraine"
}
