{
  "original_uri": "https://www.msnbc.com/opinion/msnbc-opinion/russia-escalates-west-s-caution-arming-ukraine-sensible-n1299115",
  "self": "http://localhost:1208/timemap/json/https://www.msnbc.com/opinion/msnbc-opinion/russia-escalates-west-s-caution-arming-ukraine-sensible-n1299115",
  "mementos": {
    "list": [
      {
        "datetime": "2022-09-30T02:25:18Z",
        "uri": "https://web.archive.org/web/20220930022518/https://www.msnbc.com/opinion/msnbc-opinion/russia-escalates-west-s-caution-arming-ukraine-sensible-n1299115"
      }
    ],
    "first": {
      "datetime": "2022-09-30T02:25:18Z",
      "uri": "https://web.archive.org/web/20220930022518/https://www.msnbc.com/opinion/msnbc-opinion/russia-escalates-west-s-caution-arming-ukraine-sensible-n1299115"
    },
    "last": {
      "datetime": "2022-09-30T02:25:18Z",
      "uri": "https://web.archive.org/web/20220930022518/https://www.msnbc.com/opinion/msnbc-opinion/russia-escalates-west-s-caution-arming-ukraine-sensible-n1299115"
    }
  },
  "timemap_uri": {
    "link_format": "http://localhost:1208/timemap/link/https://www.msnbc.com/opinion/msnbc-opinion/russia-escalates-west-s-caution-arming-ukraine-sensible-n1299115",
    "json_format": "http://localhost:1208/timemap/json/https://www.msnbc.com/opinion/msnbc-opinion/russia-escalates-west-s-caution-arming-ukraine-sensible-n1299115",
    "cdxj_format": "http://localhost:1208/timemap/cdxj/https://www.msnbc.com/opinion/msnbc-opinion/russia-escalates-west-s-caution-arming-ukraine-sensible-n1299115"
  },
  "timegate_uri": "http://localhost:1208/timegate/https://www.msnbc.com/opinion/msnbc-opinion/russia-escalates-west-s-caution-arming-ukraine-sensible-n1299115"
}
