{
  "original_uri": "https://www.baltimoresun.com/news/crime/bs-md-cr-baltimore-doctor-indicted-in-russian-information-conspiracy-20220929-veyfbumds5ba5cejsyaavuzrvu-story.html",
  "self": "http://localhost:1208/timemap/json/https://www.baltimoresun.com/news/crime/bs-md-cr-baltimore-doctor-indicted-in-russian-information-conspiracy-20220929-veyfbumds5ba5cejsyaavuzrvu-story.html",
  "mementos": {
    "list": [
      {
        "datetime": "2022-09-29T20:32:32Z",
        "uri": "http://archive.md/20220929203232/https://www.baltimoresun.com/news/crime/bs-md-cr-baltimore-doctor-indicted-in-russian-information-conspiracy-20220929-veyfbumds5ba5cejsyaavuzrvu-story.html"
      },
      {
        "datetime": "2022-09-30T13:35:22Z",
        "uri": "https://web.archive.org/web/20220930133522/https://www.baltimoresun.com/news/crime/bs-md-cr-baltimore-doctor-indicted-in-russian-information-conspiracy-20220929-veyfbumds5ba5cejsyaavuzrvu-story.html"
      },
      {
        "datetime": "2022-10-01T13:27:22Z",
        "uri": "https://wayback.archive-it.org/all/20221001132722/https://www.baltimoresun.com/news/crime/bs-md-cr-baltimore-doctor-indicted-in-russian-information-conspiracy-20220929-veyfbumds5ba5cejsyaavuzrvu-story.html"
      },
      {
        "datetime": "2022-10-01T13:51:40Z",
        "uri": "https://web.archive.org/web/20221001135140/https://www.baltimoresun.com/news/crime/bs-md-cr-baltimore-doctor-indicted-in-russian-information-conspiracy-20220929-veyfbumds5ba5cejsyaavuzrvu-story.html"
      }
    ],
    "first": {
      "datetime": "2022-09-29T20:32:32Z",
      "uri": "http://archive.md/20220929203232/https://www.baltimoresun.com/news/crime/bs-md-cr-baltimore-doctor-indicted-in-russian-information-conspiracy-20220929-veyfbumds5ba5cejsyaavuzrvu-story.html"
    },
    "last": {
      "datetime": "2022-10-01T13:51:40Z",
      "uri": "https://web.archive.org/web/20221001135140/https://www.baltimoresun.com/news/crime/bs-md-cr-baltimore-doctor-indicted-in-russian-information-conspiracy-20220929-veyfbumds5ba5cejsyaavuzrvu-story.html"
    }
  },
  "timemap_uri": {
    "link_format": "http://localhost:1208/timemap/link/https://www.baltimoresun.com/news/crime/bs-md-cr-baltimore-doctor-indicted-in-russian-information-conspiracy-20220929-veyfbumds5ba5cejsyaavuzrvu-story.html",
    "json_format": "http://localhost:1208/timemap/json/https://www.baltimoresun.com/news/crime/bs-md-cr-baltimore-doctor-indicted-in-russian-information-conspiracy-20220929-veyfbumds5ba5cejsyaavuzrvu-story.html",
    "cdxj_format": "http://localhost:1208/timemap/cdxj/https://www.baltimoresun.com/news/crime/bs-md-cr-baltimore-doctor-indicted-in-russian-information-conspiracy-20220929-veyfbumds5ba5cejsyaavuzrvu-story.html"
  },
  "timegate_uri": "http://localhost:1208/timegate/https://www.baltimoresun.com/news/crime/bs-md-cr-baltimore-doctor-indicted-in-russian-information-conspiracy-20220929-veyfbumds5ba5cejsyaavuzrvu-story.html"
}
