{
  "original_uri": "https://eutoday.net/news/politics/2022/why-are-american-conservatives-garroting-the-nation-that-helped-make-america-great-again",
  "self": "http://localhost:1208/timemap/json/https://eutoday.net/news/politics/2022/why-are-american-conservatives-garroting-the-nation-that-helped-make-america-great-again",
  "mementos": {
    "list": [
      {
        "datetime": "2022-09-24T07:17:42Z",
        "uri": "https://web.archive.org/web/20220924071742/https://eutoday.net/news/politics/2022/why-are-american-conservatives-garroting-the-nation-that-helped-make-america-great-again"
      },
      {
        "datetime": "2022-09-29T21:31:26Z",
        "uri": "http://archive.md/20220929213126/https://eutoday.net/news/politics/2022/why-are-american-conservatives-garroting-the-nation-that-helped-make-america-great-again"
      }
    ],
    "first": {
      "datetime": "2022-09-24T07:17:42Z",
      "uri": "https://web.archive.org/web/20220924071742/https://eutoday.net/news/politics/2022/why-are-american-conservatives-garroting-the-nation-that-helped-make-america-great-again"
    },
    "last": {
      "datetime": "2022-09-29T21:31:26Z",
      "uri": "http://archive.md/20220929213126/https://eutoday.net/news/politics/2022/why-are-american-conservatives-garroting-the-nation-that-helped-make-america-great-again"
    }
  },
  "timemap_uri": {
    "link_format": "http://localhost:1208/timemap/link/https://eutoday.net/news/politics/2022/why-are-american-conservatives-garroting-the-nation-that-helped-make-america-great-again",
    "json_format": "http://localhost:1208/timemap/json/https://eutoday.net/news/politics/2022/why-are-american-conservatives-garroting-the-nation-that-helped-make-america-great-again",
    "cdxj_format": "http://localhost:1208/timemap/cdxj/https://eutoday.net/news/politics/2022/why-are-american-conservatives-garroting-the-nation-that-helped-make-america-great-again"
  },
  "timegate_uri": "http://localhost:1208/timegate/https://eutoday.net/news/politics/2022/why-are-american-conservatives-garroting-the-nation-that-helped-make-america-great-again"
}
