{
  "original_uri": "https://caitlinjohnstone.com/2022/09/29/new-zealands-pm-wants-more-online-censorship-for-the-war-in-ukraine/",
  "self": "http://localhost:1208/timemap/json/https://caitlinjohnstone.com/2022/09/29/new-zealands-pm-wants-more-online-censorship-for-the-war-in-ukraine/",
  "mementos": {
    "list": [
      {
        "datetime": "2022-09-29T17:10:36Z",
        "uri": "http://archive.md/20220929171036/https://caitlinjohnstone.com/2022/09/29/new-zealands-pm-wants-more-online-censorship-for-the-war-in-ukraine/"
      }
    ],
    "first": {
      "datetime": "2022-09-29T17:10:36Z",
      "uri": "http://archive.md/20220929171036/https://caitlinjohnstone.com/2022/09/29/new-zealands-pm-wants-more-online-censorship-for-the-war-in-ukraine/"
    },
    "last": {
      "datetime": "2022-09-29T17:10:36Z",
      "uri": "http://archive.md/20220929171036/https://caitlinjohnstone.com/2022/09/29/new-zealands-pm-wants-more-online-censorship-for-the-war-in-ukraine/"
    }
  },
  "timemap_uri": {
    "link_format": "http://localhost:1208/timemap/link/https://caitlinjohnstone.com/2022/09/29/new-zealands-pm-wants-more-online-censorship-for-the-war-in-ukraine/",
    "json_format": "http://localhost:1208/timemap/json/https://caitlinjohnstone.com/2022/09/29/new-zealands-pm-wants-more-online-censorship-for-the-war-in-ukraine/",
    "cdxj_format": "http://localhost:1208/timemap/cdxj/https://caitlinjohnstone.com/2022/09/29/new-zealands-pm-wants-more-online-censorship-for-the-war-in-ukraine/"
  },
  "timegate_uri": "http://localhost:1208/timegate/https://caitlinjohnstone.com/2022/09/29/new-zealands-pm-wants-more-online-censorship-for-the-war-in-ukraine/"
}
