{
  "original_uri": "https://www.bbc.co.uk/news/world-europe-63072113",
  "self": "http://localhost:1208/timemap/json/https://www.bbc.co.uk/news/world-europe-63072113",
  "mementos": {
    "list": [
      {
        "datetime": "2022-09-29T10:10:52Z",
        "uri": "https://web.archive.org/web/20220929101052/https://www.bbc.co.uk/news/world-europe-63072113"
      },
      {
        "datetime": "2022-09-29T12:04:06Z",
        "uri": "https://web.archive.org/web/20220929120406/https://www.bbc.co.uk/news/world-europe-63072113"
      },
      {
        "datetime": "2022-09-29T13:24:45Z",
        "uri": "https://wayback.archive-it.org/all/20220929132445/https://www.bbc.co.uk/news/world-europe-63072113"
      },
      {
        "datetime": "2022-09-29T20:57:34Z",
        "uri": "https://wayback.archive-it.org/all/20220929205734/https://www.bbc.co.uk/news/world-europe-63072113"
      },
      {
        "datetime": "2022-09-29T21:09:58Z",
        "uri": "https://web.archive.org/web/20220929210958/https://www.bbc.co.uk/news/world-europe-63072113"
      },
      {
        "datetime": "2022-09-29T21:09:58Z",
        "uri": "https://web.archive.org/web/20220929210958/https://bbc.co.uk/news/world-europe-63072113"
      },
      {
        "datetime": "2022-09-29T21:34:53Z",
        "uri": "https://wayback.archive-it.org/all/20220929213453/https://www.bbc.co.uk/news/world-europe-63072113"
      },
      {
        "datetime": "2022-09-30T06:55:22Z",
        "uri": "https://web.archive.org/web/20220930065522/https://www.bbc.co.uk/news/world-europe-63072113"
      },
      {
        "datetime": "2022-09-30T11:08:03Z",
        "uri": "http://archive.md/20220930110803/https://www.bbc.co.uk/news/world-europe-63072113"
      },
      {
        "datetime": "2022-10-01T12:42:33Z",
        "uri": "https://wayback.archive-it.org/all/20221001124233/https://www.bbc.co.uk/news/world-europe-63072113"
      }
    ],
    "first": {
      "datetime": "2022-09-29T10:10:52Z",
      "uri": "https://web.archive.org/web/20220929101052/https://www.bbc.co.uk/news/world-europe-63072113"
    },
    "last": {
      "datetime": "2022-10-01T12:42:33Z",
      "uri": "https://wayback.archive-it.org/all/20221001124233/https://www.bbc.co.uk/news/world-europe-63072113"
    }
  },
  "timemap_uri": {
    "link_format": "http://localhost:1208/timemap/link/https://www.bbc.co.uk/news/world-europe-63072113",
    "json_format": "http://localhost:1208/timemap/json/https://www.bbc.co.uk/news/world-europe-63072113",
    "cdxj_format": "http://localhost:1208/timemap/cdxj/https://www.bbc.co.uk/news/world-europe-63072113"
  },
  "timegate_uri": "http://localhost:1208/timegate/https://www.bbc.co.uk/news/world-europe-63072113"
}
