{
  "original_uri": "https://www.independent.co.uk/independentpremium/world/putin-ukraine-kremlin-annex-referendum-b2178730.html",
  "self": "http://localhost:1208/timemap/json/https://www.independent.co.uk/independentpremium/world/putin-ukraine-kremlin-annex-referendum-b2178730.html",
  "mementos": {
    "list": [
      {
        "datetime": "2022-09-29T22:06:25Z",
        "uri": "http://archive.md/20220929220625/https://www.independent.co.uk/independentpremium/world/putin-ukraine-kremlin-annex-referendum-b2178730.html"
      }
    ],
    "first": {
      "datetime": "2022-09-29T22:06:25Z",
      "uri": "http://archive.md/20220929220625/https://www.independent.co.uk/independentpremium/world/putin-ukraine-kremlin-annex-referendum-b2178730.html"
    },
    "last": {
      "datetime": "2022-09-29T22:06:25Z",
      "uri": "http://archive.md/20220929220625/https://www.independent.co.uk/independentpremium/world/putin-ukraine-kremlin-annex-referendum-b2178730.html"
    }
  },
  "timemap_uri": {
    "link_format": "http://localhost:1208/timemap/link/https://www.independent.co.uk/independentpremium/world/putin-ukraine-kremlin-annex-referendum-b2178730.html",
    "json_format": "http://localhost:1208/timemap/json/https://www.independent.co.uk/independentpremium/world/putin-ukraine-kremlin-annex-referendum-b2178730.html",
    "cdxj_format": "http://localhost:1208/timemap/cdxj/https://www.independent.co.uk/independentpremium/world/putin-ukraine-kremlin-annex-referendum-b2178730.html"
  },
  "timegate_uri": "http://localhost:1208/timegate/https://www.independent.co.uk/independentpremium/world/putin-ukraine-kremlin-annex-referendum-b2178730.html"
}
