{
  "original_uri": "https://www.poynter.org/newsletters/2021/why-jim-cantore-and-hurricane-reporters-in-the-eye-of-the-storm-matter/",
  "self": "http://localhost:1208/timemap/json/https://www.poynter.org/newsletters/2021/why-jim-cantore-and-hurricane-reporters-in-the-eye-of-the-storm-matter/",
  "mementos": {
    "list": [
      {
        "datetime": "2021-08-30T12:52:09Z",
        "uri": "https://web.archive.org/web/20210830125209/https://www.poynter.org/newsletters/2021/why-jim-cantore-and-hurricane-reporters-in-the-eye-of-the-storm-matter/"
      },
      {
        "datetime": "2021-08-30T16:35:44Z",
        "uri": "https://web.archive.org/web/20210830163544/https://www.poynter.org/newsletters/2021/why-jim-cantore-and-hurricane-reporters-in-the-eye-of-the-storm-matter/"
      },
      {
        "datetime": "2021-08-30T16:36:33Z",
        "uri": "https://web.archive.org/web/20210830163633/https://www.poynter.org/newsletters/2021/why-jim-cantore-and-hurricane-reporters-in-the-eye-of-the-storm-matter/"
      },
      {
        "datetime": "2021-09-01T18:33:25Z",
        "uri": "https://web.archive.org/web/20210901183325/https://www.poynter.org/newsletters/2021/why-jim-cantore-and-hurricane-reporters-in-the-eye-of-the-storm-matter/"
      },
      {
        "datetime": "2021-09-18T16:15:37Z",
        "uri": "https://web.archive.org/web/20210918161537/https://www.poynter.org/newsletters/2021/why-jim-cantore-and-hurricane-reporters-in-the-eye-of-the-storm-matter/"
      },
      {
        "datetime": "2021-10-21T03:17:09Z",
        "uri": "https://web.archive.org/web/20211021031709/https://www.poynter.org/newsletters/2021/why-jim-cantore-and-hurricane-reporters-in-the-eye-of-the-storm-matter/"
      },
      {
        "datetime": "2021-12-11T04:04:34Z",
        "uri": "https://web.archive.org/web/20211211040434/https://www.poynter.org/newsletters/2021/why-jim-cantore-and-hurricane-reporters-in-the-eye-of-the-storm-matter/"
      },
      {
        "datetime": "2021-12-17T10:18:34Z",
        "uri": "https://web.archive.org/web/20211217101834/https://www.poynter.org/newsletters/2021/why-jim-cantore-and-hurricane-reporters-in-the-eye-of-the-storm-matter/"
      },
      {
        "datetime": "2022-08-27T23:11:43Z",
        "uri": "https://web.archive.org/web/20220827231143/https://www.poynter.org/newsletters/2021/why-jim-cantore-and-hurricane-reporters-in-the-eye-of-the-storm-matter/"
      }
    ],
    "first": {
      "datetime": "2021-08-30T12:52:09Z",
      "uri": "https://web.archive.org/web/20210830125209/https://www.poynter.org/newsletters/2021/why-jim-cantore-and-hurricane-reporters-in-the-eye-of-the-storm-matter/"
    },
    "last": {
      "datetime": "2022-08-27T23:11:43Z",
      "uri": "https://web.archive.org/web/20220827231143/https://www.poynter.org/newsletters/2021/why-jim-cantore-and-hurricane-reporters-in-the-eye-of-the-storm-matter/"
    }
  },
  "timemap_uri": {
    "link_format": "http://localhost:1208/timemap/link/https://www.poynter.org/newsletters/2021/why-jim-cantore-and-hurricane-reporters-in-the-eye-of-the-storm-matter/",
    "json_format": "http://localhost:1208/timemap/json/https://www.poynter.org/newsletters/2021/why-jim-cantore-and-hurricane-reporters-in-the-eye-of-the-storm-matter/",
    "cdxj_format": "http://localhost:1208/timemap/cdxj/https://www.poynter.org/newsletters/2021/why-jim-cantore-and-hurricane-reporters-in-the-eye-of-the-storm-matter/"
  },
  "timegate_uri": "http://localhost:1208/timegate/https://www.poynter.org/newsletters/2021/why-jim-cantore-and-hurricane-reporters-in-the-eye-of-the-storm-matter/"
}
