{
  "original_uri": "https://www.globaltimes.cn/page/202209/1276372.shtml#.YzXQldvPucY.twitter",
  "self": "http://localhost:1208/timemap/json/https://www.globaltimes.cn/page/202209/1276372.shtml#.YzXQldvPucY.twitter",
  "mementos": {
    "list": [
      {
        "datetime": "2022-09-29T12:20:22Z",
        "uri": "http://archive.md/20220929122022/https://www.globaltimes.cn/page/202209/1276372.shtml"
      }
    ],
    "first": {
      "datetime": "2022-09-29T12:20:22Z",
      "uri": "http://archive.md/20220929122022/https://www.globaltimes.cn/page/202209/1276372.shtml"
    },
    "last": {
      "datetime": "2022-09-29T12:20:22Z",
      "uri": "http://archive.md/20220929122022/https://www.globaltimes.cn/page/202209/1276372.shtml"
    }
  },
  "timemap_uri": {
    "link_format": "http://localhost:1208/timemap/link/https://www.globaltimes.cn/page/202209/1276372.shtml#.YzXQldvPucY.twitter",
    "json_format": "http://localhost:1208/timemap/json/https://www.globaltimes.cn/page/202209/1276372.shtml#.YzXQldvPucY.twitter",
    "cdxj_format": "http://localhost:1208/timemap/cdxj/https://www.globaltimes.cn/page/202209/1276372.shtml#.YzXQldvPucY.twitter"
  },
  "timegate_uri": "http://localhost:1208/timegate/https://www.globaltimes.cn/page/202209/1276372.shtml#.YzXQldvPucY.twitter"
}
