{
  "original_uri": "https://www.salvationarmyusa.org/usn/ukraine-disaster-and-refugee-relief?URLShortenerUkraine",
  "self": "http://localhost:1208/timemap/json/https://www.salvationarmyusa.org/usn/ukraine-disaster-and-refugee-relief?URLShortenerUkraine",
  "mementos": {
    "list": [
      {
        "datetime": "2022-03-01T23:21:48Z",
        "uri": "https://web.archive.org/web/20220301232148/https://www.salvationarmyusa.org/usn/ukraine-disaster-and-refugee-relief?URLShortenerUkraine"
      },
      {
        "datetime": "2022-03-08T10:44:09Z",
        "uri": "https://web.archive.org/web/20220308104409/https://www.salvationarmyusa.org/usn/ukraine-disaster-and-refugee-relief?URLShortenerUkraine"
      },
      {
        "datetime": "2022-04-11T17:37:06Z",
        "uri": "https://web.archive.org/web/20220411173706/https://www.salvationarmyusa.org/usn/ukraine-disaster-and-refugee-relief?URLShortenerUkraine"
      },
      {
        "datetime": "2022-04-14T13:19:08Z",
        "uri": "https://web.archive.org/web/20220414131908/https://www.salvationarmyusa.org/usn/ukraine-disaster-and-refugee-relief?URLShortenerUkraine"
      }
    ],
    "first": {
      "datetime": "2022-03-01T23:21:48Z",
      "uri": "https://web.archive.org/web/20220301232148/https://www.salvationarmyusa.org/usn/ukraine-disaster-and-refugee-relief?URLShortenerUkraine"
    },
    "last": {
      "datetime": "2022-04-14T13:19:08Z",
      "uri": "https://web.archive.org/web/20220414131908/https://www.salvationarmyusa.org/usn/ukraine-disaster-and-refugee-relief?URLShortenerUkraine"
    }
  },
  "timemap_uri": {
    "link_format": "http://localhost:1208/timemap/link/https://www.salvationarmyusa.org/usn/ukraine-disaster-and-refugee-relief?URLShortenerUkraine",
    "json_format": "http://localhost:1208/timemap/json/https://www.salvationarmyusa.org/usn/ukraine-disaster-and-refugee-relief?URLShortenerUkraine",
    "cdxj_format": "http://localhost:1208/timemap/cdxj/https://www.salvationarmyusa.org/usn/ukraine-disaster-and-refugee-relief?URLShortenerUkraine"
  },
  "timegate_uri": "http://localhost:1208/timegate/https://www.salvationarmyusa.org/usn/ukraine-disaster-and-refugee-relief?URLShortenerUkraine"
}
