{
  "original_uri": "https://abc7news.com/hurricane-ian-florida-tracker-warning-orlando-weather/12278131/",
  "self": "http://localhost:1208/timemap/json/https://abc7news.com/hurricane-ian-florida-tracker-warning-orlando-weather/12278131/",
  "mementos": {
    "list": [
      {
        "datetime": "2022-09-30T08:59:48Z",
        "uri": "https://wayback.archive-it.org/all/20220930085948/https://abc7news.com/hurricane-ian-florida-tracker-warning-orlando-weather/12278131/"
      }
    ],
    "first": {
      "datetime": "2022-09-30T08:59:48Z",
      "uri": "https://wayback.archive-it.org/all/20220930085948/https://abc7news.com/hurricane-ian-florida-tracker-warning-orlando-weather/12278131/"
    },
    "last": {
      "datetime": "2022-09-30T08:59:48Z",
      "uri": "https://wayback.archive-it.org/all/20220930085948/https://abc7news.com/hurricane-ian-florida-tracker-warning-orlando-weather/12278131/"
    }
  },
  "timemap_uri": {
    "link_format": "http://localhost:1208/timemap/link/https://abc7news.com/hurricane-ian-florida-tracker-warning-orlando-weather/12278131/",
    "json_format": "http://localhost:1208/timemap/json/https://abc7news.com/hurricane-ian-florida-tracker-warning-orlando-weather/12278131/",
    "cdxj_format": "http://localhost:1208/timemap/cdxj/https://abc7news.com/hurricane-ian-florida-tracker-warning-orlando-weather/12278131/"
  },
  "timegate_uri": "http://localhost:1208/timegate/https://abc7news.com/hurricane-ian-florida-tracker-warning-orlando-weather/12278131/"
}
