{
  "original_uri": "https://www.economist.com/leaders/2022/09/29/irans-tired-regime-is-living-on-borrowed-time",
  "self": "http://localhost:1208/timemap/json/https://www.economist.com/leaders/2022/09/29/irans-tired-regime-is-living-on-borrowed-time",
  "mementos": {
    "list": [
      {
        "datetime": "2022-09-29T16:01:16Z",
        "uri": "http://archive.md/20220929160116/https://www.economist.com/leaders/2022/09/29/irans-tired-regime-is-living-on-borrowed-time"
      },
      {
        "datetime": "2022-09-30T04:32:15Z",
        "uri": "https://web.archive.org/web/20220930043215/https://www.economist.com/leaders/2022/09/29/irans-tired-regime-is-living-on-borrowed-time"
      },
      {
        "datetime": "2022-10-01T09:04:53Z",
        "uri": "http://archive.md/20221001090453/https://www.economist.com/leaders/2022/09/29/irans-tired-regime-is-living-on-borrowed-time"
      }
    ],
    "first": {
      "datetime": "2022-09-29T16:01:16Z",
      "uri": "http://archive.md/20220929160116/https://www.economist.com/leaders/2022/09/29/irans-tired-regime-is-living-on-borrowed-time"
    },
    "last": {
      "datetime": "2022-10-01T09:04:53Z",
      "uri": "http://archive.md/20221001090453/https://www.economist.com/leaders/2022/09/29/irans-tired-regime-is-living-on-borrowed-time"
    }
  },
  "timemap_uri": {
    "link_format": "http://localhost:1208/timemap/link/https://www.economist.com/leaders/2022/09/29/irans-tired-regime-is-living-on-borrowed-time",
    "json_format": "http://localhost:1208/timemap/json/https://www.economist.com/leaders/2022/09/29/irans-tired-regime-is-living-on-borrowed-time",
    "cdxj_format": "http://localhost:1208/timemap/cdxj/https://www.economist.com/leaders/2022/09/29/irans-tired-regime-is-living-on-borrowed-time"
  },
  "timegate_uri": "http://localhost:1208/timegate/https://www.economist.com/leaders/2022/09/29/irans-tired-regime-is-living-on-borrowed-time"
}
