{
  "original_uri": "https://lawandcrime.com/2020-election/judge-advances-venezuelan-businessmans-defamation-suit-against-fox-and-lou-dobbs-they-may-have-purposefully-avoided-the-truth-about-election/",
  "self": "http://localhost:1208/timemap/json/https://lawandcrime.com/2020-election/judge-advances-venezuelan-businessmans-defamation-suit-against-fox-and-lou-dobbs-they-may-have-purposefully-avoided-the-truth-about-election/",
  "mementos": {
    "list": [
      {
        "datetime": "2022-09-27T23:08:36Z",
        "uri": "https://web.archive.org/web/20220927230836/https://lawandcrime.com/2020-election/judge-advances-venezuelan-businessmans-defamation-suit-against-fox-and-lou-dobbs-they-may-have-purposefully-avoided-the-truth-about-election/"
      },
      {
        "datetime": "2022-09-27T23:13:23Z",
        "uri": "https://web.archive.org/web/20220927231323/https://lawandcrime.com/2020-election/judge-advances-venezuelan-businessmans-defamation-suit-against-fox-and-lou-dobbs-they-may-have-purposefully-avoided-the-truth-about-election/"
      },
      {
        "datetime": "2022-09-28T00:24:24Z",
        "uri": "https://web.archive.org/web/20220928002424/https://lawandcrime.com/2020-election/judge-advances-venezuelan-businessmans-defamation-suit-against-fox-and-lou-dobbs-they-may-have-purposefully-avoided-the-truth-about-election/"
      },
      {
        "datetime": "2022-09-28T00:50:32Z",
        "uri": "https://web.archive.org/web/20220928005032/https://lawandcrime.com/2020-election/judge-advances-venezuelan-businessmans-defamation-suit-against-fox-and-lou-dobbs-they-may-have-purposefully-avoided-the-truth-about-election/"
      },
      {
        "datetime": "2022-09-28T02:32:09Z",
        "uri": "https://web.archive.org/web/20220928023209/https://lawandcrime.com/2020-election/judge-advances-venezuelan-businessmans-defamation-suit-against-fox-and-lou-dobbs-they-may-have-purposefully-avoided-the-truth-about-election/"
      }
    ],
    "first": {
      "datetime": "2022-09-27T23:08:36Z",
      "uri": "https://web.archive.org/web/20220927230836/https://lawandcrime.com/2020-election/judge-advances-venezuelan-businessmans-defamation-suit-against-fox-and-lou-dobbs-they-may-have-purposefully-avoided-the-truth-about-election/"
    },
    "last": {
      "datetime": "2022-09-28T02:32:09Z",
      "uri": "https://web.archive.org/web/20220928023209/https://lawandcrime.com/2020-election/judge-advances-venezuelan-businessmans-defamation-suit-against-fox-and-lou-dobbs-they-may-have-purposefully-avoided-the-truth-about-election/"
    }
  },
  "timemap_uri": {
    "link_format": "http://localhost:1208/timemap/link/https://lawandcrime.com/2020-election/judge-advances-venezuelan-businessmans-defamation-suit-against-fox-and-lou-dobbs-they-may-have-purposefully-avoided-the-truth-about-election/",
    "json_format": "http://localhost:1208/timemap/json/https://lawandcrime.com/2020-election/judge-advances-venezuelan-businessmans-defamation-suit-against-fox-and-lou-dobbs-they-may-have-purposefully-avoided-the-truth-about-election/",
    "cdxj_format": "http://localhost:1208/timemap/cdxj/https://lawandcrime.com/2020-election/judge-advances-venezuelan-businessmans-defamation-suit-against-fox-and-lou-dobbs-they-may-have-purposefully-avoided-the-truth-about-election/"
  },
  "timegate_uri": "http://localhost:1208/timegate/https://lawandcrime.com/2020-election/judge-advances-venezuelan-businessmans-defamation-suit-against-fox-and-lou-dobbs-they-may-have-purposefully-avoided-the-truth-about-election/"
}
