{
  "original_uri": "https://americanvoice.online/sinema-has-turned-against-biden-and-her-party/",
  "self": "http://localhost:1208/timemap/json/https://americanvoice.online/sinema-has-turned-against-biden-and-her-party/",
  "mementos": {
    "list": [
      {
        "datetime": "2022-08-23T05:07:07Z",
        "uri": "https://web.archive.org/web/20220823050707/https://americanvoice.online/sinema-has-turned-against-biden-and-her-party/"
      },
      {
        "datetime": "2022-09-08T17:09:17Z",
        "uri": "https://web.archive.org/web/20220908170917/https://americanvoice.online/sinema-has-turned-against-biden-and-her-party/"
      },
      {
        "datetime": "2022-09-08T17:09:18Z",
        "uri": "https://web.archive.org/web/20220908170918/https://americanvoice.online/sinema-has-turned-against-biden-and-her-party/"
      }
    ],
    "first": {
      "datetime": "2022-08-23T05:07:07Z",
      "uri": "https://web.archive.org/web/20220823050707/https://americanvoice.online/sinema-has-turned-against-biden-and-her-party/"
    },
    "last": {
      "datetime": "2022-09-08T17:09:18Z",
      "uri": "https://web.archive.org/web/20220908170918/https://americanvoice.online/sinema-has-turned-against-biden-and-her-party/"
    }
  },
  "timemap_uri": {
    "link_format": "http://localhost:1208/timemap/link/https://americanvoice.online/sinema-has-turned-against-biden-and-her-party/",
    "json_format": "http://localhost:1208/timemap/json/https://americanvoice.online/sinema-has-turned-against-biden-and-her-party/",
    "cdxj_format": "http://localhost:1208/timemap/cdxj/https://americanvoice.online/sinema-has-turned-against-biden-and-her-party/"
  },
  "timegate_uri": "http://localhost:1208/timegate/https://americanvoice.online/sinema-has-turned-against-biden-and-her-party/"
}
