{
  "original_uri": "https://www.americanthinker.com/blog/2022/09/bidens_student_loan_amnesty_a_disaster_and_not_just_for_his_debt_forgiveness_for_the_rich.html#.YzXQoVJdiGo.twitter",
  "self": "http://localhost:1208/timemap/json/https://www.americanthinker.com/blog/2022/09/bidens_student_loan_amnesty_a_disaster_and_not_just_for_his_debt_forgiveness_for_the_rich.html#.YzXQoVJdiGo.twitter",
  "mementos": {
    "list": [
      {
        "datetime": "2022-09-30T01:33:39Z",
        "uri": "http://archive.md/20220930013339/https://www.americanthinker.com/blog/2022/09/bidens_student_loan_amnesty_a_disaster_and_not_just_for_his_debt_forgiveness_for_the_rich.html"
      },
      {
        "datetime": "2022-09-30T03:07:45Z",
        "uri": "https://web.archive.org/web/20220930030745/https://www.americanthinker.com/blog/2022/09/bidens_student_loan_amnesty_a_disaster_and_not_just_for_his_debt_forgiveness_for_the_rich.html"
      },
      {
        "datetime": "2022-09-30T16:40:56Z",
        "uri": "https://wayback.archive-it.org/all/20220930164056/https://www.americanthinker.com/blog/2022/09/bidens_student_loan_amnesty_a_disaster_and_not_just_for_his_debt_forgiveness_for_the_rich.html"
      }
    ],
    "first": {
      "datetime": "2022-09-30T01:33:39Z",
      "uri": "http://archive.md/20220930013339/https://www.americanthinker.com/blog/2022/09/bidens_student_loan_amnesty_a_disaster_and_not_just_for_his_debt_forgiveness_for_the_rich.html"
    },
    "last": {
      "datetime": "2022-09-30T16:40:56Z",
      "uri": "https://wayback.archive-it.org/all/20220930164056/https://www.americanthinker.com/blog/2022/09/bidens_student_loan_amnesty_a_disaster_and_not_just_for_his_debt_forgiveness_for_the_rich.html"
    }
  },
  "timemap_uri": {
    "link_format": "http://localhost:1208/timemap/link/https://www.americanthinker.com/blog/2022/09/bidens_student_loan_amnesty_a_disaster_and_not_just_for_his_debt_forgiveness_for_the_rich.html#.YzXQoVJdiGo.twitter",
    "json_format": "http://localhost:1208/timemap/json/https://www.americanthinker.com/blog/2022/09/bidens_student_loan_amnesty_a_disaster_and_not_just_for_his_debt_forgiveness_for_the_rich.html#.YzXQoVJdiGo.twitter",
    "cdxj_format": "http://localhost:1208/timemap/cdxj/https://www.americanthinker.com/blog/2022/09/bidens_student_loan_amnesty_a_disaster_and_not_just_for_his_debt_forgiveness_for_the_rich.html#.YzXQoVJdiGo.twitter"
  },
  "timegate_uri": "http://localhost:1208/timegate/https://www.americanthinker.com/blog/2022/09/bidens_student_loan_amnesty_a_disaster_and_not_just_for_his_debt_forgiveness_for_the_rich.html#.YzXQoVJdiGo.twitter"
}
