{
  "original_uri": "https://www.dailymail.co.uk/news/article-11219419/Lara-Logan-claims-Jill-Biden-knows-husband-dementia.html",
  "self": "http://localhost:1208/timemap/json/https://www.dailymail.co.uk/news/article-11219419/Lara-Logan-claims-Jill-Biden-knows-husband-dementia.html",
  "mementos": {
    "list": [
      {
        "datetime": "2022-09-16T13:35:40Z",
        "uri": "https://web.archive.org/web/20220916133540/https://www.dailymail.co.uk/news/article-11219419/Lara-Logan-claims-Jill-Biden-knows-husband-dementia.html"
      },
      {
        "datetime": "2022-09-16T13:54:26Z",
        "uri": "https://web.archive.org/web/20220916135426/https://www.dailymail.co.uk/news/article-11219419/Lara-Logan-claims-Jill-Biden-knows-husband-dementia.html"
      },
      {
        "datetime": "2022-09-16T20:37:28Z",
        "uri": "https://web.archive.org/web/20220916203728/https://www.dailymail.co.uk/news/article-11219419/Lara-Logan-claims-Jill-Biden-knows-husband-dementia.html"
      },
      {
        "datetime": "2022-09-17T13:18:25Z",
        "uri": "http://archive.md/20220917131825/https://www.dailymail.co.uk/news/article-11219419/Lara-Logan-claims-Jill-Biden-knows-husband-dementia.html"
      },
      {
        "datetime": "2022-09-18T17:55:42Z",
        "uri": "https://web.archive.org/web/20220918175542/https://www.dailymail.co.uk/news/article-11219419/Lara-Logan-claims-Jill-Biden-knows-husband-dementia.html"
      },
      {
        "datetime": "2022-09-18T17:55:49Z",
        "uri": "https://web.archive.org/web/20220918175549/https://www.dailymail.co.uk/news/article-11219419/Lara-Logan-claims-Jill-Biden-knows-husband-dementia.html"
      },
      {
        "datetime": "2022-09-21T01:48:13Z",
        "uri": "https://web.archive.org/web/20220921014813/https://www.dailymail.co.uk/news/article-11219419/Lara-Logan-claims-Jill-Biden-knows-husband-dementia.html"
      },
      {
        "datetime": "2022-09-21T14:23:25Z",
        "uri": "https://web.archive.org/web/20220921142325/https://www.dailymail.co.uk/news/article-11219419/Lara-Logan-claims-Jill-Biden-knows-husband-dementia.html"
      },
      {
        "datetime": "2022-09-21T14:23:31Z",
        "uri": "https://web.archive.org/web/20220921142331/https://www.dailymail.co.uk/news/article-11219419/Lara-Logan-claims-Jill-Biden-knows-husband-dementia.html"
      },
      {
        "datetime": "2022-09-22T11:02:50Z",
        "uri": "https://web.archive.org/web/20220922110250/https://www.dailymail.co.uk/news/article-11219419/Lara-Logan-claims-Jill-Biden-knows-husband-dementia.html"
      },
      {
        "datetime": "2022-09-26T14:59:15Z",
        "uri": "https://web.archive.org/web/20220926145915/https://www.dailymail.co.uk/news/article-11219419/Lara-Logan-claims-Jill-Biden-knows-husband-dementia.html"
      }
    ],
    "first": {
      "datetime": "2022-09-16T13:35:40Z",
      "uri": "https://web.archive.org/web/20220916133540/https://www.dailymail.co.uk/news/article-11219419/Lara-Logan-claims-Jill-Biden-knows-husband-dementia.html"
    },
    "last": {
      "datetime": "2022-09-26T14:59:15Z",
      "uri": "https://web.archive.org/web/20220926145915/https://www.dailymail.co.uk/news/article-11219419/Lara-Logan-claims-Jill-Biden-knows-husband-dementia.html"
    }
  },
  "timemap_uri": {
    "link_format": "http://localhost:1208/timemap/link/https://www.dailymail.co.uk/news/article-11219419/Lara-Logan-claims-Jill-Biden-knows-husband-dementia.html",
    "json_format": "http://localhost:1208/timemap/json/https://www.dailymail.co.uk/news/article-11219419/Lara-Logan-claims-Jill-Biden-knows-husband-dementia.html",
    "cdxj_format": "http://localhost:1208/timemap/cdxj/https://www.dailymail.co.uk/news/article-11219419/Lara-Logan-claims-Jill-Biden-knows-husband-dementia.html"
  },
  "timegate_uri": "http://localhost:1208/timegate/https://www.dailymail.co.uk/news/article-11219419/Lara-Logan-claims-Jill-Biden-knows-husband-dementia.html"
}
