{
  "original_uri": "https://apnews.com/article/donald-trump-biden-cabinet-mar-a-lago-government-and-politics-98011436aab2271f464294cc47e58c27",
  "self": "http://localhost:1208/timemap/json/https://apnews.com/article/donald-trump-biden-cabinet-mar-a-lago-government-and-politics-98011436aab2271f464294cc47e58c27",
  "mementos": {
    "list": [
      {
        "datetime": "2022-09-22T20:26:39Z",
        "uri": "https://web.archive.org/web/20220922202639/https://apnews.com/article/donald-trump-biden-cabinet-mar-a-lago-government-and-politics-98011436aab2271f464294cc47e58c27"
      },
      {
        "datetime": "2022-09-22T21:10:33Z",
        "uri": "https://web.archive.org/web/20220922211033/https://apnews.com/article/donald-trump-biden-cabinet-mar-a-lago-government-and-politics-98011436aab2271f464294cc47e58c27"
      },
      {
        "datetime": "2022-09-22T22:55:24Z",
        "uri": "https://web.archive.org/web/20220922225524/https://apnews.com/article/donald-trump-biden-cabinet-mar-a-lago-government-and-politics-98011436aab2271f464294cc47e58c27"
      },
      {
        "datetime": "2022-09-22T23:20:15Z",
        "uri": "https://web.archive.org/web/20220922232015/https://apnews.com/article/donald-trump-biden-cabinet-mar-a-lago-government-and-politics-98011436aab2271f464294cc47e58c27"
      },
      {
        "datetime": "2022-09-22T23:24:16Z",
        "uri": "https://web.archive.org/web/20220922232416/https://apnews.com/article/donald-trump-biden-cabinet-mar-a-lago-government-and-politics-98011436aab2271f464294cc47e58c27"
      },
      {
        "datetime": "2022-09-23T01:19:56Z",
        "uri": "https://web.archive.org/web/20220923011956/https://apnews.com/article/donald-trump-biden-cabinet-mar-a-lago-government-and-politics-98011436aab2271f464294cc47e58c27"
      },
      {
        "datetime": "2022-09-23T13:49:58Z",
        "uri": "https://web.archive.org/web/20220923134958/https://apnews.com/article/donald-trump-biden-cabinet-mar-a-lago-government-and-politics-98011436aab2271f464294cc47e58c27"
      },
      {
        "datetime": "2022-09-25T00:37:48Z",
        "uri": "https://web.archive.org/web/20220925003748/https://apnews.com/article/donald-trump-biden-cabinet-mar-a-lago-government-and-politics-98011436aab2271f464294cc47e58c27"
      },
      {
        "datetime": "2022-09-25T02:30:07Z",
        "uri": "https://web.archive.org/web/20220925023007/https://apnews.com/article/donald-trump-biden-cabinet-mar-a-lago-government-and-politics-98011436aab2271f464294cc47e58c27"
      },
      {
        "datetime": "2022-09-25T11:13:54Z",
        "uri": "https://wayback.archive-it.org/all/20220925111354/https://apnews.com/article/donald-trump-biden-cabinet-mar-a-lago-government-and-politics-98011436aab2271f464294cc47e58c27"
      },
      {
        "datetime": "2022-09-28T01:10:29Z",
        "uri": "https://web.archive.org/web/20220928011029/https://apnews.com/article/donald-trump-biden-cabinet-mar-a-lago-government-and-politics-98011436aab2271f464294cc47e58c27"
      },
      {
        "datetime": "2022-10-01T11:25:16Z",
        "uri": "https://wayback.archive-it.org/all/20221001112516/https://apnews.com/article/donald-trump-biden-cabinet-mar-a-lago-government-and-politics-98011436aab2271f464294cc47e58c27"
      }
    ],
    "first": {
      "datetime": "2022-09-22T20:26:39Z",
      "uri": "https://web.archive.org/web/20220922202639/https://apnews.com/article/donald-trump-biden-cabinet-mar-a-lago-government-and-politics-98011436aab2271f464294cc47e58c27"
    },
    "last": {
      "datetime": "2022-10-01T11:25:16Z",
      "uri": "https://wayback.archive-it.org/all/20221001112516/https://apnews.com/article/donald-trump-biden-cabinet-mar-a-lago-government-and-politics-98011436aab2271f464294cc47e58c27"
    }
  },
  "timemap_uri": {
    "link_format": "http://localhost:1208/timemap/link/https://apnews.com/article/donald-trump-biden-cabinet-mar-a-lago-government-and-politics-98011436aab2271f464294cc47e58c27",
    "json_format": "http://localhost:1208/timemap/json/https://apnews.com/article/donald-trump-biden-cabinet-mar-a-lago-government-and-politics-98011436aab2271f464294cc47e58c27",
    "cdxj_format": "http://localhost:1208/timemap/cdxj/https://apnews.com/article/donald-trump-biden-cabinet-mar-a-lago-government-and-politics-98011436aab2271f464294cc47e58c27"
  },
  "timegate_uri": "http://localhost:1208/timegate/https://apnews.com/article/donald-trump-biden-cabinet-mar-a-lago-government-and-politics-98011436aab2271f464294cc47e58c27"
}
