{
  "original_uri": "https://occupydemocrats.com/2022/09/28/storm-scourge-ron-desantis-voted-no-on-hurricane-sandy-relief-in-2013/",
  "self": "http://localhost:1208/timemap/json/https://occupydemocrats.com/2022/09/28/storm-scourge-ron-desantis-voted-no-on-hurricane-sandy-relief-in-2013/",
  "mementos": {
    "list": [
      {
        "datetime": "2022-09-28T22:35:35Z",
        "uri": "http://archive.md/20220928223535/https://occupydemocrats.com/2022/09/28/storm-scourge-ron-desantis-voted-no-on-hurricane-sandy-relief-in-2013/"
      },
      {
        "datetime": "2022-09-30T05:35:55Z",
        "uri": "https://web.archive.org/web/20220930053555/https://occupydemocrats.com/2022/09/28/storm-scourge-ron-desantis-voted-no-on-hurricane-sandy-relief-in-2013/"
      }
    ],
    "first": {
      "datetime": "2022-09-28T22:35:35Z",
      "uri": "http://archive.md/20220928223535/https://occupydemocrats.com/2022/09/28/storm-scourge-ron-desantis-voted-no-on-hurricane-sandy-relief-in-2013/"
    },
    "last": {
      "datetime": "2022-09-30T05:35:55Z",
      "uri": "https://web.archive.org/web/20220930053555/https://occupydemocrats.com/2022/09/28/storm-scourge-ron-desantis-voted-no-on-hurricane-sandy-relief-in-2013/"
    }
  },
  "timemap_uri": {
    "link_format": "http://localhost:1208/timemap/link/https://occupydemocrats.com/2022/09/28/storm-scourge-ron-desantis-voted-no-on-hurricane-sandy-relief-in-2013/",
    "json_format": "http://localhost:1208/timemap/json/https://occupydemocrats.com/2022/09/28/storm-scourge-ron-desantis-voted-no-on-hurricane-sandy-relief-in-2013/",
    "cdxj_format": "http://localhost:1208/timemap/cdxj/https://occupydemocrats.com/2022/09/28/storm-scourge-ron-desantis-voted-no-on-hurricane-sandy-relief-in-2013/"
  },
  "timegate_uri": "http://localhost:1208/timegate/https://occupydemocrats.com/2022/09/28/storm-scourge-ron-desantis-voted-no-on-hurricane-sandy-relief-in-2013/"
}
