{
  "original_uri": "https://www.pbs.org/newshour/amp/politics/biden-administration-forecasts-1-03-trillion-deficit-down-by-nearly-400-billion",
  "self": "http://localhost:1208/timemap/json/https://www.pbs.org/newshour/amp/politics/biden-administration-forecasts-1-03-trillion-deficit-down-by-nearly-400-billion",
  "mementos": {
    "list": [
      {
        "datetime": "2022-08-23T22:40:14Z",
        "uri": "https://web.archive.org/web/20220823224014/https://www.pbs.org/newshour/amp/politics/biden-administration-forecasts-1-03-trillion-deficit-down-by-nearly-400-billion"
      },
      {
        "datetime": "2022-08-23T22:54:57Z",
        "uri": "https://web.archive.org/web/20220823225457/https://www.pbs.org/newshour/amp/politics/biden-administration-forecasts-1-03-trillion-deficit-down-by-nearly-400-billion"
      },
      {
        "datetime": "2022-08-24T15:13:28Z",
        "uri": "https://web.archive.org/web/20220824151328/https://www.pbs.org/newshour/amp/politics/biden-administration-forecasts-1-03-trillion-deficit-down-by-nearly-400-billion"
      },
      {
        "datetime": "2022-08-24T16:34:42Z",
        "uri": "https://web.archive.org/web/20220824163442/https://www.pbs.org/newshour/amp/politics/biden-administration-forecasts-1-03-trillion-deficit-down-by-nearly-400-billion"
      },
      {
        "datetime": "2022-08-31T20:20:00Z",
        "uri": "https://web.archive.org/web/20220831202000/https://www.pbs.org/newshour/amp/politics/biden-administration-forecasts-1-03-trillion-deficit-down-by-nearly-400-billion"
      },
      {
        "datetime": "2022-09-24T01:38:00Z",
        "uri": "https://web.archive.org/web/20220924013800/https://www.pbs.org/newshour/amp/politics/biden-administration-forecasts-1-03-trillion-deficit-down-by-nearly-400-billion"
      },
      {
        "datetime": "2022-09-27T14:38:00Z",
        "uri": "https://web.archive.org/web/20220927143800/https://www.pbs.org/newshour/amp/politics/biden-administration-forecasts-1-03-trillion-deficit-down-by-nearly-400-billion"
      }
    ],
    "first": {
      "datetime": "2022-08-23T22:40:14Z",
      "uri": "https://web.archive.org/web/20220823224014/https://www.pbs.org/newshour/amp/politics/biden-administration-forecasts-1-03-trillion-deficit-down-by-nearly-400-billion"
    },
    "last": {
      "datetime": "2022-09-27T14:38:00Z",
      "uri": "https://web.archive.org/web/20220927143800/https://www.pbs.org/newshour/amp/politics/biden-administration-forecasts-1-03-trillion-deficit-down-by-nearly-400-billion"
    }
  },
  "timemap_uri": {
    "link_format": "http://localhost:1208/timemap/link/https://www.pbs.org/newshour/amp/politics/biden-administration-forecasts-1-03-trillion-deficit-down-by-nearly-400-billion",
    "json_format": "http://localhost:1208/timemap/json/https://www.pbs.org/newshour/amp/politics/biden-administration-forecasts-1-03-trillion-deficit-down-by-nearly-400-billion",
    "cdxj_format": "http://localhost:1208/timemap/cdxj/https://www.pbs.org/newshour/amp/politics/biden-administration-forecasts-1-03-trillion-deficit-down-by-nearly-400-billion"
  },
  "timegate_uri": "http://localhost:1208/timegate/https://www.pbs.org/newshour/amp/politics/biden-administration-forecasts-1-03-trillion-deficit-down-by-nearly-400-billion"
}
