{
  "original_uri": "https://twinybots.ch/",
  "self": "http://localhost:1208/timemap/json/https://twinybots.ch/",
  "mementos": {
    "list": [
      {
        "datetime": "2019-05-06T18:10:20Z",
        "uri": "https://web.archive.org/web/20190506181020/https://twinybots.ch/"
      },
      {
        "datetime": "2019-06-26T16:33:55Z",
        "uri": "https://web.archive.org/web/20190626163355/http://twinybots.ch/"
      },
      {
        "datetime": "2019-06-30T07:56:14Z",
        "uri": "https://web.archive.org/web/20190630075614/http://twinybots.ch/"
      },
      {
        "datetime": "2019-06-30T07:56:17Z",
        "uri": "https://web.archive.org/web/20190630075617/https://twinybots.ch/"
      },
      {
        "datetime": "2019-08-02T16:31:46Z",
        "uri": "https://web.archive.org/web/20190802163146/https://twinybots.ch/"
      },
      {
        "datetime": "2019-09-21T11:55:49Z",
        "uri": "https://web.archive.org/web/20190921115549/http://twinybots.ch/"
      },
      {
        "datetime": "2019-09-21T11:55:50Z",
        "uri": "https://web.archive.org/web/20190921115550/https://twinybots.ch/"
      },
      {
        "datetime": "2019-09-22T02:54:27Z",
        "uri": "https://web.archive.org/web/20190922025427/http://twinybots.ch/"
      },
      {
        "datetime": "2019-09-22T02:54:28Z",
        "uri": "https://web.archive.org/web/20190922025428/https://twinybots.ch/"
      },
      {
        "datetime": "2019-10-05T23:32:49Z",
        "uri": "https://web.archive.org/web/20191005233249/http://twinybots.ch/"
      },
      {
        "datetime": "2019-10-05T23:32:50Z",
        "uri": "https://web.archive.org/web/20191005233250/https://twinybots.ch/"
      },
      {
        "datetime": "2019-10-12T03:20:16Z",
        "uri": "https://web.archive.org/web/20191012032016/http://twinybots.ch/"
      },
      {
        "datetime": "2019-10-12T03:20:18Z",
        "uri": "https://web.archive.org/web/20191012032018/https://twinybots.ch/"
      },
      {
        "datetime": "2019-10-13T00:35:11Z",
        "uri": "https://wayback.archive-it.org/all/20191013003511/https://twinybots.ch/"
      },
      {
        "datetime": "2019-10-13T00:35:11Z",
        "uri": "https://web.archive.org/web/20191013003511/https://twinybots.ch/"
      },
      {
        "datetime": "2019-10-13T03:04:11Z",
        "uri": "https://wayback.archive-it.org/all/20191013030411/https://twinybots.ch/"
      },
      {
        "datetime": "2019-10-13T03:04:11Z",
        "uri": "https://web.archive.org/web/20191013030411/https://twinybots.ch/"
      },
      {
        "datetime": "2019-10-14T03:49:58Z",
        "uri": "https://wayback.archive-it.org/all/20191014034958/https://twinybots.ch/"
      },
      {
        "datetime": "2019-10-14T03:49:58Z",
        "uri": "https://web.archive.org/web/20191014034958/https://twinybots.ch/"
      },
      {
        "datetime": "2019-10-15T03:05:33Z",
        "uri": "https://wayback.archive-it.org/all/20191015030533/https://twinybots.ch/"
      },
      {
        "datetime": "2019-10-15T03:05:33Z",
        "uri": "https://web.archive.org/web/20191015030533/https://twinybots.ch/"
      },
      {
        "datetime": "2019-10-16T03:12:37Z",
        "uri": "https://wayback.archive-it.org/all/20191016031237/https://twinybots.ch/"
      },
      {
        "datetime": "2019-10-16T03:12:37Z",
        "uri": "https://web.archive.org/web/20191016031237/https://twinybots.ch/"
      },
      {
        "datetime": "2019-10-17T03:26:23Z",
        "uri": "https://wayback.archive-it.org/all/20191017032623/https://twinybots.ch/"
      },
      {
        "datetime": "2019-10-17T03:26:23Z",
        "uri": "https://web.archive.org/web/20191017032623/https://twinybots.ch/"
      },
      {
        "datetime": "2019-10-18T03:44:28Z",
        "uri": "https://wayback.archive-it.org/all/20191018034428/https://twinybots.ch/"
      },
      {
        "datetime": "2019-10-18T03:44:28Z",
        "uri": "https://web.archive.org/web/20191018034428/https://twinybots.ch/"
      },
      {
        "datetime": "2019-11-02T20:15:53Z",
        "uri": "https://web.archive.org/web/20191102201553/http://twinybots.ch/"
      },
      {
        "datetime": "2019-11-02T20:15:59Z",
        "uri": "https://web.archive.org/web/20191102201559/https://twinybots.ch/"
      },
      {
        "datetime": "2019-12-05T01:37:01Z",
        "uri": "https://web.archive.org/web/20191205013701/https://twinybots.ch/"
      },
      {
        "datetime": "2019-12-05T01:37:26Z",
        "uri": "https://web.archive.org/web/20191205013726/https://twinybots.ch/"
      },
      {
        "datetime": "2019-12-10T03:50:35Z",
        "uri": "https://web.archive.org/web/20191210035035/http://twinybots.ch/"
      },
      {
        "datetime": "2019-12-10T03:50:36Z",
        "uri": "https://web.archive.org/web/20191210035036/https://twinybots.ch/"
      },
      {
        "datetime": "2019-12-10T03:50:44Z",
        "uri": "https://web.archive.org/web/20191210035044/https://twinybots.ch/"
      },
      {
        "datetime": "2019-12-10T13:23:57Z",
        "uri": "https://web.archive.org/web/20191210132357/http://twinybots.ch/"
      },
      {
        "datetime": "2019-12-18T05:10:20Z",
        "uri": "https://web.archive.org/web/20191218051020/http://twinybots.ch"
      },
      {
        "datetime": "2019-12-21T02:24:14Z",
        "uri": "https://web.archive.org/web/20191221022414/http://twinybots.ch/"
      },
      {
        "datetime": "2019-12-21T02:24:16Z",
        "uri": "https://web.archive.org/web/20191221022416/https://twinybots.ch/"
      },
      {
        "datetime": "2019-12-28T21:32:01Z",
        "uri": "https://web.archive.org/web/20191228213201/http://twinybots.ch/"
      },
      {
        "datetime": "2019-12-28T21:32:03Z",
        "uri": "https://web.archive.org/web/20191228213203/https://twinybots.ch/"
      },
      {
        "datetime": "2019-12-29T19:48:07Z",
        "uri": "https://web.archive.org/web/20191229194807/http://twinybots.ch/"
      },
      {
        "datetime": "2019-12-29T19:48:08Z",
        "uri": "https://web.archive.org/web/20191229194808/https://twinybots.ch/"
      },
      {
        "datetime": "2019-12-30T18:54:36Z",
        "uri": "https://web.archive.org/web/20191230185436/http://twinybots.ch/"
      },
      {
        "datetime": "2019-12-30T18:54:37Z",
        "uri": "https://web.archive.org/web/20191230185437/https://twinybots.ch/"
      },
      {
        "datetime": "2020-01-01T01:21:03Z",
        "uri": "https://web.archive.org/web/20200101012103/http://twinybots.ch/"
      },
      {
        "datetime": "2020-01-01T01:21:05Z",
        "uri": "https://web.archive.org/web/20200101012105/https://twinybots.ch/"
      },
      {
        "datetime": "2020-01-20T17:30:01Z",
        "uri": "https://web.archive.org/web/20200120173001/http://twinybots.ch/"
      },
      {
        "datetime": "2020-01-20T17:30:03Z",
        "uri": "https://web.archive.org/web/20200120173003/https://twinybots.ch/"
      },
      {
        "datetime": "2020-03-11T03:02:56Z",
        "uri": "https://web.archive.org/web/20200311030256/http://twinybots.ch:80/"
      },
      {
        "datetime": "2020-03-13T03:17:08Z",
        "uri": "https://web.archive.org/web/20200313031708/http://twinybots.ch/"
      },
      {
        "datetime": "2020-03-13T03:17:09Z",
        "uri": "https://web.archive.org/web/20200313031709/https://twinybots.ch/"
      },
      {
        "datetime": "2020-03-21T09:29:10Z",
        "uri": "https://web.archive.org/web/20200321092910/http://twinybots.ch/"
      },
      {
        "datetime": "2020-03-21T09:29:12Z",
        "uri": "https://web.archive.org/web/20200321092912/https://twinybots.ch/"
      },
      {
        "datetime": "2020-03-21T22:58:40Z",
        "uri": "https://web.archive.org/web/20200321225840/https://twinybots.ch/"
      },
      {
        "datetime": "2020-03-21T22:58:40Z",
        "uri": "https://web.archive.org/web/20200321225840/http://twinybots.ch/"
      },
      {
        "datetime": "2020-03-27T23:21:55Z",
        "uri": "https://web.archive.org/web/20200327232155/http://twinybots.ch/"
      },
      {
        "datetime": "2020-03-27T23:21:56Z",
        "uri": "https://web.archive.org/web/20200327232156/https://twinybots.ch/"
      },
      {
        "datetime": "2020-04-01T20:04:27Z",
        "uri": "https://web.archive.org/web/20200401200427/http://twinybots.ch/"
      },
      {
        "datetime": "2020-04-01T20:25:24Z",
        "uri": "https://web.archive.org/web/20200401202524/http://twinybots.ch/"
      },
      {
        "datetime": "2020-04-01T20:59:24Z",
        "uri": "https://web.archive.org/web/20200401205924/https://twinybots.ch/"
      },
      {
        "datetime": "2020-04-06T14:04:11Z",
        "uri": "https://web.archive.org/web/20200406140411/https://twinybots.ch/"
      },
      {
        "datetime": "2020-04-06T14:04:40Z",
        "uri": "https://web.archive.org/web/20200406140440/https://twinybots.ch/"
      },
      {
        "datetime": "2020-04-06T14:05:18Z",
        "uri": "https://web.archive.org/web/20200406140518/https://twinybots.ch/"
      },
      {
        "datetime": "2020-04-17T01:33:00Z",
        "uri": "https://web.archive.org/web/20200417013300/https://twinybots.ch/"
      },
      {
        "datetime": "2020-04-17T01:33:14Z",
        "uri": "https://web.archive.org/web/20200417013314/https://twinybots.ch/"
      },
      {
        "datetime": "2020-04-17T01:33:47Z",
        "uri": "https://web.archive.org/web/20200417013347/https://twinybots.ch/"
      },
      {
        "datetime": "2020-04-17T01:34:17Z",
        "uri": "https://web.archive.org/web/20200417013417/https://twinybots.ch/"
      },
      {
        "datetime": "2020-04-22T20:13:48Z",
        "uri": "https://web.archive.org/web/20200422201348/http://twinybots.ch/"
      },
      {
        "datetime": "2020-04-22T20:13:49Z",
        "uri": "https://web.archive.org/web/20200422201349/http://twinybots.ch/"
      },
      {
        "datetime": "2020-04-22T20:13:54Z",
        "uri": "https://web.archive.org/web/20200422201354/https://twinybots.ch/"
      },
      {
        "datetime": "2020-04-22T20:13:55Z",
        "uri": "https://web.archive.org/web/20200422201355/https://twinybots.ch/"
      },
      {
        "datetime": "2020-04-26T16:41:52Z",
        "uri": "https://web.archive.org/web/20200426164152/https://twinybots.ch/"
      },
      {
        "datetime": "2020-04-26T16:41:58Z",
        "uri": "https://web.archive.org/web/20200426164158/https://twinybots.ch/"
      },
      {
        "datetime": "2020-04-26T16:42:06Z",
        "uri": "https://web.archive.org/web/20200426164206/http://twinybots.ch/"
      },
      {
        "datetime": "2020-04-26T16:42:07Z",
        "uri": "https://web.archive.org/web/20200426164207/https://twinybots.ch/"
      },
      {
        "datetime": "2020-04-26T17:13:35Z",
        "uri": "https://web.archive.org/web/20200426171335/https://twinybots.ch/"
      },
      {
        "datetime": "2020-04-26T17:13:41Z",
        "uri": "https://web.archive.org/web/20200426171341/https://twinybots.ch/"
      },
      {
        "datetime": "2020-04-26T17:13:52Z",
        "uri": "https://web.archive.org/web/20200426171352/http://twinybots.ch/"
      },
      {
        "datetime": "2020-04-26T17:13:54Z",
        "uri": "https://web.archive.org/web/20200426171354/https://twinybots.ch/"
      },
      {
        "datetime": "2020-05-20T15:54:02Z",
        "uri": "https://web.archive.org/web/20200520155402/http://twinybots.ch/"
      },
      {
        "datetime": "2020-05-20T15:54:04Z",
        "uri": "https://web.archive.org/web/20200520155404/https://twinybots.ch/"
      },
      {
        "datetime": "2020-05-21T13:09:03Z",
        "uri": "https://web.archive.org/web/20200521130903/http://twinybots.ch/"
      },
      {
        "datetime": "2020-05-21T13:09:04Z",
        "uri": "https://web.archive.org/web/20200521130904/https://twinybots.ch/"
      },
      {
        "datetime": "2020-05-21T15:02:57Z",
        "uri": "https://web.archive.org/web/20200521150257/http://twinybots.ch/"
      },
      {
        "datetime": "2020-05-21T15:02:58Z",
        "uri": "https://web.archive.org/web/20200521150258/https://twinybots.ch/"
      },
      {
        "datetime": "2020-05-22T06:14:57Z",
        "uri": "https://web.archive.org/web/20200522061457/http://twinybots.ch/"
      },
      {
        "datetime": "2020-05-22T06:14:58Z",
        "uri": "https://web.archive.org/web/20200522061458/https://twinybots.ch/"
      },
      {
        "datetime": "2020-05-22T08:28:59Z",
        "uri": "https://web.archive.org/web/20200522082859/http://twinybots.ch/"
      },
      {
        "datetime": "2020-05-22T08:29:00Z",
        "uri": "https://web.archive.org/web/20200522082900/https://twinybots.ch/"
      },
      {
        "datetime": "2020-06-04T18:02:49Z",
        "uri": "https://web.archive.org/web/20200604180249/http://twinybots.ch/"
      },
      {
        "datetime": "2020-06-08T12:01:34Z",
        "uri": "https://web.archive.org/web/20200608120134/http://twinybots.ch/"
      },
      {
        "datetime": "2020-06-10T20:36:31Z",
        "uri": "https://web.archive.org/web/20200610203631/http://twinybots.ch/"
      },
      {
        "datetime": "2020-06-10T20:36:33Z",
        "uri": "https://web.archive.org/web/20200610203633/https://twinybots.ch/"
      },
      {
        "datetime": "2020-06-11T16:51:26Z",
        "uri": "https://web.archive.org/web/20200611165126/http://twinybots.ch/"
      },
      {
        "datetime": "2020-06-11T16:51:30Z",
        "uri": "https://web.archive.org/web/20200611165130/https://twinybots.ch/"
      },
      {
        "datetime": "2020-06-26T17:45:10Z",
        "uri": "https://web.archive.org/web/20200626174510/http://twinybots.ch/"
      },
      {
        "datetime": "2020-06-26T17:45:11Z",
        "uri": "https://web.archive.org/web/20200626174511/https://twinybots.ch/"
      },
      {
        "datetime": "2020-07-09T10:59:19Z",
        "uri": "https://web.archive.org/web/20200709105919/http://twinybots.ch:80/"
      },
      {
        "datetime": "2020-07-17T08:48:27Z",
        "uri": "https://web.archive.org/web/20200717084827/http://twinybots.ch/"
      },
      {
        "datetime": "2020-07-17T08:48:28Z",
        "uri": "https://web.archive.org/web/20200717084828/https://twinybots.ch/"
      },
      {
        "datetime": "2020-07-17T08:49:43Z",
        "uri": "https://web.archive.org/web/20200717084943/http://twinybots.ch/"
      },
      {
        "datetime": "2020-07-17T08:49:44Z",
        "uri": "https://web.archive.org/web/20200717084944/https://twinybots.ch/"
      },
      {
        "datetime": "2020-07-17T09:43:30Z",
        "uri": "https://web.archive.org/web/20200717094330/https://twinybots.ch/"
      },
      {
        "datetime": "2020-07-17T09:43:30Z",
        "uri": "https://web.archive.org/web/20200717094330/http://twinybots.ch/"
      },
      {
        "datetime": "2020-07-17T10:42:46Z",
        "uri": "https://web.archive.org/web/20200717104246/http://twinybots.ch/"
      },
      {
        "datetime": "2020-07-17T10:42:47Z",
        "uri": "https://web.archive.org/web/20200717104247/https://twinybots.ch/"
      },
      {
        "datetime": "2020-07-17T12:29:01Z",
        "uri": "https://web.archive.org/web/20200717122901/http://twinybots.ch/"
      },
      {
        "datetime": "2020-07-17T12:29:02Z",
        "uri": "https://web.archive.org/web/20200717122902/https://twinybots.ch/"
      },
      {
        "datetime": "2020-07-17T14:07:52Z",
        "uri": "https://web.archive.org/web/20200717140752/http://twinybots.ch/"
      },
      {
        "datetime": "2020-07-17T14:07:55Z",
        "uri": "https://web.archive.org/web/20200717140755/https://twinybots.ch/"
      },
      {
        "datetime": "2020-07-17T15:31:15Z",
        "uri": "https://web.archive.org/web/20200717153115/http://twinybots.ch/"
      },
      {
        "datetime": "2020-07-17T15:31:16Z",
        "uri": "https://web.archive.org/web/20200717153116/https://twinybots.ch/"
      },
      {
        "datetime": "2020-07-17T16:28:48Z",
        "uri": "https://web.archive.org/web/20200717162848/http://twinybots.ch/"
      },
      {
        "datetime": "2020-07-17T16:28:49Z",
        "uri": "https://web.archive.org/web/20200717162849/https://twinybots.ch/"
      },
      {
        "datetime": "2020-07-17T17:20:23Z",
        "uri": "https://web.archive.org/web/20200717172023/http://twinybots.ch/"
      },
      {
        "datetime": "2020-07-17T17:20:24Z",
        "uri": "https://web.archive.org/web/20200717172024/https://twinybots.ch/"
      },
      {
        "datetime": "2020-08-03T11:41:42Z",
        "uri": "https://web.archive.org/web/20200803114142/https://twinybots.ch/"
      },
      {
        "datetime": "2020-08-13T18:47:53Z",
        "uri": "https://web.archive.org/web/20200813184753/http://twinybots.ch/"
      },
      {
        "datetime": "2020-08-16T10:54:15Z",
        "uri": "http://archive.md/20200816105415/https://twinybots.ch/"
      },
      {
        "datetime": "2020-08-17T08:41:45Z",
        "uri": "https://web.archive.org/web/20200817084145/https://twinybots.ch/"
      },
      {
        "datetime": "2020-08-28T23:51:21Z",
        "uri": "https://web.archive.org/web/20200828235121/http://twinybots.ch/"
      },
      {
        "datetime": "2020-08-29T00:09:01Z",
        "uri": "https://web.archive.org/web/20200829000901/http://twinybots.ch/"
      },
      {
        "datetime": "2020-09-01T05:34:59Z",
        "uri": "https://wayback.archive-it.org/all/20200901053459/https://twinybots.ch/"
      },
      {
        "datetime": "2020-09-01T05:34:59Z",
        "uri": "https://web.archive.org/web/20200901053459/https://twinybots.ch/"
      },
      {
        "datetime": "2020-09-02T14:36:31Z",
        "uri": "https://web.archive.org/web/20200902143631/https://twinybots.ch/"
      },
      {
        "datetime": "2020-09-02T17:16:19Z",
        "uri": "https://wayback.archive-it.org/all/20200902171619/https://twinybots.ch/"
      },
      {
        "datetime": "2020-09-02T17:16:19Z",
        "uri": "https://web.archive.org/web/20200902171619/https://twinybots.ch/"
      },
      {
        "datetime": "2020-09-04T00:28:56Z",
        "uri": "https://wayback.archive-it.org/all/20200904002856/https://twinybots.ch/"
      },
      {
        "datetime": "2020-09-04T00:28:56Z",
        "uri": "https://web.archive.org/web/20200904002856/https://twinybots.ch/"
      },
      {
        "datetime": "2020-09-04T12:46:03Z",
        "uri": "https://wayback.archive-it.org/all/20200904124603/https://twinybots.ch/"
      },
      {
        "datetime": "2020-09-04T12:46:03Z",
        "uri": "https://web.archive.org/web/20200904124603/https://twinybots.ch/"
      },
      {
        "datetime": "2020-09-05T04:52:24Z",
        "uri": "https://wayback.archive-it.org/all/20200905045224/https://twinybots.ch/"
      },
      {
        "datetime": "2020-09-05T04:52:24Z",
        "uri": "https://web.archive.org/web/20200905045224/https://twinybots.ch/"
      },
      {
        "datetime": "2020-09-06T11:16:18Z",
        "uri": "https://wayback.archive-it.org/all/20200906111618/https://twinybots.ch/"
      },
      {
        "datetime": "2020-09-06T11:16:18Z",
        "uri": "https://web.archive.org/web/20200906111618/https://twinybots.ch/"
      },
      {
        "datetime": "2020-09-07T06:49:29Z",
        "uri": "https://wayback.archive-it.org/all/20200907064929/https://twinybots.ch/"
      },
      {
        "datetime": "2020-09-07T06:49:29Z",
        "uri": "https://web.archive.org/web/20200907064929/https://twinybots.ch/"
      },
      {
        "datetime": "2020-09-08T07:46:19Z",
        "uri": "https://wayback.archive-it.org/all/20200908074619/https://twinybots.ch/"
      },
      {
        "datetime": "2020-09-08T07:46:19Z",
        "uri": "https://web.archive.org/web/20200908074619/https://twinybots.ch/"
      },
      {
        "datetime": "2020-09-09T13:33:34Z",
        "uri": "https://wayback.archive-it.org/all/20200909133334/https://twinybots.ch/"
      },
      {
        "datetime": "2020-09-09T13:33:34Z",
        "uri": "https://web.archive.org/web/20200909133334/https://twinybots.ch/"
      },
      {
        "datetime": "2020-09-10T06:46:50Z",
        "uri": "https://wayback.archive-it.org/all/20200910064650/https://twinybots.ch/"
      },
      {
        "datetime": "2020-09-10T06:46:50Z",
        "uri": "https://web.archive.org/web/20200910064650/https://twinybots.ch/"
      },
      {
        "datetime": "2020-09-12T08:10:02Z",
        "uri": "https://wayback.archive-it.org/all/20200912081002/https://twinybots.ch/"
      },
      {
        "datetime": "2020-09-12T08:10:02Z",
        "uri": "https://web.archive.org/web/20200912081002/https://twinybots.ch/"
      },
      {
        "datetime": "2020-09-12T15:54:22Z",
        "uri": "https://wayback.archive-it.org/all/20200912155422/https://twinybots.ch/"
      },
      {
        "datetime": "2020-09-12T15:54:22Z",
        "uri": "https://web.archive.org/web/20200912155422/https://twinybots.ch/"
      },
      {
        "datetime": "2020-09-13T08:01:53Z",
        "uri": "https://wayback.archive-it.org/all/20200913080153/https://twinybots.ch/"
      },
      {
        "datetime": "2020-09-13T08:01:53Z",
        "uri": "https://web.archive.org/web/20200913080153/https://twinybots.ch/"
      },
      {
        "datetime": "2020-09-14T07:53:52Z",
        "uri": "https://wayback.archive-it.org/all/20200914075352/https://twinybots.ch/"
      },
      {
        "datetime": "2020-09-14T07:53:52Z",
        "uri": "https://web.archive.org/web/20200914075352/https://twinybots.ch/"
      },
      {
        "datetime": "2020-09-15T09:12:14Z",
        "uri": "https://wayback.archive-it.org/all/20200915091214/https://twinybots.ch/"
      },
      {
        "datetime": "2020-09-15T09:12:14Z",
        "uri": "https://web.archive.org/web/20200915091214/https://twinybots.ch/"
      },
      {
        "datetime": "2020-09-16T09:44:14Z",
        "uri": "https://wayback.archive-it.org/all/20200916094414/https://twinybots.ch/"
      },
      {
        "datetime": "2020-09-16T09:44:14Z",
        "uri": "https://web.archive.org/web/20200916094414/https://twinybots.ch/"
      },
      {
        "datetime": "2020-09-29T16:25:16Z",
        "uri": "https://web.archive.org/web/20200929162516/https://twinybots.ch/"
      },
      {
        "datetime": "2020-09-30T12:31:10Z",
        "uri": "https://web.archive.org/web/20200930123110/http://twinybots.ch/"
      },
      {
        "datetime": "2020-10-01T21:40:17Z",
        "uri": "https://web.archive.org/web/20201001214017/https://twinybots.ch/"
      },
      {
        "datetime": "2020-10-04T21:06:57Z",
        "uri": "https://web.archive.org/web/20201004210657/https://twinybots.ch/"
      },
      {
        "datetime": "2020-10-29T17:02:17Z",
        "uri": "https://web.archive.org/web/20201029170217/https://twinybots.ch/"
      },
      {
        "datetime": "2020-10-30T03:56:51Z",
        "uri": "https://web.archive.org/web/20201030035651/https://twinybots.ch/"
      },
      {
        "datetime": "2020-11-01T01:36:50Z",
        "uri": "https://web.archive.org/web/20201101013650/https://twinybots.ch/"
      },
      {
        "datetime": "2020-11-01T04:29:54Z",
        "uri": "https://web.archive.org/web/20201101042954/https://twinybots.ch/"
      },
      {
        "datetime": "2020-11-01T04:51:22Z",
        "uri": "https://web.archive.org/web/20201101045122/https://twinybots.ch/"
      },
      {
        "datetime": "2020-11-01T04:51:22Z",
        "uri": "https://web.archive.org/web/20201101045122/http://twinybots.ch/"
      },
      {
        "datetime": "2020-11-01T05:58:45Z",
        "uri": "https://web.archive.org/web/20201101055845/https://twinybots.ch/"
      },
      {
        "datetime": "2020-11-01T05:58:45Z",
        "uri": "https://web.archive.org/web/20201101055845/http://twinybots.ch/"
      },
      {
        "datetime": "2020-11-01T14:43:28Z",
        "uri": "https://web.archive.org/web/20201101144328/https://twinybots.ch/"
      },
      {
        "datetime": "2020-11-23T07:29:49Z",
        "uri": "https://web.archive.org/web/20201123072949/http://twinybots.ch/"
      },
      {
        "datetime": "2020-11-23T07:29:52Z",
        "uri": "https://web.archive.org/web/20201123072952/https://twinybots.ch/"
      },
      {
        "datetime": "2020-11-28T19:05:32Z",
        "uri": "https://web.archive.org/web/20201128190532/https://twinybots.ch/"
      },
      {
        "datetime": "2020-12-23T01:55:18Z",
        "uri": "https://web.archive.org/web/20201223015518/https://twinybots.ch/"
      },
      {
        "datetime": "2020-12-29T02:01:31Z",
        "uri": "https://web.archive.org/web/20201229020131/http://twinybots.ch/"
      },
      {
        "datetime": "2020-12-29T02:01:32Z",
        "uri": "https://web.archive.org/web/20201229020132/https://twinybots.ch/"
      },
      {
        "datetime": "2021-01-03T12:51:38Z",
        "uri": "https://web.archive.org/web/20210103125138/http://twinybots.ch/"
      },
      {
        "datetime": "2021-01-03T12:51:39Z",
        "uri": "https://web.archive.org/web/20210103125139/https://twinybots.ch/"
      },
      {
        "datetime": "2021-01-22T11:58:07Z",
        "uri": "https://web.archive.org/web/20210122115807/https://twinybots.ch/"
      },
      {
        "datetime": "2021-02-02T18:27:40Z",
        "uri": "https://web.archive.org/web/20210202182740/http://twinybots.ch/"
      },
      {
        "datetime": "2021-03-13T23:03:27Z",
        "uri": "https://web.archive.org/web/20210313230327/http://twinybots.ch/"
      },
      {
        "datetime": "2021-03-13T23:03:28Z",
        "uri": "https://web.archive.org/web/20210313230328/https://twinybots.ch/"
      },
      {
        "datetime": "2021-04-15T10:05:49Z",
        "uri": "https://web.archive.org/web/20210415100549/https://twinybots.ch/"
      },
      {
        "datetime": "2021-04-15T10:05:49Z",
        "uri": "https://web.archive.org/web/20210415100549/http://twinybots.ch/"
      },
      {
        "datetime": "2021-04-16T13:32:01Z",
        "uri": "https://web.archive.org/web/20210416133201/https://twinybots.ch/"
      },
      {
        "datetime": "2021-04-22T15:55:01Z",
        "uri": "https://web.archive.org/web/20210422155501/http://twinybots.ch/"
      },
      {
        "datetime": "2021-04-22T15:55:02Z",
        "uri": "https://web.archive.org/web/20210422155502/https://twinybots.ch/"
      },
      {
        "datetime": "2021-05-30T23:32:35Z",
        "uri": "https://web.archive.org/web/20210530233235/http://twinybots.ch/"
      },
      {
        "datetime": "2021-05-30T23:32:36Z",
        "uri": "https://web.archive.org/web/20210530233236/https://twinybots.ch/"
      },
      {
        "datetime": "2021-06-13T07:44:36Z",
        "uri": "https://web.archive.org/web/20210613074436/http://twinybots.ch/"
      },
      {
        "datetime": "2021-06-13T07:44:38Z",
        "uri": "https://web.archive.org/web/20210613074438/https://twinybots.ch/"
      },
      {
        "datetime": "2021-06-15T02:31:38Z",
        "uri": "https://web.archive.org/web/20210615023138/http://twinybots.ch/"
      },
      {
        "datetime": "2021-06-15T02:31:42Z",
        "uri": "https://web.archive.org/web/20210615023142/https://twinybots.ch/"
      },
      {
        "datetime": "2021-06-16T19:20:27Z",
        "uri": "https://web.archive.org/web/20210616192027/http://twinybots.ch/"
      },
      {
        "datetime": "2021-06-16T19:20:35Z",
        "uri": "https://web.archive.org/web/20210616192035/https://twinybots.ch/"
      },
      {
        "datetime": "2021-06-23T19:34:52Z",
        "uri": "https://web.archive.org/web/20210623193452/https://twinybots.ch/"
      },
      {
        "datetime": "2021-07-16T05:17:09Z",
        "uri": "https://web.archive.org/web/20210716051709/http://twinybots.ch/"
      },
      {
        "datetime": "2021-07-16T05:17:11Z",
        "uri": "https://web.archive.org/web/20210716051711/https://twinybots.ch/"
      },
      {
        "datetime": "2021-07-30T16:12:55Z",
        "uri": "https://web.archive.org/web/20210730161255/https://twinybots.ch/"
      },
      {
        "datetime": "2021-08-13T02:23:30Z",
        "uri": "https://web.archive.org/web/20210813022330/http://twinybots.ch/"
      },
      {
        "datetime": "2021-08-13T02:23:31Z",
        "uri": "https://web.archive.org/web/20210813022331/https://twinybots.ch/"
      },
      {
        "datetime": "2021-08-28T02:42:44Z",
        "uri": "https://web.archive.org/web/20210828024244/https://twinybots.ch/"
      },
      {
        "datetime": "2021-09-23T14:16:04Z",
        "uri": "https://web.archive.org/web/20210923141604/https://twinybots.ch/"
      },
      {
        "datetime": "2021-09-29T10:12:53Z",
        "uri": "https://web.archive.org/web/20210929101253/https://twinybots.ch/"
      },
      {
        "datetime": "2021-10-22T18:39:12Z",
        "uri": "https://web.archive.org/web/20211022183912/https://twinybots.ch/"
      },
      {
        "datetime": "2021-10-31T10:14:33Z",
        "uri": "https://web.archive.org/web/20211031101433/https://twinybots.ch/"
      },
      {
        "datetime": "2021-11-12T05:19:21Z",
        "uri": "https://web.archive.org/web/20211112051921/https://twinybots.ch/"
      },
      {
        "datetime": "2021-11-27T19:54:30Z",
        "uri": "https://web.archive.org/web/20211127195430/https://twinybots.ch/"
      },
      {
        "datetime": "2021-12-03T13:38:13Z",
        "uri": "https://web.archive.org/web/20211203133813/https://twinybots.ch/"
      },
      {
        "datetime": "2021-12-04T00:03:46Z",
        "uri": "https://web.archive.org/web/20211204000346/https://twinybots.ch/"
      },
      {
        "datetime": "2021-12-09T00:20:20Z",
        "uri": "https://web.archive.org/web/20211209002020/http://twinybots.ch/"
      },
      {
        "datetime": "2021-12-09T00:20:21Z",
        "uri": "https://web.archive.org/web/20211209002021/https://twinybots.ch/"
      },
      {
        "datetime": "2021-12-14T19:21:41Z",
        "uri": "https://web.archive.org/web/20211214192141/http://twinybots.ch/"
      },
      {
        "datetime": "2021-12-14T19:21:42Z",
        "uri": "https://web.archive.org/web/20211214192142/https://twinybots.ch/"
      },
      {
        "datetime": "2021-12-16T00:22:29Z",
        "uri": "https://web.archive.org/web/20211216002229/https://twinybots.ch/"
      },
      {
        "datetime": "2021-12-16T00:22:35Z",
        "uri": "https://web.archive.org/web/20211216002235/https://twinybots.ch/"
      },
      {
        "datetime": "2021-12-18T02:43:54Z",
        "uri": "https://web.archive.org/web/20211218024354/https://twinybots.ch/"
      },
      {
        "datetime": "2021-12-18T02:43:54Z",
        "uri": "https://web.archive.org/web/20211218024354/http://twinybots.ch/"
      },
      {
        "datetime": "2021-12-18T12:36:11Z",
        "uri": "https://web.archive.org/web/20211218123611/https://twinybots.ch/"
      },
      {
        "datetime": "2021-12-20T08:39:15Z",
        "uri": "https://web.archive.org/web/20211220083915/http://twinybots.ch/"
      },
      {
        "datetime": "2021-12-20T08:39:16Z",
        "uri": "https://web.archive.org/web/20211220083916/https://twinybots.ch/"
      },
      {
        "datetime": "2021-12-22T21:49:33Z",
        "uri": "https://web.archive.org/web/20211222214933/http://twinybots.ch/"
      },
      {
        "datetime": "2021-12-22T21:54:02Z",
        "uri": "https://web.archive.org/web/20211222215402/https://twinybots.ch/"
      },
      {
        "datetime": "2021-12-23T12:02:25Z",
        "uri": "https://web.archive.org/web/20211223120225/https://twinybots.ch/"
      },
      {
        "datetime": "2021-12-25T15:59:27Z",
        "uri": "https://web.archive.org/web/20211225155927/https://twinybots.ch/"
      },
      {
        "datetime": "2021-12-25T15:59:27Z",
        "uri": "https://web.archive.org/web/20211225155927/http://twinybots.ch/"
      },
      {
        "datetime": "2021-12-28T10:45:25Z",
        "uri": "https://web.archive.org/web/20211228104525/http://twinybots.ch/"
      },
      {
        "datetime": "2021-12-31T20:19:54Z",
        "uri": "https://web.archive.org/web/20211231201954/http://twinybots.ch/"
      },
      {
        "datetime": "2021-12-31T20:19:55Z",
        "uri": "https://web.archive.org/web/20211231201955/https://twinybots.ch/"
      },
      {
        "datetime": "2022-01-07T20:22:23Z",
        "uri": "https://web.archive.org/web/20220107202223/http://twinybots.ch/"
      },
      {
        "datetime": "2022-01-07T20:29:41Z",
        "uri": "https://web.archive.org/web/20220107202941/http://twinybots.ch/"
      },
      {
        "datetime": "2022-01-07T20:36:03Z",
        "uri": "https://web.archive.org/web/20220107203603/http://twinybots.ch/"
      },
      {
        "datetime": "2022-01-07T20:36:48Z",
        "uri": "https://web.archive.org/web/20220107203648/http://twinybots.ch/"
      },
      {
        "datetime": "2022-01-22T10:42:29Z",
        "uri": "https://web.archive.org/web/20220122104229/https://twinybots.ch/"
      },
      {
        "datetime": "2022-01-24T14:07:45Z",
        "uri": "https://web.archive.org/web/20220124140745/https://twinybots.ch/"
      },
      {
        "datetime": "2022-01-24T14:07:50Z",
        "uri": "https://web.archive.org/web/20220124140750/https://twinybots.ch/"
      },
      {
        "datetime": "2022-01-29T05:44:28Z",
        "uri": "https://web.archive.org/web/20220129054428/https://twinybots.ch/"
      },
      {
        "datetime": "2022-01-29T05:44:35Z",
        "uri": "https://web.archive.org/web/20220129054435/https://twinybots.ch/"
      },
      {
        "datetime": "2022-01-31T23:47:24Z",
        "uri": "https://web.archive.org/web/20220131234724/https://twinybots.ch/"
      },
      {
        "datetime": "2022-01-31T23:47:29Z",
        "uri": "https://web.archive.org/web/20220131234729/https://twinybots.ch/"
      },
      {
        "datetime": "2022-01-31T23:47:34Z",
        "uri": "https://web.archive.org/web/20220131234734/https://twinybots.ch/"
      },
      {
        "datetime": "2022-02-26T11:46:59Z",
        "uri": "https://web.archive.org/web/20220226114659/https://twinybots.ch/"
      },
      {
        "datetime": "2022-02-26T11:47:20Z",
        "uri": "https://web.archive.org/web/20220226114720/https://twinybots.ch/"
      },
      {
        "datetime": "2022-02-26T11:47:41Z",
        "uri": "https://web.archive.org/web/20220226114741/https://twinybots.ch/"
      },
      {
        "datetime": "2022-02-26T11:48:05Z",
        "uri": "https://web.archive.org/web/20220226114805/https://twinybots.ch/"
      },
      {
        "datetime": "2022-03-05T20:44:41Z",
        "uri": "https://web.archive.org/web/20220305204441/https://twinybots.ch/"
      },
      {
        "datetime": "2022-03-05T20:44:45Z",
        "uri": "https://web.archive.org/web/20220305204445/https://twinybots.ch/"
      },
      {
        "datetime": "2022-03-05T20:44:49Z",
        "uri": "https://web.archive.org/web/20220305204449/https://twinybots.ch/"
      },
      {
        "datetime": "2022-03-05T20:45:21Z",
        "uri": "https://web.archive.org/web/20220305204521/https://twinybots.ch/"
      },
      {
        "datetime": "2022-03-05T20:45:36Z",
        "uri": "https://web.archive.org/web/20220305204536/https://twinybots.ch/"
      },
      {
        "datetime": "2022-03-11T09:25:06Z",
        "uri": "https://web.archive.org/web/20220311092506/https://twinybots.ch/"
      },
      {
        "datetime": "2022-03-11T09:25:08Z",
        "uri": "https://web.archive.org/web/20220311092508/https://twinybots.ch/"
      },
      {
        "datetime": "2022-03-25T22:50:49Z",
        "uri": "https://web.archive.org/web/20220325225049/http://twinybots.ch/"
      },
      {
        "datetime": "2022-03-26T14:45:01Z",
        "uri": "https://web.archive.org/web/20220326144501/https://twinybots.ch/"
      },
      {
        "datetime": "2022-03-30T01:22:03Z",
        "uri": "https://web.archive.org/web/20220330012203/https://twinybots.ch/"
      },
      {
        "datetime": "2022-03-31T09:21:18Z",
        "uri": "https://web.archive.org/web/20220331092118/https://twinybots.ch/"
      },
      {
        "datetime": "2022-03-31T11:37:50Z",
        "uri": "https://web.archive.org/web/20220331113750/https://twinybots.ch/"
      },
      {
        "datetime": "2022-03-31T11:38:01Z",
        "uri": "https://web.archive.org/web/20220331113801/https://twinybots.ch/"
      },
      {
        "datetime": "2022-03-31T11:38:04Z",
        "uri": "https://web.archive.org/web/20220331113804/https://twinybots.ch/"
      },
      {
        "datetime": "2022-03-31T11:38:23Z",
        "uri": "https://web.archive.org/web/20220331113823/https://twinybots.ch/"
      },
      {
        "datetime": "2022-03-31T11:38:26Z",
        "uri": "https://web.archive.org/web/20220331113826/https://twinybots.ch/"
      },
      {
        "datetime": "2022-03-31T11:38:31Z",
        "uri": "https://web.archive.org/web/20220331113831/https://twinybots.ch/"
      },
      {
        "datetime": "2022-04-22T18:27:18Z",
        "uri": "https://web.archive.org/web/20220422182718/https://twinybots.ch/"
      },
      {
        "datetime": "2022-04-26T12:25:58Z",
        "uri": "https://web.archive.org/web/20220426122558/https://twinybots.ch/"
      },
      {
        "datetime": "2022-04-26T12:26:13Z",
        "uri": "https://web.archive.org/web/20220426122613/https://twinybots.ch/"
      },
      {
        "datetime": "2022-04-26T12:26:18Z",
        "uri": "https://web.archive.org/web/20220426122618/https://twinybots.ch/"
      },
      {
        "datetime": "2022-04-26T12:26:31Z",
        "uri": "https://web.archive.org/web/20220426122631/https://twinybots.ch/"
      },
      {
        "datetime": "2022-04-26T12:26:36Z",
        "uri": "https://web.archive.org/web/20220426122636/https://twinybots.ch/"
      },
      {
        "datetime": "2022-04-26T12:26:49Z",
        "uri": "https://web.archive.org/web/20220426122649/https://twinybots.ch/"
      },
      {
        "datetime": "2022-04-26T12:26:55Z",
        "uri": "https://web.archive.org/web/20220426122655/https://twinybots.ch/"
      },
      {
        "datetime": "2022-05-05T07:41:30Z",
        "uri": "https://web.archive.org/web/20220505074130/http://twinybots.ch/"
      },
      {
        "datetime": "2022-05-05T07:41:32Z",
        "uri": "https://web.archive.org/web/20220505074132/https://twinybots.ch/"
      },
      {
        "datetime": "2022-06-03T05:15:36Z",
        "uri": "https://web.archive.org/web/20220603051536/https://twinybots.ch/"
      },
      {
        "datetime": "2022-06-03T05:15:36Z",
        "uri": "https://web.archive.org/web/20220603051536/http://twinybots.ch/"
      },
      {
        "datetime": "2022-06-14T10:30:59Z",
        "uri": "https://web.archive.org/web/20220614103059/https://twinybots.ch/"
      },
      {
        "datetime": "2022-07-08T05:29:27Z",
        "uri": "https://web.archive.org/web/20220708052927/https://twinybots.ch/"
      },
      {
        "datetime": "2022-07-10T20:19:41Z",
        "uri": "https://web.archive.org/web/20220710201941/http://twinybots.ch/"
      },
      {
        "datetime": "2022-07-10T20:19:42Z",
        "uri": "https://web.archive.org/web/20220710201942/https://twinybots.ch/"
      },
      {
        "datetime": "2022-08-02T02:36:41Z",
        "uri": "https://web.archive.org/web/20220802023641/https://twinybots.ch/"
      },
      {
        "datetime": "2022-09-03T01:42:09Z",
        "uri": "https://web.archive.org/web/20220903014209/https://twinybots.ch/"
      },
      {
        "datetime": "2022-09-03T01:45:51Z",
        "uri": "https://web.archive.org/web/20220903014551/https://twinybots.ch/"
      },
      {
        "datetime": "2022-09-20T23:41:24Z",
        "uri": "https://web.archive.org/web/20220920234124/http://twinybots.ch/"
      }
    ],
    "first": {
      "datetime": "2019-05-06T18:10:20Z",
      "uri": "https://web.archive.org/web/20190506181020/https://twinybots.ch/"
    },
    "last": {
      "datetime": "2022-09-20T23:41:24Z",
      "uri": "https://web.archive.org/web/20220920234124/http://twinybots.ch/"
    }
  },
  "timemap_uri": {
    "link_format": "http://localhost:1208/timemap/link/https://twinybots.ch/",
    "json_format": "http://localhost:1208/timemap/json/https://twinybots.ch/",
    "cdxj_format": "http://localhost:1208/timemap/cdxj/https://twinybots.ch/"
  },
  "timegate_uri": "http://localhost:1208/timegate/https://twinybots.ch/"
}
