{
  "original_uri": "https://alphanews.org/biden-on-long-list-of-democrats-who-dispute-elections/",
  "self": "http://localhost:1208/timemap/json/https://alphanews.org/biden-on-long-list-of-democrats-who-dispute-elections/",
  "mementos": {
    "list": [
      {
        "datetime": "2022-01-24T21:32:37Z",
        "uri": "https://web.archive.org/web/20220124213237/https://alphanews.org/biden-on-long-list-of-democrats-who-dispute-elections/"
      },
      {
        "datetime": "2022-01-25T23:45:17Z",
        "uri": "https://web.archive.org/web/20220125234517/https://alphanews.org/biden-on-long-list-of-democrats-who-dispute-elections/"
      },
      {
        "datetime": "2022-01-28T03:59:41Z",
        "uri": "https://web.archive.org/web/20220128035941/https://alphanews.org/biden-on-long-list-of-democrats-who-dispute-elections/"
      },
      {
        "datetime": "2022-04-19T09:53:36Z",
        "uri": "https://web.archive.org/web/20220419095336/https://alphanews.org/biden-on-long-list-of-democrats-who-dispute-elections/"
      },
      {
        "datetime": "2022-05-20T04:54:26Z",
        "uri": "https://web.archive.org/web/20220520045426/https://alphanews.org/biden-on-long-list-of-democrats-who-dispute-elections/"
      }
    ],
    "first": {
      "datetime": "2022-01-24T21:32:37Z",
      "uri": "https://web.archive.org/web/20220124213237/https://alphanews.org/biden-on-long-list-of-democrats-who-dispute-elections/"
    },
    "last": {
      "datetime": "2022-05-20T04:54:26Z",
      "uri": "https://web.archive.org/web/20220520045426/https://alphanews.org/biden-on-long-list-of-democrats-who-dispute-elections/"
    }
  },
  "timemap_uri": {
    "link_format": "http://localhost:1208/timemap/link/https://alphanews.org/biden-on-long-list-of-democrats-who-dispute-elections/",
    "json_format": "http://localhost:1208/timemap/json/https://alphanews.org/biden-on-long-list-of-democrats-who-dispute-elections/",
    "cdxj_format": "http://localhost:1208/timemap/cdxj/https://alphanews.org/biden-on-long-list-of-democrats-who-dispute-elections/"
  },
  "timegate_uri": "http://localhost:1208/timegate/https://alphanews.org/biden-on-long-list-of-democrats-who-dispute-elections/"
}
