{
  "original_uri": "https://www.theguardian.com/culture/2022/sep/28/drag-queen-story-hour-book-store-montana?CMP=share_btn_tw",
  "self": "http://localhost:1208/timemap/json/https://www.theguardian.com/culture/2022/sep/28/drag-queen-story-hour-book-store-montana?CMP=share_btn_tw",
  "mementos": {
    "list": [
      {
        "datetime": "2022-09-28T10:13:13Z",
        "uri": "https://web.archive.org/web/20220928101313/https://www.theguardian.com/culture/2022/sep/28/drag-queen-story-hour-book-store-montana?CMP=share_btn_tw"
      }
    ],
    "first": {
      "datetime": "2022-09-28T10:13:13Z",
      "uri": "https://web.archive.org/web/20220928101313/https://www.theguardian.com/culture/2022/sep/28/drag-queen-story-hour-book-store-montana?CMP=share_btn_tw"
    },
    "last": {
      "datetime": "2022-09-28T10:13:13Z",
      "uri": "https://web.archive.org/web/20220928101313/https://www.theguardian.com/culture/2022/sep/28/drag-queen-story-hour-book-store-montana?CMP=share_btn_tw"
    }
  },
  "timemap_uri": {
    "link_format": "http://localhost:1208/timemap/link/https://www.theguardian.com/culture/2022/sep/28/drag-queen-story-hour-book-store-montana?CMP=share_btn_tw",
    "json_format": "http://localhost:1208/timemap/json/https://www.theguardian.com/culture/2022/sep/28/drag-queen-story-hour-book-store-montana?CMP=share_btn_tw",
    "cdxj_format": "http://localhost:1208/timemap/cdxj/https://www.theguardian.com/culture/2022/sep/28/drag-queen-story-hour-book-store-montana?CMP=share_btn_tw"
  },
  "timegate_uri": "http://localhost:1208/timegate/https://www.theguardian.com/culture/2022/sep/28/drag-queen-story-hour-book-store-montana?CMP=share_btn_tw"
}
