{
  "original_uri": "https://www.twitch.tv/aoilovesfood",
  "self": "http://localhost:1208/timemap/json/https://www.twitch.tv/aoilovesfood",
  "mementos": {
    "list": [
      {
        "datetime": "2022-06-03T21:48:56Z",
        "uri": "https://web.archive.org/web/20220603214856/http://twitch.tv/aoilovesfood"
      },
      {
        "datetime": "2022-09-27T13:54:46Z",
        "uri": "https://web.archive.org/web/20220927135446/https://twitch.tv/aoilovesfood"
      }
    ],
    "first": {
      "datetime": "2022-06-03T21:48:56Z",
      "uri": "https://web.archive.org/web/20220603214856/http://twitch.tv/aoilovesfood"
    },
    "last": {
      "datetime": "2022-09-27T13:54:46Z",
      "uri": "https://web.archive.org/web/20220927135446/https://twitch.tv/aoilovesfood"
    }
  },
  "timemap_uri": {
    "link_format": "http://localhost:1208/timemap/link/https://www.twitch.tv/aoilovesfood",
    "json_format": "http://localhost:1208/timemap/json/https://www.twitch.tv/aoilovesfood",
    "cdxj_format": "http://localhost:1208/timemap/cdxj/https://www.twitch.tv/aoilovesfood"
  },
  "timegate_uri": "http://localhost:1208/timegate/https://www.twitch.tv/aoilovesfood"
}
