{
  "original_uri": "https://www.dailykos.com/stories/2022/9/29/2126009/-Far-right-conservatives-tried-to-ruin-a-drag-queen-story-hour-but-locals-refused-to-let-kids-suffer",
  "self": "http://localhost:1208/timemap/json/https://www.dailykos.com/stories/2022/9/29/2126009/-Far-right-conservatives-tried-to-ruin-a-drag-queen-story-hour-but-locals-refused-to-let-kids-suffer",
  "mementos": {
    "list": [
      {
        "datetime": "2022-09-30T00:27:42Z",
        "uri": "https://web.archive.org/web/20220930002742/https://www.dailykos.com/stories/2022/9/29/2126009/-Far-right-conservatives-tried-to-ruin-a-drag-queen-story-hour-but-locals-refused-to-let-kids-suffer"
      }
    ],
    "first": {
      "datetime": "2022-09-30T00:27:42Z",
      "uri": "https://web.archive.org/web/20220930002742/https://www.dailykos.com/stories/2022/9/29/2126009/-Far-right-conservatives-tried-to-ruin-a-drag-queen-story-hour-but-locals-refused-to-let-kids-suffer"
    },
    "last": {
      "datetime": "2022-09-30T00:27:42Z",
      "uri": "https://web.archive.org/web/20220930002742/https://www.dailykos.com/stories/2022/9/29/2126009/-Far-right-conservatives-tried-to-ruin-a-drag-queen-story-hour-but-locals-refused-to-let-kids-suffer"
    }
  },
  "timemap_uri": {
    "link_format": "http://localhost:1208/timemap/link/https://www.dailykos.com/stories/2022/9/29/2126009/-Far-right-conservatives-tried-to-ruin-a-drag-queen-story-hour-but-locals-refused-to-let-kids-suffer",
    "json_format": "http://localhost:1208/timemap/json/https://www.dailykos.com/stories/2022/9/29/2126009/-Far-right-conservatives-tried-to-ruin-a-drag-queen-story-hour-but-locals-refused-to-let-kids-suffer",
    "cdxj_format": "http://localhost:1208/timemap/cdxj/https://www.dailykos.com/stories/2022/9/29/2126009/-Far-right-conservatives-tried-to-ruin-a-drag-queen-story-hour-but-locals-refused-to-let-kids-suffer"
  },
  "timegate_uri": "http://localhost:1208/timegate/https://www.dailykos.com/stories/2022/9/29/2126009/-Far-right-conservatives-tried-to-ruin-a-drag-queen-story-hour-but-locals-refused-to-let-kids-suffer"
}
