{
  "original_uri": "https://tesswhitehurst.com/maria-lionza/",
  "self": "http://localhost:1208/timemap/json/https://tesswhitehurst.com/maria-lionza/",
  "mementos": {
    "list": [
      {
        "datetime": "2022-04-21T02:57:15Z",
        "uri": "https://web.archive.org/web/20220421025715/https://tesswhitehurst.com/maria-lionza/"
      }
    ],
    "first": {
      "datetime": "2022-04-21T02:57:15Z",
      "uri": "https://web.archive.org/web/20220421025715/https://tesswhitehurst.com/maria-lionza/"
    },
    "last": {
      "datetime": "2022-04-21T02:57:15Z",
      "uri": "https://web.archive.org/web/20220421025715/https://tesswhitehurst.com/maria-lionza/"
    }
  },
  "timemap_uri": {
    "link_format": "http://localhost:1208/timemap/link/https://tesswhitehurst.com/maria-lionza/",
    "json_format": "http://localhost:1208/timemap/json/https://tesswhitehurst.com/maria-lionza/",
    "cdxj_format": "http://localhost:1208/timemap/cdxj/https://tesswhitehurst.com/maria-lionza/"
  },
  "timegate_uri": "http://localhost:1208/timegate/https://tesswhitehurst.com/maria-lionza/"
}
