{
  "original_uri": "https://www.amazon.com/dp/B0846Z3WZH",
  "self": "http://localhost:1208/timemap/json/https://www.amazon.com/dp/B0846Z3WZH",
  "mementos": {
    "list": [
      {
        "datetime": "2020-11-01T02:33:24Z",
        "uri": "https://web.archive.org/web/20201101023324/https://amazon.com/dp/B0846Z3WZH"
      },
      {
        "datetime": "2020-11-01T02:33:24Z",
        "uri": "https://web.archive.org/web/20201101023324/http://amazon.com/dp/B0846Z3WZH"
      },
      {
        "datetime": "2020-11-01T18:21:15Z",
        "uri": "https://web.archive.org/web/20201101182115/https://www.amazon.com/dp/B0846Z3WZH"
      },
      {
        "datetime": "2020-11-01T18:21:15Z",
        "uri": "https://web.archive.org/web/20201101182115/https://amazon.com/dp/B0846Z3WZH"
      },
      {
        "datetime": "2020-11-01T18:21:15Z",
        "uri": "https://web.archive.org/web/20201101182115/http://amazon.com/dp/B0846Z3WZH"
      },
      {
        "datetime": "2021-05-23T22:50:35Z",
        "uri": "https://web.archive.org/web/20210523225035/http://www.amazon.com/dp/B0846Z3WZH"
      }
    ],
    "first": {
      "datetime": "2020-11-01T02:33:24Z",
      "uri": "https://web.archive.org/web/20201101023324/https://amazon.com/dp/B0846Z3WZH"
    },
    "last": {
      "datetime": "2021-05-23T22:50:35Z",
      "uri": "https://web.archive.org/web/20210523225035/http://www.amazon.com/dp/B0846Z3WZH"
    }
  },
  "timemap_uri": {
    "link_format": "http://localhost:1208/timemap/link/https://www.amazon.com/dp/B0846Z3WZH",
    "json_format": "http://localhost:1208/timemap/json/https://www.amazon.com/dp/B0846Z3WZH",
    "cdxj_format": "http://localhost:1208/timemap/cdxj/https://www.amazon.com/dp/B0846Z3WZH"
  },
  "timegate_uri": "http://localhost:1208/timegate/https://www.amazon.com/dp/B0846Z3WZH"
}
