{
  "original_uri": "https://tweetedtimes.com/TheBigNewspaper",
  "self": "http://localhost:1208/timemap/json/https://tweetedtimes.com/TheBigNewspaper",
  "mementos": {
    "list": [
      {
        "datetime": "2017-09-03T11:51:01Z",
        "uri": "https://web.archive.org/web/20170903115101/http://tweetedtimes.com/TheBigNewspaper"
      },
      {
        "datetime": "2017-11-19T13:11:10Z",
        "uri": "https://web.archive.org/web/20171119131110/http://tweetedtimes.com/TheBigNewspaper"
      },
      {
        "datetime": "2018-01-27T02:55:47Z",
        "uri": "https://web.archive.org/web/20180127025547/http://tweetedtimes.com/TheBigNewspaper"
      },
      {
        "datetime": "2019-06-19T16:40:32Z",
        "uri": "https://web.archive.org/web/20190619164032/http://tweetedtimes.com/TheBigNewspaper"
      },
      {
        "datetime": "2020-06-26T05:20:41Z",
        "uri": "https://web.archive.org/web/20200626052041/https://tweetedtimes.com/TheBigNewspaper"
      },
      {
        "datetime": "2020-11-01T07:07:44Z",
        "uri": "https://web.archive.org/web/20201101070744/https://tweetedtimes.com/TheBigNewspaper"
      },
      {
        "datetime": "2022-03-24T23:29:09Z",
        "uri": "https://web.archive.org/web/20220324232909/https://tweetedtimes.com/TheBigNewspaper"
      },
      {
        "datetime": "2022-04-05T06:55:44Z",
        "uri": "https://web.archive.org/web/20220405065544/https://tweetedtimes.com/TheBigNewspaper"
      },
      {
        "datetime": "2022-07-25T23:00:49Z",
        "uri": "https://web.archive.org/web/20220725230049/https://tweetedtimes.com/TheBigNewspaper"
      }
    ],
    "first": {
      "datetime": "2017-09-03T11:51:01Z",
      "uri": "https://web.archive.org/web/20170903115101/http://tweetedtimes.com/TheBigNewspaper"
    },
    "last": {
      "datetime": "2022-07-25T23:00:49Z",
      "uri": "https://web.archive.org/web/20220725230049/https://tweetedtimes.com/TheBigNewspaper"
    }
  },
  "timemap_uri": {
    "link_format": "http://localhost:1208/timemap/link/https://tweetedtimes.com/TheBigNewspaper",
    "json_format": "http://localhost:1208/timemap/json/https://tweetedtimes.com/TheBigNewspaper",
    "cdxj_format": "http://localhost:1208/timemap/cdxj/https://tweetedtimes.com/TheBigNewspaper"
  },
  "timegate_uri": "http://localhost:1208/timegate/https://tweetedtimes.com/TheBigNewspaper"
}
