{
  "original_uri": "https://abundanceandmagic.blogspot.com/2022/09/YaraCult.html",
  "self": "http://localhost:1208/timemap/json/https://abundanceandmagic.blogspot.com/2022/09/YaraCult.html",
  "mementos": {
    "list": [
      {
        "datetime": "2022-09-22T18:00:17Z",
        "uri": "https://web.archive.org/web/20220922180017/https://abundanceandmagic.blogspot.com/2022/09/YaraCult.html"
      }
    ],
    "first": {
      "datetime": "2022-09-22T18:00:17Z",
      "uri": "https://web.archive.org/web/20220922180017/https://abundanceandmagic.blogspot.com/2022/09/YaraCult.html"
    },
    "last": {
      "datetime": "2022-09-22T18:00:17Z",
      "uri": "https://web.archive.org/web/20220922180017/https://abundanceandmagic.blogspot.com/2022/09/YaraCult.html"
    }
  },
  "timemap_uri": {
    "link_format": "http://localhost:1208/timemap/link/https://abundanceandmagic.blogspot.com/2022/09/YaraCult.html",
    "json_format": "http://localhost:1208/timemap/json/https://abundanceandmagic.blogspot.com/2022/09/YaraCult.html",
    "cdxj_format": "http://localhost:1208/timemap/cdxj/https://abundanceandmagic.blogspot.com/2022/09/YaraCult.html"
  },
  "timegate_uri": "http://localhost:1208/timegate/https://abundanceandmagic.blogspot.com/2022/09/YaraCult.html"
}
