{
  "original_uri": "https://www.irs.gov/businesses/small-businesses-self-employed/disaster-assistance-and-emergency-relief-for-individuals-and-businesses",
  "self": "http://localhost:1208/timemap/json/https://www.irs.gov/businesses/small-businesses-self-employed/disaster-assistance-and-emergency-relief-for-individuals-and-businesses",
  "mementos": {
    "list": [
      {
        "datetime": "2018-08-22T10:10:05Z",
        "uri": "https://web.archive.org/web/20180822101005/https://www.irs.gov/businesses/small-businesses-self-employed/disaster-assistance-and-emergency-relief-for-individuals-and-businesses"
      },
      {
        "datetime": "2018-09-27T09:55:24Z",
        "uri": "https://webarchive.loc.gov/all/20180927095524/https://www.irs.gov/businesses/small-businesses-self-employed/disaster-assistance-and-emergency-relief-for-individuals-and-businesses"
      },
      {
        "datetime": "2018-11-24T18:28:32Z",
        "uri": "https://web.archive.org/web/20181124182832/https://www.irs.gov/businesses/small-businesses-self-employed/disaster-assistance-and-emergency-relief-for-individuals-and-businesses"
      },
      {
        "datetime": "2018-12-03T21:47:34Z",
        "uri": "https://web.archive.org/web/20181203214734/https://www.irs.gov/businesses/small-businesses-self-employed/disaster-assistance-and-emergency-relief-for-individuals-and-businesses"
      },
      {
        "datetime": "2019-02-06T00:34:39Z",
        "uri": "https://web.archive.org/web/20190206003439/https://www.irs.gov/businesses/small-businesses-self-employed/disaster-assistance-and-emergency-relief-for-individuals-and-businesses"
      },
      {
        "datetime": "2019-05-08T18:16:33Z",
        "uri": "https://web.archive.org/web/20190508181633/https://www.irs.gov/businesses/small-businesses-self-employed/disaster-assistance-and-emergency-relief-for-individuals-and-businesses"
      },
      {
        "datetime": "2019-08-01T20:32:07Z",
        "uri": "https://web.archive.org/web/20190801203207/https://www.irs.gov/businesses/small-businesses-self-employed/disaster-assistance-and-emergency-relief-for-individuals-and-businesses"
      },
      {
        "datetime": "2019-08-01T20:32:10Z",
        "uri": "https://web.archive.org/web/20190801203210/https://www.irs.gov/businesses/small-businesses-self-employed/disaster-assistance-and-emergency-relief-for-individuals-and-businesses"
      },
      {
        "datetime": "2019-09-29T19:23:25Z",
        "uri": "https://web.archive.org/web/20190929192325/https://www.irs.gov/businesses/small-businesses-self-employed/disaster-assistance-and-emergency-relief-for-individuals-and-businesses"
      },
      {
        "datetime": "2019-10-07T23:07:46Z",
        "uri": "https://webarchive.loc.gov/all/20191007230746/https://www.irs.gov/businesses/small-businesses-self-employed/disaster-assistance-and-emergency-relief-for-individuals-and-businesses"
      },
      {
        "datetime": "2019-10-24T14:21:38Z",
        "uri": "https://web.archive.org/web/20191024142138/https://www.irs.gov/businesses/small-businesses-self-employed/disaster-assistance-and-emergency-relief-for-individuals-and-businesses"
      },
      {
        "datetime": "2020-01-11T03:39:26Z",
        "uri": "https://web.archive.org/web/20200111033926/https://www.irs.gov/businesses/small-businesses-self-employed/disaster-assistance-and-emergency-relief-for-individuals-and-businesses"
      },
      {
        "datetime": "2020-01-18T15:56:13Z",
        "uri": "https://web.archive.org/web/20200118155613/https://www.irs.gov/businesses/small-businesses-self-employed/disaster-assistance-and-emergency-relief-for-individuals-and-businesses"
      },
      {
        "datetime": "2020-01-27T07:10:09Z",
        "uri": "https://web.archive.org/web/20200127071009/https://www.irs.gov/businesses/small-businesses-self-employed/disaster-assistance-and-emergency-relief-for-individuals-and-businesses"
      },
      {
        "datetime": "2020-02-16T19:52:15Z",
        "uri": "https://web.archive.org/web/20200216195215/https://www.irs.gov/businesses/small-businesses-self-employed/disaster-assistance-and-emergency-relief-for-individuals-and-businesses"
      },
      {
        "datetime": "2020-03-08T00:28:47Z",
        "uri": "https://web.archive.org/web/20200308002847/https://www.irs.gov/businesses/small-businesses-self-employed/disaster-assistance-and-emergency-relief-for-individuals-and-businesses"
      },
      {
        "datetime": "2020-03-30T12:05:24Z",
        "uri": "https://web.archive.org/web/20200330120524/https://www.irs.gov/businesses/small-businesses-self-employed/disaster-assistance-and-emergency-relief-for-individuals-and-businesses"
      },
      {
        "datetime": "2020-03-31T05:08:29Z",
        "uri": "http://archive.md/20200331050829/https://www.irs.gov/businesses/small-businesses-self-employed/disaster-assistance-and-emergency-relief-for-individuals-and-businesses"
      },
      {
        "datetime": "2020-03-31T05:09:26Z",
        "uri": "https://web.archive.org/web/20200331050926/https://www.irs.gov/businesses/small-businesses-self-employed/disaster-assistance-and-emergency-relief-for-individuals-and-businesses"
      },
      {
        "datetime": "2020-04-03T19:51:08Z",
        "uri": "https://web.archive.org/web/20200403195108/https://www.irs.gov/businesses/small-businesses-self-employed/disaster-assistance-and-emergency-relief-for-individuals-and-businesses"
      },
      {
        "datetime": "2020-04-17T02:18:05Z",
        "uri": "https://web.archive.org/web/20200417021805/https://www.irs.gov/businesses/small-businesses-self-employed/disaster-assistance-and-emergency-relief-for-individuals-and-businesses"
      },
      {
        "datetime": "2020-05-28T06:40:21Z",
        "uri": "https://web.archive.org/web/20200528064021/https://www.irs.gov/businesses/small-businesses-self-employed/disaster-assistance-and-emergency-relief-for-individuals-and-businesses"
      },
      {
        "datetime": "2020-06-05T13:59:54Z",
        "uri": "https://web.archive.org/web/20200605135954/https://www.irs.gov/businesses/small-businesses-self-employed/disaster-assistance-and-emergency-relief-for-individuals-and-businesses"
      },
      {
        "datetime": "2020-06-24T21:38:35Z",
        "uri": "https://web.archive.org/web/20200624213835/https://www.irs.gov/businesses/small-businesses-self-employed/disaster-assistance-and-emergency-relief-for-individuals-and-businesses"
      },
      {
        "datetime": "2020-06-25T13:16:24Z",
        "uri": "https://web.archive.org/web/20200625131624/https://www.irs.gov/businesses/small-businesses-self-employed/disaster-assistance-and-emergency-relief-for-individuals-and-businesses"
      },
      {
        "datetime": "2020-06-25T16:08:36Z",
        "uri": "https://web.archive.org/web/20200625160836/https://www.irs.gov/businesses/small-businesses-self-employed/disaster-assistance-and-emergency-relief-for-individuals-and-businesses"
      },
      {
        "datetime": "2020-07-17T00:51:37Z",
        "uri": "https://web.archive.org/web/20200717005137/https://www.irs.gov/businesses/small-businesses-self-employed/disaster-assistance-and-emergency-relief-for-individuals-and-businesses"
      },
      {
        "datetime": "2020-07-22T22:47:25Z",
        "uri": "https://web.archive.org/web/20200722224725/https://www.irs.gov/businesses/small-businesses-self-employed/disaster-assistance-and-emergency-relief-for-individuals-and-businesses"
      },
      {
        "datetime": "2020-07-22T22:47:36Z",
        "uri": "https://web.archive.org/web/20200722224736/https://www.irs.gov/businesses/small-businesses-self-employed/disaster-assistance-and-emergency-relief-for-individuals-and-businesses"
      },
      {
        "datetime": "2020-08-14T12:33:15Z",
        "uri": "https://web.archive.org/web/20200814123315/https://www.irs.gov/businesses/small-businesses-self-employed/disaster-assistance-and-emergency-relief-for-individuals-and-businesses"
      },
      {
        "datetime": "2020-08-18T01:53:16Z",
        "uri": "https://web.archive.org/web/20200818015316/https://www.irs.gov/businesses/small-businesses-self-employed/disaster-assistance-and-emergency-relief-for-individuals-and-businesses"
      },
      {
        "datetime": "2020-08-18T01:53:26Z",
        "uri": "https://web.archive.org/web/20200818015326/https://www.irs.gov/businesses/small-businesses-self-employed/disaster-assistance-and-emergency-relief-for-individuals-and-businesses"
      },
      {
        "datetime": "2020-08-18T01:53:38Z",
        "uri": "https://web.archive.org/web/20200818015338/https://www.irs.gov/businesses/small-businesses-self-employed/disaster-assistance-and-emergency-relief-for-individuals-and-businesses"
      },
      {
        "datetime": "2020-09-01T11:17:21Z",
        "uri": "https://web.archive.org/web/20200901111721/https://www.irs.gov/businesses/small-businesses-self-employed/disaster-assistance-and-emergency-relief-for-individuals-and-businesses"
      },
      {
        "datetime": "2020-09-08T03:58:43Z",
        "uri": "https://web.archive.org/web/20200908035843/https://www.irs.gov/businesses/small-businesses-self-employed/disaster-assistance-and-emergency-relief-for-individuals-and-businesses"
      },
      {
        "datetime": "2020-09-08T05:14:49Z",
        "uri": "https://web.archive.org/web/20200908051449/https://www.irs.gov/businesses/small-businesses-self-employed/disaster-assistance-and-emergency-relief-for-individuals-and-businesses"
      },
      {
        "datetime": "2020-09-16T11:44:08Z",
        "uri": "https://web.archive.org/web/20200916114408/https://www.irs.gov/businesses/small-businesses-self-employed/disaster-assistance-and-emergency-relief-for-individuals-and-businesses"
      },
      {
        "datetime": "2020-09-16T12:46:09Z",
        "uri": "https://web.archive.org/web/20200916124609/https://www.irs.gov/businesses/small-businesses-self-employed/disaster-assistance-and-emergency-relief-for-individuals-and-businesses"
      },
      {
        "datetime": "2020-09-16T13:45:51Z",
        "uri": "https://web.archive.org/web/20200916134551/https://www.irs.gov/businesses/small-businesses-self-employed/disaster-assistance-and-emergency-relief-for-individuals-and-businesses"
      },
      {
        "datetime": "2020-09-18T21:34:41Z",
        "uri": "https://web.archive.org/web/20200918213441/https://www.irs.gov/businesses/small-businesses-self-employed/disaster-assistance-and-emergency-relief-for-individuals-and-businesses"
      },
      {
        "datetime": "2020-09-25T17:21:11Z",
        "uri": "https://web.archive.org/web/20200925172111/https://www.irs.gov/businesses/small-businesses-self-employed/disaster-assistance-and-emergency-relief-for-individuals-and-businesses"
      },
      {
        "datetime": "2020-09-28T20:33:00Z",
        "uri": "https://web.archive.org/web/20200928203300/https://www.irs.gov/businesses/small-businesses-self-employed/disaster-assistance-and-emergency-relief-for-individuals-and-businesses"
      },
      {
        "datetime": "2020-09-28T23:04:01Z",
        "uri": "https://web.archive.org/web/20200928230401/https://www.irs.gov/businesses/small-businesses-self-employed/disaster-assistance-and-emergency-relief-for-individuals-and-businesses"
      },
      {
        "datetime": "2020-10-01T22:15:52Z",
        "uri": "https://web.archive.org/web/20201001221552/https://www.irs.gov/businesses/small-businesses-self-employed/disaster-assistance-and-emergency-relief-for-individuals-and-businesses"
      },
      {
        "datetime": "2020-10-05T08:42:36Z",
        "uri": "https://web.archive.org/web/20201005084236/https://www.irs.gov/businesses/small-businesses-self-employed/disaster-assistance-and-emergency-relief-for-individuals-and-businesses"
      },
      {
        "datetime": "2020-10-05T21:00:46Z",
        "uri": "https://web.archive.org/web/20201005210046/https://www.irs.gov/businesses/small-businesses-self-employed/disaster-assistance-and-emergency-relief-for-individuals-and-businesses"
      },
      {
        "datetime": "2020-10-14T02:17:21Z",
        "uri": "https://web.archive.org/web/20201014021721/https://www.irs.gov/businesses/small-businesses-self-employed/disaster-assistance-and-emergency-relief-for-individuals-and-businesses"
      },
      {
        "datetime": "2020-10-16T16:21:29Z",
        "uri": "https://web.archive.org/web/20201016162129/https://www.irs.gov/businesses/small-businesses-self-employed/disaster-assistance-and-emergency-relief-for-individuals-and-businesses"
      },
      {
        "datetime": "2020-10-19T06:40:28Z",
        "uri": "https://web.archive.org/web/20201019064028/https://www.irs.gov/businesses/small-businesses-self-employed/disaster-assistance-and-emergency-relief-for-individuals-and-businesses"
      },
      {
        "datetime": "2020-10-23T00:36:17Z",
        "uri": "https://web.archive.org/web/20201023003617/https://www.irs.gov/businesses/small-businesses-self-employed/disaster-assistance-and-emergency-relief-for-individuals-and-businesses"
      },
      {
        "datetime": "2020-10-26T15:30:58Z",
        "uri": "https://web.archive.org/web/20201026153058/https://www.irs.gov/businesses/small-businesses-self-employed/disaster-assistance-and-emergency-relief-for-individuals-and-businesses"
      },
      {
        "datetime": "2020-10-27T04:46:46Z",
        "uri": "https://web.archive.org/web/20201027044646/https://www.irs.gov/businesses/small-businesses-self-employed/disaster-assistance-and-emergency-relief-for-individuals-and-businesses"
      },
      {
        "datetime": "2020-10-27T16:27:20Z",
        "uri": "https://web.archive.org/web/20201027162720/https://www.irs.gov/businesses/small-businesses-self-employed/disaster-assistance-and-emergency-relief-for-individuals-and-businesses"
      },
      {
        "datetime": "2020-10-27T21:57:35Z",
        "uri": "https://web.archive.org/web/20201027215735/https://www.irs.gov/businesses/small-businesses-self-employed/disaster-assistance-and-emergency-relief-for-individuals-and-businesses"
      },
      {
        "datetime": "2020-10-27T22:23:56Z",
        "uri": "https://web.archive.org/web/20201027222356/https://www.irs.gov/businesses/small-businesses-self-employed/disaster-assistance-and-emergency-relief-for-individuals-and-businesses"
      },
      {
        "datetime": "2020-10-30T01:28:24Z",
        "uri": "https://web.archive.org/web/20201030012824/https://www.irs.gov/businesses/small-businesses-self-employed/disaster-assistance-and-emergency-relief-for-individuals-and-businesses"
      },
      {
        "datetime": "2020-10-30T13:39:12Z",
        "uri": "https://web.archive.org/web/20201030133912/https://www.irs.gov/businesses/small-businesses-self-employed/disaster-assistance-and-emergency-relief-for-individuals-and-businesses"
      },
      {
        "datetime": "2020-10-31T13:21:57Z",
        "uri": "https://web.archive.org/web/20201031132157/https://www.irs.gov/businesses/small-businesses-self-employed/disaster-assistance-and-emergency-relief-for-individuals-and-businesses"
      },
      {
        "datetime": "2020-11-01T02:30:54Z",
        "uri": "https://web.archive.org/web/20201101023054/https://www.irs.gov/businesses/small-businesses-self-employed/disaster-assistance-and-emergency-relief-for-individuals-and-businesses"
      },
      {
        "datetime": "2020-11-01T02:32:05Z",
        "uri": "https://web.archive.org/web/20201101023205/https://www.irs.gov/businesses/small-businesses-self-employed/disaster-assistance-and-emergency-relief-for-individuals-and-businesses"
      },
      {
        "datetime": "2020-11-01T02:33:37Z",
        "uri": "https://web.archive.org/web/20201101023337/https://www.irs.gov/businesses/small-businesses-self-employed/disaster-assistance-and-emergency-relief-for-individuals-and-businesses"
      },
      {
        "datetime": "2020-11-01T02:55:49Z",
        "uri": "https://web.archive.org/web/20201101025549/https://www.irs.gov/businesses/small-businesses-self-employed/disaster-assistance-and-emergency-relief-for-individuals-and-businesses"
      },
      {
        "datetime": "2020-11-01T07:14:44Z",
        "uri": "https://web.archive.org/web/20201101071444/https://www.irs.gov/businesses/small-businesses-self-employed/disaster-assistance-and-emergency-relief-for-individuals-and-businesses"
      },
      {
        "datetime": "2020-11-01T11:01:39Z",
        "uri": "https://web.archive.org/web/20201101110139/https://www.irs.gov/businesses/small-businesses-self-employed/disaster-assistance-and-emergency-relief-for-individuals-and-businesses"
      },
      {
        "datetime": "2020-11-01T18:31:10Z",
        "uri": "https://web.archive.org/web/20201101183110/https://www.irs.gov/businesses/small-businesses-self-employed/disaster-assistance-and-emergency-relief-for-individuals-and-businesses"
      },
      {
        "datetime": "2020-11-01T18:44:59Z",
        "uri": "https://web.archive.org/web/20201101184459/https://www.irs.gov/businesses/small-businesses-self-employed/disaster-assistance-and-emergency-relief-for-individuals-and-businesses"
      },
      {
        "datetime": "2020-11-03T17:26:29Z",
        "uri": "https://web.archive.org/web/20201103172629/https://www.irs.gov/businesses/small-businesses-self-employed/disaster-assistance-and-emergency-relief-for-individuals-and-businesses"
      },
      {
        "datetime": "2020-11-03T19:58:24Z",
        "uri": "https://web.archive.org/web/20201103195824/https://www.irs.gov/businesses/small-businesses-self-employed/disaster-assistance-and-emergency-relief-for-individuals-and-businesses"
      },
      {
        "datetime": "2020-11-04T19:01:50Z",
        "uri": "https://web.archive.org/web/20201104190150/https://www.irs.gov/businesses/small-businesses-self-employed/disaster-assistance-and-emergency-relief-for-individuals-and-businesses"
      },
      {
        "datetime": "2020-11-07T00:56:34Z",
        "uri": "https://web.archive.org/web/20201107005634/https://www.irs.gov/businesses/small-businesses-self-employed/disaster-assistance-and-emergency-relief-for-individuals-and-businesses"
      },
      {
        "datetime": "2020-11-20T06:47:43Z",
        "uri": "https://web.archive.org/web/20201120064743/https://www.irs.gov/businesses/small-businesses-self-employed/disaster-assistance-and-emergency-relief-for-individuals-and-businesses"
      },
      {
        "datetime": "2020-11-20T15:41:18Z",
        "uri": "https://web.archive.org/web/20201120154118/https://www.irs.gov/businesses/small-businesses-self-employed/disaster-assistance-and-emergency-relief-for-individuals-and-businesses"
      },
      {
        "datetime": "2020-11-23T16:07:28Z",
        "uri": "https://web.archive.org/web/20201123160728/https://www.irs.gov/businesses/small-businesses-self-employed/disaster-assistance-and-emergency-relief-for-individuals-and-businesses"
      },
      {
        "datetime": "2020-11-25T03:02:17Z",
        "uri": "https://web.archive.org/web/20201125030217/https://www.irs.gov/businesses/small-businesses-self-employed/disaster-assistance-and-emergency-relief-for-individuals-and-businesses"
      },
      {
        "datetime": "2021-01-16T03:39:46Z",
        "uri": "https://web.archive.org/web/20210116033946/https://www.irs.gov/businesses/small-businesses-self-employed/disaster-assistance-and-emergency-relief-for-individuals-and-businesses"
      },
      {
        "datetime": "2021-01-18T17:40:55Z",
        "uri": "https://web.archive.org/web/20210118174055/https://www.irs.gov/businesses/small-businesses-self-employed/disaster-assistance-and-emergency-relief-for-individuals-and-businesses"
      },
      {
        "datetime": "2021-01-20T08:01:20Z",
        "uri": "https://web.archive.org/web/20210120080120/https://www.irs.gov/businesses/small-businesses-self-employed/disaster-assistance-and-emergency-relief-for-individuals-and-businesses"
      },
      {
        "datetime": "2021-01-21T22:55:14Z",
        "uri": "https://web.archive.org/web/20210121225514/https://www.irs.gov/businesses/small-businesses-self-employed/disaster-assistance-and-emergency-relief-for-individuals-and-businesses"
      },
      {
        "datetime": "2021-01-28T02:20:51Z",
        "uri": "https://web.archive.org/web/20210128022051/https://www.irs.gov/businesses/small-businesses-self-employed/disaster-assistance-and-emergency-relief-for-individuals-and-businesses"
      },
      {
        "datetime": "2021-01-30T20:19:56Z",
        "uri": "https://web.archive.org/web/20210130201956/https://www.irs.gov/businesses/small-businesses-self-employed/disaster-assistance-and-emergency-relief-for-individuals-and-businesses"
      },
      {
        "datetime": "2021-02-22T23:21:04Z",
        "uri": "https://web.archive.org/web/20210222232104/https://www.irs.gov/businesses/small-businesses-self-employed/disaster-assistance-and-emergency-relief-for-individuals-and-businesses"
      },
      {
        "datetime": "2021-02-23T00:22:36Z",
        "uri": "https://web.archive.org/web/20210223002236/https://www.irs.gov/businesses/small-businesses-self-employed/disaster-assistance-and-emergency-relief-for-individuals-and-businesses"
      },
      {
        "datetime": "2021-02-23T20:54:23Z",
        "uri": "https://web.archive.org/web/20210223205423/https://www.irs.gov/businesses/small-businesses-self-employed/disaster-assistance-and-emergency-relief-for-individuals-and-businesses"
      },
      {
        "datetime": "2021-02-25T05:29:01Z",
        "uri": "https://web.archive.org/web/20210225052901/https://www.irs.gov/businesses/small-businesses-self-employed/disaster-assistance-and-emergency-relief-for-individuals-and-businesses"
      },
      {
        "datetime": "2021-02-25T11:13:09Z",
        "uri": "https://web.archive.org/web/20210225111309/https://www.irs.gov/businesses/small-businesses-self-employed/disaster-assistance-and-emergency-relief-for-individuals-and-businesses"
      },
      {
        "datetime": "2021-03-01T17:19:31Z",
        "uri": "https://web.archive.org/web/20210301171931/https://www.irs.gov/businesses/small-businesses-self-employed/disaster-assistance-and-emergency-relief-for-individuals-and-businesses"
      },
      {
        "datetime": "2021-03-02T21:35:44Z",
        "uri": "https://web.archive.org/web/20210302213544/https://www.irs.gov/businesses/small-businesses-self-employed/disaster-assistance-and-emergency-relief-for-individuals-and-businesses"
      },
      {
        "datetime": "2021-03-05T20:47:03Z",
        "uri": "https://web.archive.org/web/20210305204703/https://www.irs.gov/businesses/small-businesses-self-employed/disaster-assistance-and-emergency-relief-for-individuals-and-businesses"
      },
      {
        "datetime": "2021-03-09T15:15:50Z",
        "uri": "https://web.archive.org/web/20210309151550/https://www.irs.gov/businesses/small-businesses-self-employed/disaster-assistance-and-emergency-relief-for-individuals-and-businesses"
      },
      {
        "datetime": "2021-03-18T03:31:29Z",
        "uri": "https://web.archive.org/web/20210318033129/https://www.irs.gov/businesses/small-businesses-self-employed/disaster-assistance-and-emergency-relief-for-individuals-and-businesses"
      },
      {
        "datetime": "2021-03-22T21:15:42Z",
        "uri": "https://web.archive.org/web/20210322211542/https://www.irs.gov/businesses/small-businesses-self-employed/disaster-assistance-and-emergency-relief-for-individuals-and-businesses"
      },
      {
        "datetime": "2021-03-30T16:15:53Z",
        "uri": "https://web.archive.org/web/20210330161553/https://www.irs.gov/businesses/small-businesses-self-employed/disaster-assistance-and-emergency-relief-for-individuals-and-businesses"
      },
      {
        "datetime": "2021-04-02T08:07:54Z",
        "uri": "https://web.archive.org/web/20210402080754/https://www.irs.gov/businesses/small-businesses-self-employed/disaster-assistance-and-emergency-relief-for-individuals-and-businesses"
      },
      {
        "datetime": "2021-04-10T12:29:31Z",
        "uri": "https://web.archive.org/web/20210410122931/https://www.irs.gov/businesses/small-businesses-self-employed/disaster-assistance-and-emergency-relief-for-individuals-and-businesses"
      },
      {
        "datetime": "2021-04-10T18:28:56Z",
        "uri": "https://web.archive.org/web/20210410182856/https://www.irs.gov/businesses/small-businesses-self-employed/disaster-assistance-and-emergency-relief-for-individuals-and-businesses"
      },
      {
        "datetime": "2021-04-10T22:01:12Z",
        "uri": "https://web.archive.org/web/20210410220112/https://www.irs.gov/businesses/small-businesses-self-employed/disaster-assistance-and-emergency-relief-for-individuals-and-businesses"
      },
      {
        "datetime": "2021-04-11T00:51:29Z",
        "uri": "https://web.archive.org/web/20210411005129/https://www.irs.gov/businesses/small-businesses-self-employed/disaster-assistance-and-emergency-relief-for-individuals-and-businesses"
      },
      {
        "datetime": "2021-04-13T05:03:10Z",
        "uri": "https://web.archive.org/web/20210413050310/https://www.irs.gov/businesses/small-businesses-self-employed/disaster-assistance-and-emergency-relief-for-individuals-and-businesses"
      },
      {
        "datetime": "2021-04-14T22:34:19Z",
        "uri": "https://webarchive.loc.gov/all/20210414223419/https://www.irs.gov/businesses/small-businesses-self-employed/disaster-assistance-and-emergency-relief-for-individuals-and-businesses"
      },
      {
        "datetime": "2021-04-15T07:49:41Z",
        "uri": "https://web.archive.org/web/20210415074941/https://www.irs.gov/businesses/small-businesses-self-employed/disaster-assistance-and-emergency-relief-for-individuals-and-businesses"
      },
      {
        "datetime": "2021-04-15T17:56:21Z",
        "uri": "https://web.archive.org/web/20210415175621/https://www.irs.gov/businesses/small-businesses-self-employed/disaster-assistance-and-emergency-relief-for-individuals-and-businesses"
      },
      {
        "datetime": "2021-04-15T22:18:13Z",
        "uri": "https://webarchive.loc.gov/all/20210415221813/https://www.irs.gov/businesses/small-businesses-self-employed/disaster-assistance-and-emergency-relief-for-individuals-and-businesses"
      },
      {
        "datetime": "2021-04-16T22:17:55Z",
        "uri": "https://webarchive.loc.gov/all/20210416221755/https://www.irs.gov/businesses/small-businesses-self-employed/disaster-assistance-and-emergency-relief-for-individuals-and-businesses"
      },
      {
        "datetime": "2021-04-17T09:42:30Z",
        "uri": "https://webarchive.loc.gov/all/20210417094230/https://www.irs.gov/businesses/small-businesses-self-employed/disaster-assistance-and-emergency-relief-for-individuals-and-businesses"
      },
      {
        "datetime": "2021-04-17T15:21:24Z",
        "uri": "https://web.archive.org/web/20210417152124/https://www.irs.gov/businesses/small-businesses-self-employed/disaster-assistance-and-emergency-relief-for-individuals-and-businesses"
      },
      {
        "datetime": "2021-04-17T21:45:54Z",
        "uri": "https://webarchive.loc.gov/all/20210417214554/https://www.irs.gov/businesses/small-businesses-self-employed/disaster-assistance-and-emergency-relief-for-individuals-and-businesses"
      },
      {
        "datetime": "2021-04-17T23:59:52Z",
        "uri": "https://web.archive.org/web/20210417235952/https://www.irs.gov/businesses/small-businesses-self-employed/disaster-assistance-and-emergency-relief-for-individuals-and-businesses"
      },
      {
        "datetime": "2021-04-18T14:42:02Z",
        "uri": "https://web.archive.org/web/20210418144202/https://www.irs.gov/businesses/small-businesses-self-employed/disaster-assistance-and-emergency-relief-for-individuals-and-businesses"
      },
      {
        "datetime": "2021-04-18T20:59:57Z",
        "uri": "https://web.archive.org/web/20210418205957/https://www.irs.gov/businesses/small-businesses-self-employed/disaster-assistance-and-emergency-relief-for-individuals-and-businesses"
      },
      {
        "datetime": "2021-04-19T08:42:22Z",
        "uri": "https://web.archive.org/web/20210419084222/https://www.irs.gov/businesses/small-businesses-self-employed/disaster-assistance-and-emergency-relief-for-individuals-and-businesses"
      },
      {
        "datetime": "2021-04-19T22:05:38Z",
        "uri": "https://webarchive.loc.gov/all/20210419220538/https://www.irs.gov/businesses/small-businesses-self-employed/disaster-assistance-and-emergency-relief-for-individuals-and-businesses"
      },
      {
        "datetime": "2021-04-21T05:06:34Z",
        "uri": "https://web.archive.org/web/20210421050634/https://www.irs.gov/businesses/small-businesses-self-employed/disaster-assistance-and-emergency-relief-for-individuals-and-businesses"
      },
      {
        "datetime": "2021-04-21T07:37:18Z",
        "uri": "https://web.archive.org/web/20210421073718/https://www.irs.gov/businesses/small-businesses-self-employed/disaster-assistance-and-emergency-relief-for-individuals-and-businesses"
      },
      {
        "datetime": "2021-04-21T22:29:06Z",
        "uri": "https://webarchive.loc.gov/all/20210421222906/https://www.irs.gov/businesses/small-businesses-self-employed/disaster-assistance-and-emergency-relief-for-individuals-and-businesses"
      },
      {
        "datetime": "2021-04-21T23:23:52Z",
        "uri": "https://web.archive.org/web/20210421232352/https://www.irs.gov/businesses/small-businesses-self-employed/disaster-assistance-and-emergency-relief-for-individuals-and-businesses"
      },
      {
        "datetime": "2021-04-23T22:17:39Z",
        "uri": "https://webarchive.loc.gov/all/20210423221739/https://www.irs.gov/businesses/small-businesses-self-employed/disaster-assistance-and-emergency-relief-for-individuals-and-businesses"
      },
      {
        "datetime": "2021-04-26T22:29:27Z",
        "uri": "https://webarchive.loc.gov/all/20210426222927/https://www.irs.gov/businesses/small-businesses-self-employed/disaster-assistance-and-emergency-relief-for-individuals-and-businesses"
      },
      {
        "datetime": "2021-04-27T10:16:56Z",
        "uri": "https://webarchive.loc.gov/all/20210427101656/https://www.irs.gov/businesses/small-businesses-self-employed/disaster-assistance-and-emergency-relief-for-individuals-and-businesses"
      },
      {
        "datetime": "2021-04-29T19:05:00Z",
        "uri": "https://wayback.archive-it.org/all/20210429190500/https://www.irs.gov/businesses/small-businesses-self-employed/disaster-assistance-and-emergency-relief-for-individuals-and-businesses"
      },
      {
        "datetime": "2021-04-29T19:05:00Z",
        "uri": "https://web.archive.org/web/20210429190500/https://www.irs.gov/businesses/small-businesses-self-employed/disaster-assistance-and-emergency-relief-for-individuals-and-businesses"
      },
      {
        "datetime": "2021-05-04T14:54:52Z",
        "uri": "https://web.archive.org/web/20210504145452/https://www.irs.gov/businesses/small-businesses-self-employed/disaster-assistance-and-emergency-relief-for-individuals-and-businesses"
      },
      {
        "datetime": "2021-05-07T00:22:06Z",
        "uri": "https://web.archive.org/web/20210507002206/https://www.irs.gov/businesses/small-businesses-self-employed/disaster-assistance-and-emergency-relief-for-individuals-and-businesses"
      },
      {
        "datetime": "2021-05-09T11:21:03Z",
        "uri": "https://web.archive.org/web/20210509112103/https://www.irs.gov/businesses/small-businesses-self-employed/disaster-assistance-and-emergency-relief-for-individuals-and-businesses"
      },
      {
        "datetime": "2021-05-10T07:56:31Z",
        "uri": "https://web.archive.org/web/20210510075631/https://www.irs.gov/businesses/small-businesses-self-employed/disaster-assistance-and-emergency-relief-for-individuals-and-businesses"
      },
      {
        "datetime": "2021-05-11T16:46:03Z",
        "uri": "https://web.archive.org/web/20210511164603/https://www.irs.gov/businesses/small-businesses-self-employed/disaster-assistance-and-emergency-relief-for-individuals-and-businesses"
      },
      {
        "datetime": "2021-05-13T22:23:28Z",
        "uri": "https://web.archive.org/web/20210513222328/https://www.irs.gov/businesses/small-businesses-self-employed/disaster-assistance-and-emergency-relief-for-individuals-and-businesses"
      },
      {
        "datetime": "2021-05-17T12:20:25Z",
        "uri": "https://web.archive.org/web/20210517122025/https://www.irs.gov/businesses/small-businesses-self-employed/disaster-assistance-and-emergency-relief-for-individuals-and-businesses"
      },
      {
        "datetime": "2021-05-17T12:35:42Z",
        "uri": "https://web.archive.org/web/20210517123542/https://www.irs.gov/businesses/small-businesses-self-employed/disaster-assistance-and-emergency-relief-for-individuals-and-businesses"
      },
      {
        "datetime": "2021-05-17T17:14:43Z",
        "uri": "https://web.archive.org/web/20210517171443/https://www.irs.gov/businesses/small-businesses-self-employed/disaster-assistance-and-emergency-relief-for-individuals-and-businesses"
      },
      {
        "datetime": "2021-05-18T15:09:44Z",
        "uri": "https://web.archive.org/web/20210518150944/https://www.irs.gov/businesses/small-businesses-self-employed/disaster-assistance-and-emergency-relief-for-individuals-and-businesses"
      },
      {
        "datetime": "2021-05-20T19:19:46Z",
        "uri": "https://web.archive.org/web/20210520191946/https://www.irs.gov/businesses/small-businesses-self-employed/disaster-assistance-and-emergency-relief-for-individuals-and-businesses"
      },
      {
        "datetime": "2021-05-27T08:21:12Z",
        "uri": "https://web.archive.org/web/20210527082112/https://www.irs.gov/businesses/small-businesses-self-employed/disaster-assistance-and-emergency-relief-for-individuals-and-businesses"
      },
      {
        "datetime": "2021-06-10T19:12:52Z",
        "uri": "https://webarchive.loc.gov/all/20210610191252/https://www.irs.gov/businesses/small-businesses-self-employed/disaster-assistance-and-emergency-relief-for-individuals-and-businesses"
      },
      {
        "datetime": "2021-06-11T06:45:41Z",
        "uri": "https://webarchive.loc.gov/all/20210611064541/https://www.irs.gov/businesses/small-businesses-self-employed/disaster-assistance-and-emergency-relief-for-individuals-and-businesses"
      },
      {
        "datetime": "2021-06-11T18:33:37Z",
        "uri": "https://webarchive.loc.gov/all/20210611183337/https://www.irs.gov/businesses/small-businesses-self-employed/disaster-assistance-and-emergency-relief-for-individuals-and-businesses"
      },
      {
        "datetime": "2021-06-17T05:30:47Z",
        "uri": "https://web.archive.org/web/20210617053047/https://www.irs.gov/businesses/small-businesses-self-employed/disaster-assistance-and-emergency-relief-for-individuals-and-businesses"
      },
      {
        "datetime": "2021-06-17T05:30:47Z",
        "uri": "https://web.archive.org/web/20210617053047/https://www.irs.gov/businesses/small-businesses-self-employed/disaster-assistance-and-emergency-relief-for-individuals-and-businesses"
      },
      {
        "datetime": "2021-06-23T11:29:53Z",
        "uri": "https://web.archive.org/web/20210623112953/https://www.irs.gov/businesses/small-businesses-self-employed/disaster-assistance-and-emergency-relief-for-individuals-and-businesses"
      },
      {
        "datetime": "2021-06-23T11:29:53Z",
        "uri": "https://web.archive.org/web/20210623112953/https://www.irs.gov/businesses/small-businesses-self-employed/disaster-assistance-and-emergency-relief-for-individuals-and-businesses"
      },
      {
        "datetime": "2021-07-25T06:25:46Z",
        "uri": "https://web.archive.org/web/20210725062546/https://www.irs.gov/businesses/small-businesses-self-employed/disaster-assistance-and-emergency-relief-for-individuals-and-businesses"
      },
      {
        "datetime": "2021-08-04T21:29:25Z",
        "uri": "https://web.archive.org/web/20210804212925/https://www.irs.gov/businesses/small-businesses-self-employed/disaster-assistance-and-emergency-relief-for-individuals-and-businesses"
      },
      {
        "datetime": "2021-08-11T19:06:48Z",
        "uri": "https://web.archive.org/web/20210811190648/https://www.irs.gov/businesses/small-businesses-self-employed/disaster-assistance-and-emergency-relief-for-individuals-and-businesses"
      },
      {
        "datetime": "2021-08-12T09:14:25Z",
        "uri": "https://web.archive.org/web/20210812091425/https://www.irs.gov/businesses/small-businesses-self-employed/disaster-assistance-and-emergency-relief-for-individuals-and-businesses"
      },
      {
        "datetime": "2021-08-28T20:22:57Z",
        "uri": "https://web.archive.org/web/20210828202257/https://www.irs.gov/businesses/small-businesses-self-employed/disaster-assistance-and-emergency-relief-for-individuals-and-businesses"
      },
      {
        "datetime": "2021-08-31T13:25:31Z",
        "uri": "https://web.archive.org/web/20210831132531/https://www.irs.gov/businesses/small-businesses-self-employed/disaster-assistance-and-emergency-relief-for-individuals-and-businesses"
      },
      {
        "datetime": "2021-08-31T15:55:35Z",
        "uri": "https://web.archive.org/web/20210831155535/https://www.irs.gov/businesses/small-businesses-self-employed/disaster-assistance-and-emergency-relief-for-individuals-and-businesses"
      },
      {
        "datetime": "2021-08-31T16:20:16Z",
        "uri": "https://web.archive.org/web/20210831162016/https://www.irs.gov/businesses/small-businesses-self-employed/disaster-assistance-and-emergency-relief-for-individuals-and-businesses"
      },
      {
        "datetime": "2021-09-03T17:26:26Z",
        "uri": "https://web.archive.org/web/20210903172626/https://www.irs.gov/businesses/small-businesses-self-employed/disaster-assistance-and-emergency-relief-for-individuals-and-businesses"
      },
      {
        "datetime": "2021-09-07T17:21:02Z",
        "uri": "https://web.archive.org/web/20210907172102/https://www.irs.gov/businesses/small-businesses-self-employed/disaster-assistance-and-emergency-relief-for-individuals-and-businesses"
      },
      {
        "datetime": "2021-09-13T21:53:37Z",
        "uri": "https://web.archive.org/web/20210913215337/https://www.irs.gov/businesses/small-businesses-self-employed/disaster-assistance-and-emergency-relief-for-individuals-and-businesses"
      },
      {
        "datetime": "2021-09-14T01:52:12Z",
        "uri": "https://web.archive.org/web/20210914015212/https://www.irs.gov/businesses/small-businesses-self-employed/disaster-assistance-and-emergency-relief-for-individuals-and-businesses"
      },
      {
        "datetime": "2021-09-14T13:06:25Z",
        "uri": "https://web.archive.org/web/20210914130625/https://www.irs.gov/businesses/small-businesses-self-employed/disaster-assistance-and-emergency-relief-for-individuals-and-businesses"
      },
      {
        "datetime": "2021-09-14T13:21:36Z",
        "uri": "https://web.archive.org/web/20210914132136/https://www.irs.gov/businesses/small-businesses-self-employed/disaster-assistance-and-emergency-relief-for-individuals-and-businesses"
      },
      {
        "datetime": "2021-09-14T15:09:47Z",
        "uri": "https://web.archive.org/web/20210914150947/https://www.irs.gov/businesses/small-businesses-self-employed/disaster-assistance-and-emergency-relief-for-individuals-and-businesses"
      },
      {
        "datetime": "2021-09-14T18:36:03Z",
        "uri": "https://web.archive.org/web/20210914183603/https://www.irs.gov/businesses/small-businesses-self-employed/disaster-assistance-and-emergency-relief-for-individuals-and-businesses"
      },
      {
        "datetime": "2021-09-14T20:07:14Z",
        "uri": "https://web.archive.org/web/20210914200714/https://www.irs.gov/businesses/small-businesses-self-employed/disaster-assistance-and-emergency-relief-for-individuals-and-businesses"
      },
      {
        "datetime": "2021-09-15T00:38:46Z",
        "uri": "https://web.archive.org/web/20210915003846/https://www.irs.gov/businesses/small-businesses-self-employed/disaster-assistance-and-emergency-relief-for-individuals-and-businesses"
      },
      {
        "datetime": "2021-09-15T13:21:24Z",
        "uri": "https://web.archive.org/web/20210915132124/https://www.irs.gov/businesses/small-businesses-self-employed/disaster-assistance-and-emergency-relief-for-individuals-and-businesses"
      },
      {
        "datetime": "2021-09-18T00:34:33Z",
        "uri": "https://wayback.archive-it.org/all/20210918003433/https://www.irs.gov/businesses/small-businesses-self-employed/disaster-assistance-and-emergency-relief-for-individuals-and-businesses"
      },
      {
        "datetime": "2021-09-18T00:34:33Z",
        "uri": "https://web.archive.org/web/20210918003433/https://www.irs.gov/businesses/small-businesses-self-employed/disaster-assistance-and-emergency-relief-for-individuals-and-businesses"
      },
      {
        "datetime": "2021-09-18T09:42:53Z",
        "uri": "https://web.archive.org/web/20210918094253/https://www.irs.gov/businesses/small-businesses-self-employed/disaster-assistance-and-emergency-relief-for-individuals-and-businesses"
      },
      {
        "datetime": "2021-09-21T06:32:12Z",
        "uri": "https://web.archive.org/web/20210921063212/https://www.irs.gov/businesses/small-businesses-self-employed/disaster-assistance-and-emergency-relief-for-individuals-and-businesses"
      },
      {
        "datetime": "2021-09-21T18:12:39Z",
        "uri": "https://web.archive.org/web/20210921181239/https://www.irs.gov/businesses/small-businesses-self-employed/disaster-assistance-and-emergency-relief-for-individuals-and-businesses"
      },
      {
        "datetime": "2021-09-23T04:56:26Z",
        "uri": "https://web.archive.org/web/20210923045626/https://www.irs.gov/businesses/small-businesses-self-employed/disaster-assistance-and-emergency-relief-for-individuals-and-businesses"
      },
      {
        "datetime": "2021-09-23T16:21:05Z",
        "uri": "https://web.archive.org/web/20210923162105/https://www.irs.gov/businesses/small-businesses-self-employed/disaster-assistance-and-emergency-relief-for-individuals-and-businesses"
      },
      {
        "datetime": "2021-10-01T14:54:41Z",
        "uri": "https://web.archive.org/web/20211001145441/https://www.irs.gov/businesses/small-businesses-self-employed/disaster-assistance-and-emergency-relief-for-individuals-and-businesses"
      },
      {
        "datetime": "2021-10-09T18:32:34Z",
        "uri": "https://web.archive.org/web/20211009183234/https://www.irs.gov/businesses/small-businesses-self-employed/disaster-assistance-and-emergency-relief-for-individuals-and-businesses"
      },
      {
        "datetime": "2021-10-10T13:35:53Z",
        "uri": "https://web.archive.org/web/20211010133553/https://www.irs.gov/businesses/small-businesses-self-employed/disaster-assistance-and-emergency-relief-for-individuals-and-businesses"
      },
      {
        "datetime": "2021-10-13T21:38:23Z",
        "uri": "https://web.archive.org/web/20211013213823/https://www.irs.gov/businesses/small-businesses-self-employed/disaster-assistance-and-emergency-relief-for-individuals-and-businesses"
      },
      {
        "datetime": "2021-10-13T23:09:19Z",
        "uri": "https://web.archive.org/web/20211013230919/https://www.irs.gov/businesses/small-businesses-self-employed/disaster-assistance-and-emergency-relief-for-individuals-and-businesses"
      },
      {
        "datetime": "2021-10-15T15:22:11Z",
        "uri": "https://web.archive.org/web/20211015152211/https://www.irs.gov/businesses/small-businesses-self-employed/disaster-assistance-and-emergency-relief-for-individuals-and-businesses"
      },
      {
        "datetime": "2021-10-16T00:15:30Z",
        "uri": "https://web.archive.org/web/20211016001530/https://www.irs.gov/businesses/small-businesses-self-employed/disaster-assistance-and-emergency-relief-for-individuals-and-businesses"
      },
      {
        "datetime": "2021-10-16T20:37:50Z",
        "uri": "https://web.archive.org/web/20211016203750/https://www.irs.gov/businesses/small-businesses-self-employed/disaster-assistance-and-emergency-relief-for-individuals-and-businesses"
      },
      {
        "datetime": "2021-10-18T20:34:26Z",
        "uri": "https://web.archive.org/web/20211018203426/https://www.irs.gov/businesses/small-businesses-self-employed/disaster-assistance-and-emergency-relief-for-individuals-and-businesses"
      },
      {
        "datetime": "2021-10-21T03:26:57Z",
        "uri": "https://web.archive.org/web/20211021032657/https://www.irs.gov/businesses/small-businesses-self-employed/disaster-assistance-and-emergency-relief-for-individuals-and-businesses"
      },
      {
        "datetime": "2021-10-21T13:52:51Z",
        "uri": "https://web.archive.org/web/20211021135251/https://www.irs.gov/businesses/small-businesses-self-employed/disaster-assistance-and-emergency-relief-for-individuals-and-businesses"
      },
      {
        "datetime": "2021-10-25T04:07:34Z",
        "uri": "https://web.archive.org/web/20211025040734/https://www.irs.gov/businesses/small-businesses-self-employed/disaster-assistance-and-emergency-relief-for-individuals-and-businesses"
      },
      {
        "datetime": "2021-10-25T13:51:06Z",
        "uri": "https://web.archive.org/web/20211025135106/https://www.irs.gov/businesses/small-businesses-self-employed/disaster-assistance-and-emergency-relief-for-individuals-and-businesses"
      },
      {
        "datetime": "2021-10-28T03:00:36Z",
        "uri": "https://web.archive.org/web/20211028030036/https://www.irs.gov/businesses/small-businesses-self-employed/disaster-assistance-and-emergency-relief-for-individuals-and-businesses"
      },
      {
        "datetime": "2021-10-28T18:35:12Z",
        "uri": "https://web.archive.org/web/20211028183512/https://www.irs.gov/businesses/small-businesses-self-employed/disaster-assistance-and-emergency-relief-for-individuals-and-businesses"
      },
      {
        "datetime": "2021-11-02T07:01:20Z",
        "uri": "https://web.archive.org/web/20211102070120/https://www.irs.gov/businesses/small-businesses-self-employed/disaster-assistance-and-emergency-relief-for-individuals-and-businesses"
      },
      {
        "datetime": "2021-11-11T18:58:57Z",
        "uri": "https://web.archive.org/web/20211111185857/https://www.irs.gov/businesses/small-businesses-self-employed/disaster-assistance-and-emergency-relief-for-individuals-and-businesses"
      },
      {
        "datetime": "2021-11-12T17:51:17Z",
        "uri": "https://wayback.archive-it.org/all/20211112175117/https://www.irs.gov/businesses/small-businesses-self-employed/disaster-assistance-and-emergency-relief-for-individuals-and-businesses"
      },
      {
        "datetime": "2021-11-12T17:51:17Z",
        "uri": "https://web.archive.org/web/20211112175117/https://www.irs.gov/businesses/small-businesses-self-employed/disaster-assistance-and-emergency-relief-for-individuals-and-businesses"
      },
      {
        "datetime": "2021-11-27T05:36:57Z",
        "uri": "https://web.archive.org/web/20211127053657/https://www.irs.gov/businesses/small-businesses-self-employed/disaster-assistance-and-emergency-relief-for-individuals-and-businesses"
      },
      {
        "datetime": "2021-11-30T06:52:31Z",
        "uri": "https://web.archive.org/web/20211130065231/https://www.irs.gov/businesses/small-businesses-self-employed/disaster-assistance-and-emergency-relief-for-individuals-and-businesses"
      },
      {
        "datetime": "2021-11-30T21:07:46Z",
        "uri": "https://web.archive.org/web/20211130210746/https://www.irs.gov/businesses/small-businesses-self-employed/disaster-assistance-and-emergency-relief-for-individuals-and-businesses"
      },
      {
        "datetime": "2021-12-02T09:12:23Z",
        "uri": "https://web.archive.org/web/20211202091223/https://www.irs.gov/businesses/small-businesses-self-employed/disaster-assistance-and-emergency-relief-for-individuals-and-businesses"
      },
      {
        "datetime": "2021-12-03T05:59:09Z",
        "uri": "https://wayback.archive-it.org/all/20211203055909/https://www.irs.gov/businesses/small-businesses-self-employed/disaster-assistance-and-emergency-relief-for-individuals-and-businesses"
      },
      {
        "datetime": "2021-12-03T05:59:09Z",
        "uri": "https://web.archive.org/web/20211203055909/https://www.irs.gov/businesses/small-businesses-self-employed/disaster-assistance-and-emergency-relief-for-individuals-and-businesses"
      },
      {
        "datetime": "2021-12-17T09:57:31Z",
        "uri": "https://web.archive.org/web/20211217095731/https://www.irs.gov/businesses/small-businesses-self-employed/disaster-assistance-and-emergency-relief-for-individuals-and-businesses"
      },
      {
        "datetime": "2021-12-20T22:51:40Z",
        "uri": "https://web.archive.org/web/20211220225140/https://www.irs.gov/businesses/small-businesses-self-employed/disaster-assistance-and-emergency-relief-for-individuals-and-businesses"
      },
      {
        "datetime": "2021-12-22T18:37:55Z",
        "uri": "https://web.archive.org/web/20211222183755/https://www.irs.gov/businesses/small-businesses-self-employed/disaster-assistance-and-emergency-relief-for-individuals-and-businesses"
      },
      {
        "datetime": "2021-12-23T18:22:36Z",
        "uri": "https://web.archive.org/web/20211223182236/https://www.irs.gov/businesses/small-businesses-self-employed/disaster-assistance-and-emergency-relief-for-individuals-and-businesses"
      },
      {
        "datetime": "2021-12-31T11:18:35Z",
        "uri": "https://web.archive.org/web/20211231111835/https://www.irs.gov/businesses/small-businesses-self-employed/disaster-assistance-and-emergency-relief-for-individuals-and-businesses"
      },
      {
        "datetime": "2021-12-31T18:41:18Z",
        "uri": "https://web.archive.org/web/20211231184118/https://www.irs.gov/businesses/small-businesses-self-employed/disaster-assistance-and-emergency-relief-for-individuals-and-businesses"
      },
      {
        "datetime": "2022-01-17T08:09:21Z",
        "uri": "https://web.archive.org/web/20220117080921/https://www.irs.gov/businesses/small-businesses-self-employed/disaster-assistance-and-emergency-relief-for-individuals-and-businesses"
      },
      {
        "datetime": "2022-01-18T03:37:08Z",
        "uri": "https://web.archive.org/web/20220118033708/https://www.irs.gov/businesses/small-businesses-self-employed/disaster-assistance-and-emergency-relief-for-individuals-and-businesses"
      },
      {
        "datetime": "2022-01-18T22:54:15Z",
        "uri": "https://web.archive.org/web/20220118225415/https://www.irs.gov/businesses/small-businesses-self-employed/disaster-assistance-and-emergency-relief-for-individuals-and-businesses"
      },
      {
        "datetime": "2022-01-20T16:58:43Z",
        "uri": "https://web.archive.org/web/20220120165843/https://www.irs.gov/businesses/small-businesses-self-employed/disaster-assistance-and-emergency-relief-for-individuals-and-businesses"
      },
      {
        "datetime": "2022-01-21T05:07:06Z",
        "uri": "https://web.archive.org/web/20220121050706/https://www.irs.gov/businesses/small-businesses-self-employed/disaster-assistance-and-emergency-relief-for-individuals-and-businesses"
      },
      {
        "datetime": "2022-01-21T23:44:36Z",
        "uri": "https://web.archive.org/web/20220121234436/https://www.irs.gov/businesses/small-businesses-self-employed/disaster-assistance-and-emergency-relief-for-individuals-and-businesses"
      },
      {
        "datetime": "2022-01-29T04:05:27Z",
        "uri": "https://web.archive.org/web/20220129040527/https://www.irs.gov/businesses/small-businesses-self-employed/disaster-assistance-and-emergency-relief-for-individuals-and-businesses"
      },
      {
        "datetime": "2022-01-31T18:54:49Z",
        "uri": "https://web.archive.org/web/20220131185449/https://www.irs.gov/businesses/small-businesses-self-employed/disaster-assistance-and-emergency-relief-for-individuals-and-businesses"
      },
      {
        "datetime": "2022-02-22T00:24:12Z",
        "uri": "https://web.archive.org/web/20220222002412/https://www.irs.gov/businesses/small-businesses-self-employed/disaster-assistance-and-emergency-relief-for-individuals-and-businesses"
      },
      {
        "datetime": "2022-03-07T20:49:27Z",
        "uri": "https://web.archive.org/web/20220307204927/https://www.irs.gov/businesses/small-businesses-self-employed/disaster-assistance-and-emergency-relief-for-individuals-and-businesses"
      },
      {
        "datetime": "2022-03-13T04:21:37Z",
        "uri": "https://web.archive.org/web/20220313042137/https://www.irs.gov/businesses/small-businesses-self-employed/disaster-assistance-and-emergency-relief-for-individuals-and-businesses"
      },
      {
        "datetime": "2022-03-24T00:06:46Z",
        "uri": "https://web.archive.org/web/20220324000646/https://www.irs.gov/businesses/small-businesses-self-employed/disaster-assistance-and-emergency-relief-for-individuals-and-businesses"
      },
      {
        "datetime": "2022-03-29T21:04:08Z",
        "uri": "https://wayback.archive-it.org/all/20220329210408/https://www.irs.gov/businesses/small-businesses-self-employed/disaster-assistance-and-emergency-relief-for-individuals-and-businesses"
      },
      {
        "datetime": "2022-03-29T21:04:08Z",
        "uri": "https://web.archive.org/web/20220329210408/https://www.irs.gov/businesses/small-businesses-self-employed/disaster-assistance-and-emergency-relief-for-individuals-and-businesses"
      },
      {
        "datetime": "2022-04-23T23:54:14Z",
        "uri": "https://web.archive.org/web/20220423235414/https://www.irs.gov/businesses/small-businesses-self-employed/disaster-assistance-and-emergency-relief-for-individuals-and-businesses"
      },
      {
        "datetime": "2022-04-26T19:34:03Z",
        "uri": "https://web.archive.org/web/20220426193403/https://www.irs.gov/businesses/small-businesses-self-employed/disaster-assistance-and-emergency-relief-for-individuals-and-businesses"
      },
      {
        "datetime": "2022-05-06T17:26:14Z",
        "uri": "https://web.archive.org/web/20220506172614/https://www.irs.gov/businesses/small-businesses-self-employed/disaster-assistance-and-emergency-relief-for-individuals-and-businesses"
      },
      {
        "datetime": "2022-06-10T08:27:57Z",
        "uri": "https://web.archive.org/web/20220610082757/https://www.irs.gov/businesses/small-businesses-self-employed/disaster-assistance-and-emergency-relief-for-individuals-and-businesses"
      },
      {
        "datetime": "2022-06-15T21:39:47Z",
        "uri": "https://web.archive.org/web/20220615213947/https://www.irs.gov/businesses/small-businesses-self-employed/disaster-assistance-and-emergency-relief-for-individuals-and-businesses"
      },
      {
        "datetime": "2022-07-09T14:42:35Z",
        "uri": "https://wayback.archive-it.org/all/20220709144235/https://www.irs.gov/businesses/small-businesses-self-employed/disaster-assistance-and-emergency-relief-for-individuals-and-businesses"
      },
      {
        "datetime": "2022-07-09T14:42:35Z",
        "uri": "https://web.archive.org/web/20220709144235/https://www.irs.gov/businesses/small-businesses-self-employed/disaster-assistance-and-emergency-relief-for-individuals-and-businesses"
      },
      {
        "datetime": "2022-08-08T12:05:46Z",
        "uri": "https://web.archive.org/web/20220808120546/http://www.irs.gov/businesses/small-businesses-self-employed/disaster-assistance-and-emergency-relief-for-individuals-and-businesses"
      },
      {
        "datetime": "2022-09-01T04:46:12Z",
        "uri": "https://web.archive.org/web/20220901044612/https://www.irs.gov/businesses/small-businesses-self-employed/disaster-assistance-and-emergency-relief-for-individuals-and-businesses"
      },
      {
        "datetime": "2022-09-01T05:03:48Z",
        "uri": "https://web.archive.org/web/20220901050348/https://www.irs.gov/businesses/small-businesses-self-employed/disaster-assistance-and-emergency-relief-for-individuals-and-businesses"
      },
      {
        "datetime": "2022-09-01T16:36:31Z",
        "uri": "https://web.archive.org/web/20220901163631/https://www.irs.gov/businesses/small-businesses-self-employed/disaster-assistance-and-emergency-relief-for-individuals-and-businesses"
      },
      {
        "datetime": "2022-09-01T16:55:42Z",
        "uri": "https://web.archive.org/web/20220901165542/https://www.irs.gov/businesses/small-businesses-self-employed/disaster-assistance-and-emergency-relief-for-individuals-and-businesses"
      },
      {
        "datetime": "2022-09-01T17:25:11Z",
        "uri": "https://web.archive.org/web/20220901172511/https://www.irs.gov/businesses/small-businesses-self-employed/disaster-assistance-and-emergency-relief-for-individuals-and-businesses"
      },
      {
        "datetime": "2022-09-01T17:33:52Z",
        "uri": "https://web.archive.org/web/20220901173352/https://www.irs.gov/businesses/small-businesses-self-employed/disaster-assistance-and-emergency-relief-for-individuals-and-businesses"
      },
      {
        "datetime": "2022-09-01T17:48:07Z",
        "uri": "https://web.archive.org/web/20220901174807/https://www.irs.gov/businesses/small-businesses-self-employed/disaster-assistance-and-emergency-relief-for-individuals-and-businesses"
      },
      {
        "datetime": "2022-09-01T17:48:41Z",
        "uri": "https://web.archive.org/web/20220901174841/https://www.irs.gov/businesses/small-businesses-self-employed/disaster-assistance-and-emergency-relief-for-individuals-and-businesses"
      },
      {
        "datetime": "2022-09-01T17:53:31Z",
        "uri": "https://web.archive.org/web/20220901175331/https://www.irs.gov/businesses/small-businesses-self-employed/disaster-assistance-and-emergency-relief-for-individuals-and-businesses"
      },
      {
        "datetime": "2022-09-01T17:54:06Z",
        "uri": "https://web.archive.org/web/20220901175406/https://www.irs.gov/businesses/small-businesses-self-employed/disaster-assistance-and-emergency-relief-for-individuals-and-businesses"
      },
      {
        "datetime": "2022-09-01T17:54:32Z",
        "uri": "https://web.archive.org/web/20220901175432/https://www.irs.gov/businesses/small-businesses-self-employed/disaster-assistance-and-emergency-relief-for-individuals-and-businesses"
      },
      {
        "datetime": "2022-09-01T18:01:56Z",
        "uri": "https://web.archive.org/web/20220901180156/https://www.irs.gov/businesses/small-businesses-self-employed/disaster-assistance-and-emergency-relief-for-individuals-and-businesses"
      },
      {
        "datetime": "2022-09-21T22:21:02Z",
        "uri": "https://web.archive.org/web/20220921222102/https://www.irs.gov/businesses/small-businesses-self-employed/disaster-assistance-and-emergency-relief-for-individuals-and-businesses"
      },
      {
        "datetime": "2022-09-23T19:02:39Z",
        "uri": "https://web.archive.org/web/20220923190239/https://www.irs.gov/businesses/small-businesses-self-employed/disaster-assistance-and-emergency-relief-for-individuals-and-businesses"
      },
      {
        "datetime": "2022-09-24T22:57:33Z",
        "uri": "https://wayback.archive-it.org/all/20220924225733/https://www.irs.gov/businesses/small-businesses-self-employed/disaster-assistance-and-emergency-relief-for-individuals-and-businesses"
      }
    ],
    "first": {
      "datetime": "2018-08-22T10:10:05Z",
      "uri": "https://web.archive.org/web/20180822101005/https://www.irs.gov/businesses/small-businesses-self-employed/disaster-assistance-and-emergency-relief-for-individuals-and-businesses"
    },
    "last": {
      "datetime": "2022-09-24T22:57:33Z",
      "uri": "https://wayback.archive-it.org/all/20220924225733/https://www.irs.gov/businesses/small-businesses-self-employed/disaster-assistance-and-emergency-relief-for-individuals-and-businesses"
    }
  },
  "timemap_uri": {
    "link_format": "http://localhost:1208/timemap/link/https://www.irs.gov/businesses/small-businesses-self-employed/disaster-assistance-and-emergency-relief-for-individuals-and-businesses",
    "json_format": "http://localhost:1208/timemap/json/https://www.irs.gov/businesses/small-businesses-self-employed/disaster-assistance-and-emergency-relief-for-individuals-and-businesses",
    "cdxj_format": "http://localhost:1208/timemap/cdxj/https://www.irs.gov/businesses/small-businesses-self-employed/disaster-assistance-and-emergency-relief-for-individuals-and-businesses"
  },
  "timegate_uri": "http://localhost:1208/timegate/https://www.irs.gov/businesses/small-businesses-self-employed/disaster-assistance-and-emergency-relief-for-individuals-and-businesses"
}
