{
  "original_uri": "https://pancakeswap.finance/swap?outputCurrency=0x374e51299e4cee5d4b0385cc2be9041c062e3232",
  "self": "http://localhost:1208/timemap/json/https://pancakeswap.finance/swap?outputCurrency=0x374e51299e4cee5d4b0385cc2be9041c062e3232",
  "mementos": {
    "list": [
      {
        "datetime": "2022-09-22T12:54:21Z",
        "uri": "https://web.archive.org/web/20220922125421/https://pancakeswap.finance/swap?outputCurrency=0x374e51299e4cee5d4b0385cc2be9041c062e3232"
      }
    ],
    "first": {
      "datetime": "2022-09-22T12:54:21Z",
      "uri": "https://web.archive.org/web/20220922125421/https://pancakeswap.finance/swap?outputCurrency=0x374e51299e4cee5d4b0385cc2be9041c062e3232"
    },
    "last": {
      "datetime": "2022-09-22T12:54:21Z",
      "uri": "https://web.archive.org/web/20220922125421/https://pancakeswap.finance/swap?outputCurrency=0x374e51299e4cee5d4b0385cc2be9041c062e3232"
    }
  },
  "timemap_uri": {
    "link_format": "http://localhost:1208/timemap/link/https://pancakeswap.finance/swap?outputCurrency=0x374e51299e4cee5d4b0385cc2be9041c062e3232",
    "json_format": "http://localhost:1208/timemap/json/https://pancakeswap.finance/swap?outputCurrency=0x374e51299e4cee5d4b0385cc2be9041c062e3232",
    "cdxj_format": "http://localhost:1208/timemap/cdxj/https://pancakeswap.finance/swap?outputCurrency=0x374e51299e4cee5d4b0385cc2be9041c062e3232"
  },
  "timegate_uri": "http://localhost:1208/timegate/https://pancakeswap.finance/swap?outputCurrency=0x374e51299e4cee5d4b0385cc2be9041c062e3232"
}
