{
  "original_uri": "https://www.downrightnews.com/",
  "self": "http://localhost:1208/timemap/json/https://www.downrightnews.com/",
  "mementos": {
    "list": [
      {
        "datetime": "2020-12-30T21:54:43Z",
        "uri": "https://web.archive.org/web/20201230215443/https://www.downrightnews.com/"
      },
      {
        "datetime": "2021-01-26T12:30:40Z",
        "uri": "https://web.archive.org/web/20210126123040/http://downrightnews.com/"
      },
      {
        "datetime": "2021-01-26T12:30:44Z",
        "uri": "https://web.archive.org/web/20210126123044/https://downrightnews.com/"
      },
      {
        "datetime": "2021-01-26T12:30:46Z",
        "uri": "https://web.archive.org/web/20210126123046/https://www.downrightnews.com/"
      },
      {
        "datetime": "2021-01-28T21:18:37Z",
        "uri": "https://web.archive.org/web/20210128211837/http://downrightnews.com/"
      },
      {
        "datetime": "2021-02-03T03:54:30Z",
        "uri": "https://web.archive.org/web/20210203035430/https://downrightnews.com/"
      },
      {
        "datetime": "2021-02-07T23:42:59Z",
        "uri": "https://web.archive.org/web/20210207234259/https://www.downrightnews.com/"
      },
      {
        "datetime": "2021-02-24T01:24:59Z",
        "uri": "https://web.archive.org/web/20210224012459/https://www.downrightnews.com/"
      },
      {
        "datetime": "2021-02-24T01:25:16Z",
        "uri": "https://web.archive.org/web/20210224012516/https://www.downrightnews.com/"
      },
      {
        "datetime": "2021-03-03T17:25:19Z",
        "uri": "https://web.archive.org/web/20210303172519/https://downrightnews.com/"
      },
      {
        "datetime": "2021-03-09T16:29:07Z",
        "uri": "https://web.archive.org/web/20210309162907/https://www.downrightnews.com/"
      },
      {
        "datetime": "2021-04-04T00:44:12Z",
        "uri": "https://web.archive.org/web/20210404004412/https://www.downrightnews.com/"
      },
      {
        "datetime": "2021-04-22T15:25:38Z",
        "uri": "https://web.archive.org/web/20210422152538/https://www.downrightnews.com/"
      },
      {
        "datetime": "2021-05-14T05:34:29Z",
        "uri": "https://web.archive.org/web/20210514053429/https://www.downrightnews.com/"
      },
      {
        "datetime": "2021-06-24T19:39:29Z",
        "uri": "https://web.archive.org/web/20210624193929/https://www.downrightnews.com/"
      },
      {
        "datetime": "2021-06-24T19:39:29Z",
        "uri": "https://web.archive.org/web/20210624193929/https://www.downrightnews.com/"
      },
      {
        "datetime": "2021-07-07T17:59:52Z",
        "uri": "https://web.archive.org/web/20210707175952/https://www.downrightnews.com/"
      },
      {
        "datetime": "2021-07-27T19:31:19Z",
        "uri": "https://web.archive.org/web/20210727193119/https://www.downrightnews.com/"
      },
      {
        "datetime": "2021-09-24T10:09:30Z",
        "uri": "https://web.archive.org/web/20210924100930/https://www.downrightnews.com/"
      },
      {
        "datetime": "2021-10-27T11:14:07Z",
        "uri": "https://web.archive.org/web/20211027111407/https://www.downrightnews.com/"
      },
      {
        "datetime": "2021-11-28T06:33:31Z",
        "uri": "https://web.archive.org/web/20211128063331/https://www.downrightnews.com/"
      },
      {
        "datetime": "2021-12-01T23:00:31Z",
        "uri": "https://web.archive.org/web/20211201230031/http://downrightnews.com/"
      },
      {
        "datetime": "2021-12-22T22:17:12Z",
        "uri": "https://web.archive.org/web/20211222221712/https://www.downrightnews.com/"
      },
      {
        "datetime": "2021-12-22T23:21:35Z",
        "uri": "https://web.archive.org/web/20211222232135/https://www.downrightnews.com/"
      },
      {
        "datetime": "2021-12-22T23:23:34Z",
        "uri": "https://web.archive.org/web/20211222232334/https://downrightnews.com/"
      },
      {
        "datetime": "2022-01-03T14:52:35Z",
        "uri": "https://web.archive.org/web/20220103145235/https://downrightnews.com/"
      },
      {
        "datetime": "2022-01-20T21:10:21Z",
        "uri": "https://web.archive.org/web/20220120211021/https://www.downrightnews.com/"
      },
      {
        "datetime": "2022-01-22T07:51:49Z",
        "uri": "https://web.archive.org/web/20220122075149/https://www.downrightnews.com/"
      },
      {
        "datetime": "2022-01-28T04:27:07Z",
        "uri": "https://web.archive.org/web/20220128042707/https://www.downrightnews.com/"
      },
      {
        "datetime": "2022-01-29T14:40:11Z",
        "uri": "https://web.archive.org/web/20220129144011/https://downrightnews.com/"
      },
      {
        "datetime": "2022-01-29T14:44:42Z",
        "uri": "https://web.archive.org/web/20220129144442/https://downrightnews.com/"
      },
      {
        "datetime": "2022-02-02T21:33:27Z",
        "uri": "https://web.archive.org/web/20220202213327/https://www.downrightnews.com/"
      },
      {
        "datetime": "2022-02-15T23:57:02Z",
        "uri": "https://web.archive.org/web/20220215235702/https://downrightnews.com/"
      },
      {
        "datetime": "2022-02-16T02:40:43Z",
        "uri": "https://web.archive.org/web/20220216024043/https://www.downrightnews.com/"
      },
      {
        "datetime": "2022-02-17T15:14:18Z",
        "uri": "https://web.archive.org/web/20220217151418/https://downrightnews.com/"
      },
      {
        "datetime": "2022-02-17T15:14:19Z",
        "uri": "https://web.archive.org/web/20220217151419/https://www.downrightnews.com/"
      },
      {
        "datetime": "2022-02-17T15:15:32Z",
        "uri": "https://web.archive.org/web/20220217151532/https://downrightnews.com/"
      },
      {
        "datetime": "2022-02-17T15:15:33Z",
        "uri": "https://web.archive.org/web/20220217151533/https://www.downrightnews.com/"
      },
      {
        "datetime": "2022-02-17T15:16:06Z",
        "uri": "https://web.archive.org/web/20220217151606/https://www.downrightnews.com/"
      },
      {
        "datetime": "2022-04-14T15:28:33Z",
        "uri": "https://web.archive.org/web/20220414152833/https://www.downrightnews.com/"
      },
      {
        "datetime": "2022-05-07T02:37:35Z",
        "uri": "http://archive.md/20220507023735/https://www.downrightnews.com/"
      },
      {
        "datetime": "2022-05-09T01:30:24Z",
        "uri": "https://web.archive.org/web/20220509013024/https://downrightnews.com/"
      },
      {
        "datetime": "2022-06-07T20:24:10Z",
        "uri": "https://web.archive.org/web/20220607202410/https://www.downrightnews.com/"
      },
      {
        "datetime": "2022-06-07T20:24:21Z",
        "uri": "https://web.archive.org/web/20220607202421/https://downrightnews.com/"
      },
      {
        "datetime": "2022-07-12T04:58:31Z",
        "uri": "https://web.archive.org/web/20220712045831/https://www.downrightnews.com/"
      }
    ],
    "first": {
      "datetime": "2020-12-30T21:54:43Z",
      "uri": "https://web.archive.org/web/20201230215443/https://www.downrightnews.com/"
    },
    "last": {
      "datetime": "2022-07-12T04:58:31Z",
      "uri": "https://web.archive.org/web/20220712045831/https://www.downrightnews.com/"
    }
  },
  "timemap_uri": {
    "link_format": "http://localhost:1208/timemap/link/https://www.downrightnews.com/",
    "json_format": "http://localhost:1208/timemap/json/https://www.downrightnews.com/",
    "cdxj_format": "http://localhost:1208/timemap/cdxj/https://www.downrightnews.com/"
  },
  "timegate_uri": "http://localhost:1208/timegate/https://www.downrightnews.com/"
}
