{
  "original_uri": "https://veriscan.finance/",
  "self": "http://localhost:1208/timemap/json/https://veriscan.finance/",
  "mementos": {
    "list": [
      {
        "datetime": "2022-09-11T10:26:25Z",
        "uri": "https://web.archive.org/web/20220911102625/https://veriscan.finance/"
      },
      {
        "datetime": "2022-09-11T10:26:53Z",
        "uri": "https://web.archive.org/web/20220911102653/https://veriscan.finance/"
      },
      {
        "datetime": "2022-09-14T07:49:33Z",
        "uri": "https://web.archive.org/web/20220914074933/http://veriscan.finance/"
      }
    ],
    "first": {
      "datetime": "2022-09-11T10:26:25Z",
      "uri": "https://web.archive.org/web/20220911102625/https://veriscan.finance/"
    },
    "last": {
      "datetime": "2022-09-14T07:49:33Z",
      "uri": "https://web.archive.org/web/20220914074933/http://veriscan.finance/"
    }
  },
  "timemap_uri": {
    "link_format": "http://localhost:1208/timemap/link/https://veriscan.finance/",
    "json_format": "http://localhost:1208/timemap/json/https://veriscan.finance/",
    "cdxj_format": "http://localhost:1208/timemap/cdxj/https://veriscan.finance/"
  },
  "timegate_uri": "http://localhost:1208/timegate/https://veriscan.finance/"
}
