{
  "original_uri": "https://iwantclips.com/store/495836",
  "self": "http://localhost:1208/timemap/json/https://iwantclips.com/store/495836",
  "mementos": {
    "list": [
      {
        "datetime": "2019-06-09T05:32:20Z",
        "uri": "https://web.archive.org/web/20190609053220/https://iwantclips.com/store/495836"
      },
      {
        "datetime": "2020-05-02T10:13:19Z",
        "uri": "https://web.archive.org/web/20200502101319/https://iwantclips.com/store/495836"
      },
      {
        "datetime": "2020-10-06T10:27:24Z",
        "uri": "https://web.archive.org/web/20201006102724/https://iwantclips.com/store/495836"
      },
      {
        "datetime": "2020-11-01T08:47:45Z",
        "uri": "https://web.archive.org/web/20201101084745/https://iwantclips.com/store/495836"
      },
      {
        "datetime": "2021-03-31T00:52:58Z",
        "uri": "https://web.archive.org/web/20210331005258/https://iwantclips.com/store/495836"
      },
      {
        "datetime": "2021-12-24T22:39:25Z",
        "uri": "https://web.archive.org/web/20211224223925/https://iwantclips.com/store/495836"
      },
      {
        "datetime": "2021-12-24T22:39:26Z",
        "uri": "https://web.archive.org/web/20211224223926/https://iwantclips.com/store/495836"
      },
      {
        "datetime": "2022-06-28T08:24:13Z",
        "uri": "https://web.archive.org/web/20220628082413/https://iwantclips.com/store/495836"
      },
      {
        "datetime": "2022-09-04T19:15:43Z",
        "uri": "https://web.archive.org/web/20220904191543/https://iwantclips.com/store/495836"
      }
    ],
    "first": {
      "datetime": "2019-06-09T05:32:20Z",
      "uri": "https://web.archive.org/web/20190609053220/https://iwantclips.com/store/495836"
    },
    "last": {
      "datetime": "2022-09-04T19:15:43Z",
      "uri": "https://web.archive.org/web/20220904191543/https://iwantclips.com/store/495836"
    }
  },
  "timemap_uri": {
    "link_format": "http://localhost:1208/timemap/link/https://iwantclips.com/store/495836",
    "json_format": "http://localhost:1208/timemap/json/https://iwantclips.com/store/495836",
    "cdxj_format": "http://localhost:1208/timemap/cdxj/https://iwantclips.com/store/495836"
  },
  "timegate_uri": "http://localhost:1208/timegate/https://iwantclips.com/store/495836"
}
