{
  "original_uri": "https://thenewsmen.co.in/photos/top-10-looks-of-blackpinks-lisa-that-suggest-she-is-the-queen-of-the-fashion-game/49809",
  "self": "http://localhost:1208/timemap/json/https://thenewsmen.co.in/photos/top-10-looks-of-blackpinks-lisa-that-suggest-she-is-the-queen-of-the-fashion-game/49809",
  "mementos": {
    "list": [
      {
        "datetime": "2021-09-10T12:16:56Z",
        "uri": "https://web.archive.org/web/20210910121656/https://thenewsmen.co.in/photos/top-10-looks-of-blackpinks-lisa-that-suggest-she-is-the-queen-of-the-fashion-game/49809"
      }
    ],
    "first": {
      "datetime": "2021-09-10T12:16:56Z",
      "uri": "https://web.archive.org/web/20210910121656/https://thenewsmen.co.in/photos/top-10-looks-of-blackpinks-lisa-that-suggest-she-is-the-queen-of-the-fashion-game/49809"
    },
    "last": {
      "datetime": "2021-09-10T12:16:56Z",
      "uri": "https://web.archive.org/web/20210910121656/https://thenewsmen.co.in/photos/top-10-looks-of-blackpinks-lisa-that-suggest-she-is-the-queen-of-the-fashion-game/49809"
    }
  },
  "timemap_uri": {
    "link_format": "http://localhost:1208/timemap/link/https://thenewsmen.co.in/photos/top-10-looks-of-blackpinks-lisa-that-suggest-she-is-the-queen-of-the-fashion-game/49809",
    "json_format": "http://localhost:1208/timemap/json/https://thenewsmen.co.in/photos/top-10-looks-of-blackpinks-lisa-that-suggest-she-is-the-queen-of-the-fashion-game/49809",
    "cdxj_format": "http://localhost:1208/timemap/cdxj/https://thenewsmen.co.in/photos/top-10-looks-of-blackpinks-lisa-that-suggest-she-is-the-queen-of-the-fashion-game/49809"
  },
  "timegate_uri": "http://localhost:1208/timegate/https://thenewsmen.co.in/photos/top-10-looks-of-blackpinks-lisa-that-suggest-she-is-the-queen-of-the-fashion-game/49809"
}
