{
  "original_uri": "https://store.rajinterus.xyz/?platform=hootsuite#.Yqc4c8VBzcc",
  "self": "http://localhost:1208/timemap/json/https://store.rajinterus.xyz/?platform=hootsuite#.Yqc4c8VBzcc",
  "mementos": {
    "list": [
      {
        "datetime": "2022-07-14T16:40:50Z",
        "uri": "https://web.archive.org/web/20220714164050/https://store.rajinterus.xyz/?platform=hootsuite"
      },
      {
        "datetime": "2022-09-23T22:56:13Z",
        "uri": "https://web.archive.org/web/20220923225613/https://store.rajinterus.xyz/?platform=hootsuite"
      }
    ],
    "first": {
      "datetime": "2022-07-14T16:40:50Z",
      "uri": "https://web.archive.org/web/20220714164050/https://store.rajinterus.xyz/?platform=hootsuite"
    },
    "last": {
      "datetime": "2022-09-23T22:56:13Z",
      "uri": "https://web.archive.org/web/20220923225613/https://store.rajinterus.xyz/?platform=hootsuite"
    }
  },
  "timemap_uri": {
    "link_format": "http://localhost:1208/timemap/link/https://store.rajinterus.xyz/?platform=hootsuite#.Yqc4c8VBzcc",
    "json_format": "http://localhost:1208/timemap/json/https://store.rajinterus.xyz/?platform=hootsuite#.Yqc4c8VBzcc",
    "cdxj_format": "http://localhost:1208/timemap/cdxj/https://store.rajinterus.xyz/?platform=hootsuite#.Yqc4c8VBzcc"
  },
  "timegate_uri": "http://localhost:1208/timegate/https://store.rajinterus.xyz/?platform=hootsuite#.Yqc4c8VBzcc"
}
