{
  "original_uri": "https://crimeofthecentury2020.com/former-az-gov-janet-napolitanos-arizona-mafia-and-doug-ducey-executive-summary#:~:text=The%20",
  "self": "http://localhost:1208/timemap/json/https://crimeofthecentury2020.com/former-az-gov-janet-napolitanos-arizona-mafia-and-doug-ducey-executive-summary#:~:text=The%20",
  "mementos": {
    "list": [
      {
        "datetime": "2021-10-25T11:11:55Z",
        "uri": "https://web.archive.org/web/20211025111155/https://crimeofthecentury2020.com/former-az-gov-janet-napolitanos-arizona-mafia-and-doug-ducey-executive-summary"
      },
      {
        "datetime": "2022-04-25T12:38:58Z",
        "uri": "https://web.archive.org/web/20220425123858/https://crimeofthecentury2020.com/former-az-gov-janet-napolitanos-arizona-mafia-and-doug-ducey-executive-summary"
      }
    ],
    "first": {
      "datetime": "2021-10-25T11:11:55Z",
      "uri": "https://web.archive.org/web/20211025111155/https://crimeofthecentury2020.com/former-az-gov-janet-napolitanos-arizona-mafia-and-doug-ducey-executive-summary"
    },
    "last": {
      "datetime": "2022-04-25T12:38:58Z",
      "uri": "https://web.archive.org/web/20220425123858/https://crimeofthecentury2020.com/former-az-gov-janet-napolitanos-arizona-mafia-and-doug-ducey-executive-summary"
    }
  },
  "timemap_uri": {
    "link_format": "http://localhost:1208/timemap/link/https://crimeofthecentury2020.com/former-az-gov-janet-napolitanos-arizona-mafia-and-doug-ducey-executive-summary#:~:text=The%20",
    "json_format": "http://localhost:1208/timemap/json/https://crimeofthecentury2020.com/former-az-gov-janet-napolitanos-arizona-mafia-and-doug-ducey-executive-summary#:~:text=The%20",
    "cdxj_format": "http://localhost:1208/timemap/cdxj/https://crimeofthecentury2020.com/former-az-gov-janet-napolitanos-arizona-mafia-and-doug-ducey-executive-summary#:~:text=The%20"
  },
  "timegate_uri": "http://localhost:1208/timegate/https://crimeofthecentury2020.com/former-az-gov-janet-napolitanos-arizona-mafia-and-doug-ducey-executive-summary#:~:text=The%20"
}
