{
  "original_uri": "https://www.cnn.com/2022/09/29/us/iyw-how-to-help-hurricane-ian",
  "self": "http://localhost:1208/timemap/json/https://www.cnn.com/2022/09/29/us/iyw-how-to-help-hurricane-ian",
  "mementos": {
    "list": [
      {
        "datetime": "2022-10-01T20:32:31Z",
        "uri": "https://web.archive.org/web/20221001203231/https://www.cnn.com/2022/09/29/us/iyw-how-to-help-hurricane-ian/"
      }
    ],
    "first": {
      "datetime": "2022-10-01T20:32:31Z",
      "uri": "https://web.archive.org/web/20221001203231/https://www.cnn.com/2022/09/29/us/iyw-how-to-help-hurricane-ian/"
    },
    "last": {
      "datetime": "2022-10-01T20:32:31Z",
      "uri": "https://web.archive.org/web/20221001203231/https://www.cnn.com/2022/09/29/us/iyw-how-to-help-hurricane-ian/"
    }
  },
  "timemap_uri": {
    "link_format": "http://localhost:1208/timemap/link/https://www.cnn.com/2022/09/29/us/iyw-how-to-help-hurricane-ian",
    "json_format": "http://localhost:1208/timemap/json/https://www.cnn.com/2022/09/29/us/iyw-how-to-help-hurricane-ian",
    "cdxj_format": "http://localhost:1208/timemap/cdxj/https://www.cnn.com/2022/09/29/us/iyw-how-to-help-hurricane-ian"
  },
  "timegate_uri": "http://localhost:1208/timegate/https://www.cnn.com/2022/09/29/us/iyw-how-to-help-hurricane-ian"
}
