{
  "original_uri": "https://www.salon.com/2022/09/29/as-hurricane-ian-ravages-florida-dont-forget-ron-desantis-leads-the-on-green-energy/",
  "self": "http://localhost:1208/timemap/json/https://www.salon.com/2022/09/29/as-hurricane-ian-ravages-florida-dont-forget-ron-desantis-leads-the-on-green-energy/",
  "mementos": {
    "list": [
      {
        "datetime": "2022-10-01T16:13:33Z",
        "uri": "http://archive.md/20221001161333/https://www.salon.com/2022/09/29/as-hurricane-ian-ravages-florida-dont-forget-ron-desantis-leads-the-on-green-energy/"
      }
    ],
    "first": {
      "datetime": "2022-10-01T16:13:33Z",
      "uri": "http://archive.md/20221001161333/https://www.salon.com/2022/09/29/as-hurricane-ian-ravages-florida-dont-forget-ron-desantis-leads-the-on-green-energy/"
    },
    "last": {
      "datetime": "2022-10-01T16:13:33Z",
      "uri": "http://archive.md/20221001161333/https://www.salon.com/2022/09/29/as-hurricane-ian-ravages-florida-dont-forget-ron-desantis-leads-the-on-green-energy/"
    }
  },
  "timemap_uri": {
    "link_format": "http://localhost:1208/timemap/link/https://www.salon.com/2022/09/29/as-hurricane-ian-ravages-florida-dont-forget-ron-desantis-leads-the-on-green-energy/",
    "json_format": "http://localhost:1208/timemap/json/https://www.salon.com/2022/09/29/as-hurricane-ian-ravages-florida-dont-forget-ron-desantis-leads-the-on-green-energy/",
    "cdxj_format": "http://localhost:1208/timemap/cdxj/https://www.salon.com/2022/09/29/as-hurricane-ian-ravages-florida-dont-forget-ron-desantis-leads-the-on-green-energy/"
  },
  "timegate_uri": "http://localhost:1208/timegate/https://www.salon.com/2022/09/29/as-hurricane-ian-ravages-florida-dont-forget-ron-desantis-leads-the-on-green-energy/"
}
