{
  "original_uri": "https://www.statista.com/statistics/1303432/total-bilateral-aid-to-ukraine/",
  "self": "http://localhost:1208/timemap/json/https://www.statista.com/statistics/1303432/total-bilateral-aid-to-ukraine/",
  "mementos": {
    "list": [
      {
        "datetime": "2022-04-24T07:02:39Z",
        "uri": "https://web.archive.org/web/20220424070239/https://www.statista.com/statistics/1303432/total-bilateral-aid-to-ukraine/"
      },
      {
        "datetime": "2022-05-01T14:54:17Z",
        "uri": "https://web.archive.org/web/20220501145417/https://www.statista.com/statistics/1303432/total-bilateral-aid-to-ukraine/"
      },
      {
        "datetime": "2022-07-12T14:46:24Z",
        "uri": "https://web.archive.org/web/20220712144624/https://statista.com/statistics/1303432/total-bilateral-aid-to-ukraine/"
      },
      {
        "datetime": "2022-07-16T18:35:19Z",
        "uri": "https://web.archive.org/web/20220716183519/https://www.statista.com/statistics/1303432/total-bilateral-aid-to-ukraine/"
      },
      {
        "datetime": "2022-07-16T18:35:19Z",
        "uri": "https://web.archive.org/web/20220716183519/https://statista.com/statistics/1303432/total-bilateral-aid-to-ukraine/"
      },
      {
        "datetime": "2022-07-29T02:20:44Z",
        "uri": "https://web.archive.org/web/20220729022044/https://www.statista.com/statistics/1303432/total-bilateral-aid-to-ukraine/"
      },
      {
        "datetime": "2022-08-24T08:17:45Z",
        "uri": "https://web.archive.org/web/20220824081745/https://www.statista.com/statistics/1303432/total-bilateral-aid-to-ukraine/"
      },
      {
        "datetime": "2022-08-26T13:11:04Z",
        "uri": "https://web.archive.org/web/20220826131104/https://www.statista.com/statistics/1303432/total-bilateral-aid-to-ukraine/"
      },
      {
        "datetime": "2022-09-01T03:14:20Z",
        "uri": "https://web.archive.org/web/20220901031420/https://www.statista.com/statistics/1303432/total-bilateral-aid-to-ukraine/"
      },
      {
        "datetime": "2022-09-03T04:00:35Z",
        "uri": "https://web.archive.org/web/20220903040035/https://www.statista.com/statistics/1303432/total-bilateral-aid-to-ukraine/"
      },
      {
        "datetime": "2022-09-04T06:26:52Z",
        "uri": "https://web.archive.org/web/20220904062652/https://www.statista.com/statistics/1303432/total-bilateral-aid-to-ukraine/"
      },
      {
        "datetime": "2022-09-21T00:52:34Z",
        "uri": "https://web.archive.org/web/20220921005234/https://www.statista.com/statistics/1303432/total-bilateral-aid-to-ukraine/"
      },
      {
        "datetime": "2022-09-21T16:27:49Z",
        "uri": "https://web.archive.org/web/20220921162749/https://www.statista.com/statistics/1303432/total-bilateral-aid-to-ukraine/"
      }
    ],
    "first": {
      "datetime": "2022-04-24T07:02:39Z",
      "uri": "https://web.archive.org/web/20220424070239/https://www.statista.com/statistics/1303432/total-bilateral-aid-to-ukraine/"
    },
    "last": {
      "datetime": "2022-09-21T16:27:49Z",
      "uri": "https://web.archive.org/web/20220921162749/https://www.statista.com/statistics/1303432/total-bilateral-aid-to-ukraine/"
    }
  },
  "timemap_uri": {
    "link_format": "http://localhost:1208/timemap/link/https://www.statista.com/statistics/1303432/total-bilateral-aid-to-ukraine/",
    "json_format": "http://localhost:1208/timemap/json/https://www.statista.com/statistics/1303432/total-bilateral-aid-to-ukraine/",
    "cdxj_format": "http://localhost:1208/timemap/cdxj/https://www.statista.com/statistics/1303432/total-bilateral-aid-to-ukraine/"
  },
  "timegate_uri": "http://localhost:1208/timegate/https://www.statista.com/statistics/1303432/total-bilateral-aid-to-ukraine/"
}
