{
  "original_uri": "https://realcontextnews.com/how-to-lose-nations-and-alienate-people-by-vladimir-putin/",
  "self": "http://localhost:1208/timemap/json/https://realcontextnews.com/how-to-lose-nations-and-alienate-people-by-vladimir-putin/",
  "mementos": {
    "list": [
      {
        "datetime": "2022-02-26T12:45:47Z",
        "uri": "https://web.archive.org/web/20220226124547/https://realcontextnews.com/how-to-lose-nations-and-alienate-people-by-vladimir-putin/"
      },
      {
        "datetime": "2022-02-26T17:06:48Z",
        "uri": "https://web.archive.org/web/20220226170648/https://realcontextnews.com/how-to-lose-nations-and-alienate-people-by-vladimir-putin/"
      },
      {
        "datetime": "2022-04-18T19:14:15Z",
        "uri": "https://web.archive.org/web/20220418191415/https://realcontextnews.com/how-to-lose-nations-and-alienate-people-by-vladimir-putin/"
      },
      {
        "datetime": "2022-05-01T23:09:20Z",
        "uri": "https://web.archive.org/web/20220501230920/https://realcontextnews.com/how-to-lose-nations-and-alienate-people-by-vladimir-putin/"
      },
      {
        "datetime": "2022-05-12T17:59:18Z",
        "uri": "https://web.archive.org/web/20220512175918/https://realcontextnews.com/how-to-lose-nations-and-alienate-people-by-vladimir-putin/"
      },
      {
        "datetime": "2022-06-05T15:47:45Z",
        "uri": "https://web.archive.org/web/20220605154745/https://realcontextnews.com/how-to-lose-nations-and-alienate-people-by-vladimir-putin/"
      },
      {
        "datetime": "2022-06-05T18:29:47Z",
        "uri": "https://web.archive.org/web/20220605182947/https://realcontextnews.com/how-to-lose-nations-and-alienate-people-by-vladimir-putin/"
      },
      {
        "datetime": "2022-06-10T02:15:08Z",
        "uri": "https://web.archive.org/web/20220610021508/https://realcontextnews.com/how-to-lose-nations-and-alienate-people-by-vladimir-putin/"
      },
      {
        "datetime": "2022-06-15T10:20:15Z",
        "uri": "https://web.archive.org/web/20220615102015/https://realcontextnews.com/how-to-lose-nations-and-alienate-people-by-vladimir-putin/"
      },
      {
        "datetime": "2022-07-27T17:17:16Z",
        "uri": "https://web.archive.org/web/20220727171716/https://realcontextnews.com/how-to-lose-nations-and-alienate-people-by-vladimir-putin/"
      },
      {
        "datetime": "2022-08-10T15:16:49Z",
        "uri": "https://wayback.archive-it.org/all/20220810151649/https://realcontextnews.com/how-to-lose-nations-and-alienate-people-by-vladimir-putin/"
      },
      {
        "datetime": "2022-08-10T15:16:49Z",
        "uri": "https://web.archive.org/web/20220810151649/https://realcontextnews.com/how-to-lose-nations-and-alienate-people-by-vladimir-putin/"
      },
      {
        "datetime": "2022-08-30T23:07:14Z",
        "uri": "https://web.archive.org/web/20220830230714/https://realcontextnews.com/how-to-lose-nations-and-alienate-people-by-vladimir-putin/"
      },
      {
        "datetime": "2022-09-08T02:41:25Z",
        "uri": "https://web.archive.org/web/20220908024125/https://realcontextnews.com/how-to-lose-nations-and-alienate-people-by-vladimir-putin/"
      },
      {
        "datetime": "2022-09-22T01:20:33Z",
        "uri": "https://web.archive.org/web/20220922012033/https://realcontextnews.com/how-to-lose-nations-and-alienate-people-by-vladimir-putin/"
      },
      {
        "datetime": "2022-09-22T01:36:29Z",
        "uri": "https://web.archive.org/web/20220922013629/https://realcontextnews.com/how-to-lose-nations-and-alienate-people-by-vladimir-putin/"
      },
      {
        "datetime": "2022-09-22T02:05:20Z",
        "uri": "https://web.archive.org/web/20220922020520/https://realcontextnews.com/how-to-lose-nations-and-alienate-people-by-vladimir-putin/"
      },
      {
        "datetime": "2022-09-22T02:13:37Z",
        "uri": "https://web.archive.org/web/20220922021337/https://realcontextnews.com/how-to-lose-nations-and-alienate-people-by-vladimir-putin/"
      }
    ],
    "first": {
      "datetime": "2022-02-26T12:45:47Z",
      "uri": "https://web.archive.org/web/20220226124547/https://realcontextnews.com/how-to-lose-nations-and-alienate-people-by-vladimir-putin/"
    },
    "last": {
      "datetime": "2022-09-22T02:13:37Z",
      "uri": "https://web.archive.org/web/20220922021337/https://realcontextnews.com/how-to-lose-nations-and-alienate-people-by-vladimir-putin/"
    }
  },
  "timemap_uri": {
    "link_format": "http://localhost:1208/timemap/link/https://realcontextnews.com/how-to-lose-nations-and-alienate-people-by-vladimir-putin/",
    "json_format": "http://localhost:1208/timemap/json/https://realcontextnews.com/how-to-lose-nations-and-alienate-people-by-vladimir-putin/",
    "cdxj_format": "http://localhost:1208/timemap/cdxj/https://realcontextnews.com/how-to-lose-nations-and-alienate-people-by-vladimir-putin/"
  },
  "timegate_uri": "http://localhost:1208/timegate/https://realcontextnews.com/how-to-lose-nations-and-alienate-people-by-vladimir-putin/"
}
