{
  "original_uri": "https://anti-empire.com/new-ukrainian-trend-tying-people-to-trees-flogging-and-undressing-them/",
  "self": "http://localhost:1208/timemap/json/https://anti-empire.com/new-ukrainian-trend-tying-people-to-trees-flogging-and-undressing-them/",
  "mementos": {
    "list": [
      {
        "datetime": "2022-03-24T11:04:02Z",
        "uri": "https://web.archive.org/web/20220324110402/https://anti-empire.com/new-ukrainian-trend-tying-people-to-trees-flogging-and-undressing-them/"
      },
      {
        "datetime": "2022-03-24T14:30:43Z",
        "uri": "http://archive.md/20220324143043/https://anti-empire.com/new-ukrainian-trend-tying-people-to-trees-flogging-and-undressing-them/"
      },
      {
        "datetime": "2022-03-26T09:52:57Z",
        "uri": "https://web.archive.org/web/20220326095257/https://anti-empire.com/new-ukrainian-trend-tying-people-to-trees-flogging-and-undressing-them/"
      },
      {
        "datetime": "2022-03-27T01:56:29Z",
        "uri": "https://web.archive.org/web/20220327015629/https://anti-empire.com/new-ukrainian-trend-tying-people-to-trees-flogging-and-undressing-them/"
      },
      {
        "datetime": "2022-03-29T18:39:11Z",
        "uri": "https://web.archive.org/web/20220329183911/https://anti-empire.com/new-ukrainian-trend-tying-people-to-trees-flogging-and-undressing-them/"
      },
      {
        "datetime": "2022-03-31T23:07:16Z",
        "uri": "https://web.archive.org/web/20220331230716/https://anti-empire.com/new-ukrainian-trend-tying-people-to-trees-flogging-and-undressing-them/"
      },
      {
        "datetime": "2022-04-02T17:39:31Z",
        "uri": "https://web.archive.org/web/20220402173931/https://anti-empire.com/new-ukrainian-trend-tying-people-to-trees-flogging-and-undressing-them/"
      },
      {
        "datetime": "2022-04-19T01:31:58Z",
        "uri": "https://web.archive.org/web/20220419013158/https://anti-empire.com/new-ukrainian-trend-tying-people-to-trees-flogging-and-undressing-them/"
      },
      {
        "datetime": "2022-04-21T04:20:32Z",
        "uri": "https://web.archive.org/web/20220421042032/https://anti-empire.com/new-ukrainian-trend-tying-people-to-trees-flogging-and-undressing-them/"
      },
      {
        "datetime": "2022-04-22T22:33:56Z",
        "uri": "https://web.archive.org/web/20220422223356/https://anti-empire.com/new-ukrainian-trend-tying-people-to-trees-flogging-and-undressing-them/"
      }
    ],
    "first": {
      "datetime": "2022-03-24T11:04:02Z",
      "uri": "https://web.archive.org/web/20220324110402/https://anti-empire.com/new-ukrainian-trend-tying-people-to-trees-flogging-and-undressing-them/"
    },
    "last": {
      "datetime": "2022-04-22T22:33:56Z",
      "uri": "https://web.archive.org/web/20220422223356/https://anti-empire.com/new-ukrainian-trend-tying-people-to-trees-flogging-and-undressing-them/"
    }
  },
  "timemap_uri": {
    "link_format": "http://localhost:1208/timemap/link/https://anti-empire.com/new-ukrainian-trend-tying-people-to-trees-flogging-and-undressing-them/",
    "json_format": "http://localhost:1208/timemap/json/https://anti-empire.com/new-ukrainian-trend-tying-people-to-trees-flogging-and-undressing-them/",
    "cdxj_format": "http://localhost:1208/timemap/cdxj/https://anti-empire.com/new-ukrainian-trend-tying-people-to-trees-flogging-and-undressing-them/"
  },
  "timegate_uri": "http://localhost:1208/timegate/https://anti-empire.com/new-ukrainian-trend-tying-people-to-trees-flogging-and-undressing-them/"
}
