{
  "original_uri": "https://www.cnn.com/2022/09/29/us/eliza-fletcher-autopsy-gunshot-wound-killed/index.html",
  "self": "http://localhost:1208/timemap/json/https://www.cnn.com/2022/09/29/us/eliza-fletcher-autopsy-gunshot-wound-killed/index.html",
  "mementos": {
    "list": [
      {
        "datetime": "2022-10-01T08:35:52Z",
        "uri": "http://archive.md/20221001083552/https://www.cnn.com/2022/09/29/us/eliza-fletcher-autopsy-gunshot-wound-killed/index.html"
      }
    ],
    "first": {
      "datetime": "2022-10-01T08:35:52Z",
      "uri": "http://archive.md/20221001083552/https://www.cnn.com/2022/09/29/us/eliza-fletcher-autopsy-gunshot-wound-killed/index.html"
    },
    "last": {
      "datetime": "2022-10-01T08:35:52Z",
      "uri": "http://archive.md/20221001083552/https://www.cnn.com/2022/09/29/us/eliza-fletcher-autopsy-gunshot-wound-killed/index.html"
    }
  },
  "timemap_uri": {
    "link_format": "http://localhost:1208/timemap/link/https://www.cnn.com/2022/09/29/us/eliza-fletcher-autopsy-gunshot-wound-killed/index.html",
    "json_format": "http://localhost:1208/timemap/json/https://www.cnn.com/2022/09/29/us/eliza-fletcher-autopsy-gunshot-wound-killed/index.html",
    "cdxj_format": "http://localhost:1208/timemap/cdxj/https://www.cnn.com/2022/09/29/us/eliza-fletcher-autopsy-gunshot-wound-killed/index.html"
  },
  "timegate_uri": "http://localhost:1208/timegate/https://www.cnn.com/2022/09/29/us/eliza-fletcher-autopsy-gunshot-wound-killed/index.html"
}
