{
  "original_uri": "https://www.bitchute.com/video/ZqqTaII5mbSp/",
  "self": "http://localhost:1208/timemap/json/https://www.bitchute.com/video/ZqqTaII5mbSp/",
  "mementos": {
    "list": [
      {
        "datetime": "2022-03-19T01:41:41Z",
        "uri": "https://web.archive.org/web/20220319014141/https://www.bitchute.com/video/ZqqTaII5mbSp/"
      },
      {
        "datetime": "2022-03-19T01:52:23Z",
        "uri": "https://web.archive.org/web/20220319015223/https://www.bitchute.com/video/ZqqTaII5mbSp/"
      },
      {
        "datetime": "2022-03-19T01:52:23Z",
        "uri": "https://web.archive.org/web/20220319015223/https://www.bitchute.com/video/ZqqTaII5mbSp"
      },
      {
        "datetime": "2022-03-19T15:16:15Z",
        "uri": "https://web.archive.org/web/20220319151615/https://www.bitchute.com/video/ZqqTaII5mbSp/"
      },
      {
        "datetime": "2022-03-20T11:26:30Z",
        "uri": "https://wayback.archive-it.org/all/20220320112630/https://www.bitchute.com/video/ZqqTaII5mbSp"
      },
      {
        "datetime": "2022-03-20T11:26:30Z",
        "uri": "https://web.archive.org/web/20220320112630/https://www.bitchute.com/video/ZqqTaII5mbSp"
      },
      {
        "datetime": "2022-03-20T11:26:31Z",
        "uri": "https://wayback.archive-it.org/all/20220320112631/https://www.bitchute.com/video/ZqqTaII5mbSp/"
      },
      {
        "datetime": "2022-03-20T11:26:31Z",
        "uri": "https://web.archive.org/web/20220320112631/https://www.bitchute.com/video/ZqqTaII5mbSp/"
      },
      {
        "datetime": "2022-03-20T11:28:04Z",
        "uri": "https://wayback.archive-it.org/all/20220320112804/https://www.bitchute.com/video/ZqqTaII5mbSp"
      },
      {
        "datetime": "2022-03-20T11:28:04Z",
        "uri": "https://web.archive.org/web/20220320112804/https://www.bitchute.com/video/ZqqTaII5mbSp"
      },
      {
        "datetime": "2022-03-20T11:28:05Z",
        "uri": "https://wayback.archive-it.org/all/20220320112805/https://www.bitchute.com/video/ZqqTaII5mbSp/"
      },
      {
        "datetime": "2022-03-20T11:28:05Z",
        "uri": "https://web.archive.org/web/20220320112805/https://www.bitchute.com/video/ZqqTaII5mbSp/"
      },
      {
        "datetime": "2022-03-22T09:42:55Z",
        "uri": "https://web.archive.org/web/20220322094255/https://www.bitchute.com/video/ZqqTaII5mbSp/"
      },
      {
        "datetime": "2022-03-23T01:59:19Z",
        "uri": "https://web.archive.org/web/20220323015919/https://www.bitchute.com/video/ZqqTaII5mbSp"
      },
      {
        "datetime": "2022-03-23T01:59:37Z",
        "uri": "https://web.archive.org/web/20220323015937/https://www.bitchute.com/video/ZqqTaII5mbSp"
      },
      {
        "datetime": "2022-03-26T17:27:15Z",
        "uri": "https://web.archive.org/web/20220326172715/https://www.bitchute.com/video/ZqqTaII5mbSp/"
      },
      {
        "datetime": "2022-03-26T20:41:09Z",
        "uri": "https://wayback.archive-it.org/all/20220326204109/https://www.bitchute.com/video/ZqqTaII5mbSp"
      },
      {
        "datetime": "2022-03-26T20:41:09Z",
        "uri": "https://web.archive.org/web/20220326204109/https://www.bitchute.com/video/ZqqTaII5mbSp/"
      },
      {
        "datetime": "2022-03-26T20:41:09Z",
        "uri": "https://web.archive.org/web/20220326204109/https://www.bitchute.com/video/ZqqTaII5mbSp"
      },
      {
        "datetime": "2022-03-26T20:41:10Z",
        "uri": "https://wayback.archive-it.org/all/20220326204110/https://www.bitchute.com/video/ZqqTaII5mbSp/"
      },
      {
        "datetime": "2022-03-26T20:43:30Z",
        "uri": "https://wayback.archive-it.org/all/20220326204330/https://www.bitchute.com/video/ZqqTaII5mbSp"
      },
      {
        "datetime": "2022-03-26T20:43:30Z",
        "uri": "https://web.archive.org/web/20220326204330/https://www.bitchute.com/video/ZqqTaII5mbSp"
      },
      {
        "datetime": "2022-03-26T20:43:31Z",
        "uri": "https://wayback.archive-it.org/all/20220326204331/https://www.bitchute.com/video/ZqqTaII5mbSp/"
      },
      {
        "datetime": "2022-03-26T20:43:31Z",
        "uri": "https://web.archive.org/web/20220326204331/https://www.bitchute.com/video/ZqqTaII5mbSp/"
      },
      {
        "datetime": "2022-03-26T20:45:05Z",
        "uri": "https://wayback.archive-it.org/all/20220326204505/https://www.bitchute.com/video/ZqqTaII5mbSp"
      },
      {
        "datetime": "2022-03-26T20:45:05Z",
        "uri": "https://web.archive.org/web/20220326204505/https://www.bitchute.com/video/ZqqTaII5mbSp"
      },
      {
        "datetime": "2022-03-26T20:45:06Z",
        "uri": "https://wayback.archive-it.org/all/20220326204506/https://www.bitchute.com/video/ZqqTaII5mbSp/"
      },
      {
        "datetime": "2022-03-26T20:45:06Z",
        "uri": "https://web.archive.org/web/20220326204506/https://www.bitchute.com/video/ZqqTaII5mbSp/"
      },
      {
        "datetime": "2022-03-26T20:46:15Z",
        "uri": "https://wayback.archive-it.org/all/20220326204615/https://www.bitchute.com/video/ZqqTaII5mbSp"
      },
      {
        "datetime": "2022-03-26T20:46:15Z",
        "uri": "https://web.archive.org/web/20220326204615/https://www.bitchute.com/video/ZqqTaII5mbSp"
      },
      {
        "datetime": "2022-03-26T20:46:16Z",
        "uri": "https://wayback.archive-it.org/all/20220326204616/https://www.bitchute.com/video/ZqqTaII5mbSp/"
      },
      {
        "datetime": "2022-03-26T20:46:16Z",
        "uri": "https://web.archive.org/web/20220326204616/https://www.bitchute.com/video/ZqqTaII5mbSp/"
      },
      {
        "datetime": "2022-04-01T04:53:48Z",
        "uri": "https://web.archive.org/web/20220401045348/https://www.bitchute.com/video/ZqqTaII5mbSp"
      },
      {
        "datetime": "2022-04-01T04:54:09Z",
        "uri": "https://web.archive.org/web/20220401045409/https://www.bitchute.com/video/ZqqTaII5mbSp/"
      },
      {
        "datetime": "2022-04-01T04:54:28Z",
        "uri": "https://web.archive.org/web/20220401045428/https://www.bitchute.com/video/ZqqTaII5mbSp/"
      },
      {
        "datetime": "2022-04-06T10:20:02Z",
        "uri": "https://wayback.archive-it.org/all/20220406102002/https://www.bitchute.com/video/ZqqTaII5mbSp"
      },
      {
        "datetime": "2022-04-06T10:20:02Z",
        "uri": "https://web.archive.org/web/20220406102002/https://www.bitchute.com/video/ZqqTaII5mbSp"
      },
      {
        "datetime": "2022-04-06T10:20:03Z",
        "uri": "https://wayback.archive-it.org/all/20220406102003/https://www.bitchute.com/video/ZqqTaII5mbSp/"
      },
      {
        "datetime": "2022-04-06T10:20:03Z",
        "uri": "https://web.archive.org/web/20220406102003/https://www.bitchute.com/video/ZqqTaII5mbSp/"
      },
      {
        "datetime": "2022-04-06T10:35:50Z",
        "uri": "https://wayback.archive-it.org/all/20220406103550/https://www.bitchute.com/video/ZqqTaII5mbSp"
      },
      {
        "datetime": "2022-04-06T10:35:50Z",
        "uri": "https://web.archive.org/web/20220406103550/https://www.bitchute.com/video/ZqqTaII5mbSp"
      },
      {
        "datetime": "2022-04-06T10:35:51Z",
        "uri": "https://wayback.archive-it.org/all/20220406103551/https://www.bitchute.com/video/ZqqTaII5mbSp/"
      },
      {
        "datetime": "2022-04-06T10:35:51Z",
        "uri": "https://web.archive.org/web/20220406103551/https://www.bitchute.com/video/ZqqTaII5mbSp/"
      },
      {
        "datetime": "2022-04-14T11:52:16Z",
        "uri": "https://web.archive.org/web/20220414115216/https://www.bitchute.com/video/ZqqTaII5mbSp/"
      },
      {
        "datetime": "2022-04-22T09:26:06Z",
        "uri": "https://web.archive.org/web/20220422092606/https://www.bitchute.com/video/ZqqTaII5mbSp/"
      },
      {
        "datetime": "2022-04-27T04:08:08Z",
        "uri": "https://web.archive.org/web/20220427040808/https://www.bitchute.com/video/ZqqTaII5mbSp"
      },
      {
        "datetime": "2022-04-27T04:08:20Z",
        "uri": "https://web.archive.org/web/20220427040820/https://www.bitchute.com/video/ZqqTaII5mbSp/"
      },
      {
        "datetime": "2022-04-27T04:08:24Z",
        "uri": "https://web.archive.org/web/20220427040824/https://www.bitchute.com/video/ZqqTaII5mbSp/"
      },
      {
        "datetime": "2022-04-27T04:08:28Z",
        "uri": "https://web.archive.org/web/20220427040828/https://www.bitchute.com/video/ZqqTaII5mbSp/"
      },
      {
        "datetime": "2022-05-02T05:42:49Z",
        "uri": "https://web.archive.org/web/20220502054249/https://www.bitchute.com/video/ZqqTaII5mbSp"
      },
      {
        "datetime": "2022-05-09T18:21:32Z",
        "uri": "https://web.archive.org/web/20220509182132/https://www.bitchute.com/video/ZqqTaII5mbSp/"
      },
      {
        "datetime": "2022-05-31T02:56:02Z",
        "uri": "https://web.archive.org/web/20220531025602/https://www.bitchute.com/video/ZqqTaII5mbSp/"
      }
    ],
    "first": {
      "datetime": "2022-03-19T01:41:41Z",
      "uri": "https://web.archive.org/web/20220319014141/https://www.bitchute.com/video/ZqqTaII5mbSp/"
    },
    "last": {
      "datetime": "2022-05-31T02:56:02Z",
      "uri": "https://web.archive.org/web/20220531025602/https://www.bitchute.com/video/ZqqTaII5mbSp/"
    }
  },
  "timemap_uri": {
    "link_format": "http://localhost:1208/timemap/link/https://www.bitchute.com/video/ZqqTaII5mbSp/",
    "json_format": "http://localhost:1208/timemap/json/https://www.bitchute.com/video/ZqqTaII5mbSp/",
    "cdxj_format": "http://localhost:1208/timemap/cdxj/https://www.bitchute.com/video/ZqqTaII5mbSp/"
  },
  "timegate_uri": "http://localhost:1208/timegate/https://www.bitchute.com/video/ZqqTaII5mbSp/"
}
