{
  "original_uri": "https://www.nbcnews.com/news/us-news/section-sanibel-causeway-florida-destroyed-hurricane-ian-cutting-acces-rcna49989",
  "self": "http://localhost:1208/timemap/json/https://www.nbcnews.com/news/us-news/section-sanibel-causeway-florida-destroyed-hurricane-ian-cutting-acces-rcna49989",
  "mementos": {
    "list": [
      {
        "datetime": "2022-09-30T10:45:42Z",
        "uri": "https://web.archive.org/web/20220930104542/https://www.nbcnews.com/news/us-news/section-sanibel-causeway-florida-destroyed-hurricane-ian-cutting-acces-rcna49989"
      }
    ],
    "first": {
      "datetime": "2022-09-30T10:45:42Z",
      "uri": "https://web.archive.org/web/20220930104542/https://www.nbcnews.com/news/us-news/section-sanibel-causeway-florida-destroyed-hurricane-ian-cutting-acces-rcna49989"
    },
    "last": {
      "datetime": "2022-09-30T10:45:42Z",
      "uri": "https://web.archive.org/web/20220930104542/https://www.nbcnews.com/news/us-news/section-sanibel-causeway-florida-destroyed-hurricane-ian-cutting-acces-rcna49989"
    }
  },
  "timemap_uri": {
    "link_format": "http://localhost:1208/timemap/link/https://www.nbcnews.com/news/us-news/section-sanibel-causeway-florida-destroyed-hurricane-ian-cutting-acces-rcna49989",
    "json_format": "http://localhost:1208/timemap/json/https://www.nbcnews.com/news/us-news/section-sanibel-causeway-florida-destroyed-hurricane-ian-cutting-acces-rcna49989",
    "cdxj_format": "http://localhost:1208/timemap/cdxj/https://www.nbcnews.com/news/us-news/section-sanibel-causeway-florida-destroyed-hurricane-ian-cutting-acces-rcna49989"
  },
  "timegate_uri": "http://localhost:1208/timegate/https://www.nbcnews.com/news/us-news/section-sanibel-causeway-florida-destroyed-hurricane-ian-cutting-acces-rcna49989"
}
