{
  "original_uri": "https://www.estatesales.net/FL/Lake-Worth/33463/1330788?highlight=NASA",
  "self": "http://localhost:1208/timemap/json/https://www.estatesales.net/FL/Lake-Worth/33463/1330788?highlight=NASA",
  "mementos": {
    "list": [
      {
        "datetime": "2019-03-16T00:54:37Z",
        "uri": "https://web.archive.org/web/20190316005437/https://www.estatesales.net/FL/Lake-Worth/33463/1330788?highlight=NASA"
      },
      {
        "datetime": "2019-04-23T07:40:39Z",
        "uri": "https://web.archive.org/web/20190423074039/https://www.estatesales.net/FL/Lake-Worth/33463/1330788?highlight=NASA"
      }
    ],
    "first": {
      "datetime": "2019-03-16T00:54:37Z",
      "uri": "https://web.archive.org/web/20190316005437/https://www.estatesales.net/FL/Lake-Worth/33463/1330788?highlight=NASA"
    },
    "last": {
      "datetime": "2019-04-23T07:40:39Z",
      "uri": "https://web.archive.org/web/20190423074039/https://www.estatesales.net/FL/Lake-Worth/33463/1330788?highlight=NASA"
    }
  },
  "timemap_uri": {
    "link_format": "http://localhost:1208/timemap/link/https://www.estatesales.net/FL/Lake-Worth/33463/1330788?highlight=NASA",
    "json_format": "http://localhost:1208/timemap/json/https://www.estatesales.net/FL/Lake-Worth/33463/1330788?highlight=NASA",
    "cdxj_format": "http://localhost:1208/timemap/cdxj/https://www.estatesales.net/FL/Lake-Worth/33463/1330788?highlight=NASA"
  },
  "timegate_uri": "http://localhost:1208/timegate/https://www.estatesales.net/FL/Lake-Worth/33463/1330788?highlight=NASA"
}
