{
  "original_uri": "https://earthobservatory.nasa.gov/images/150324/late-season-melting-in-greenland",
  "self": "http://localhost:1208/timemap/json/https://earthobservatory.nasa.gov/images/150324/late-season-melting-in-greenland",
  "mementos": {
    "list": [
      {
        "datetime": "2022-09-08T22:46:41Z",
        "uri": "https://web.archive.org/web/20220908224641/https://earthobservatory.nasa.gov/images/150324/late-season-melting-in-greenland"
      },
      {
        "datetime": "2022-09-10T08:42:22Z",
        "uri": "https://web.archive.org/web/20220910084222/https://earthobservatory.nasa.gov/images/150324/late-season-melting-in-greenland"
      },
      {
        "datetime": "2022-09-10T14:58:25Z",
        "uri": "https://web.archive.org/web/20220910145825/https://earthobservatory.nasa.gov/images/150324/late-season-melting-in-greenland"
      },
      {
        "datetime": "2022-09-10T14:58:30Z",
        "uri": "https://web.archive.org/web/20220910145830/https://earthobservatory.nasa.gov/images/150324/late-season-melting-in-greenland"
      },
      {
        "datetime": "2022-09-20T17:22:42Z",
        "uri": "https://web.archive.org/web/20220920172242/https://earthobservatory.nasa.gov/images/150324/late-season-melting-in-greenland"
      },
      {
        "datetime": "2022-09-22T08:54:49Z",
        "uri": "https://web.archive.org/web/20220922085449/https://earthobservatory.nasa.gov/images/150324/late-season-melting-in-greenland"
      },
      {
        "datetime": "2022-09-24T19:20:33Z",
        "uri": "https://web.archive.org/web/20220924192033/https://earthobservatory.nasa.gov/images/150324/late-season-melting-in-greenland"
      },
      {
        "datetime": "2022-09-27T22:07:46Z",
        "uri": "https://web.archive.org/web/20220927220746/https://earthobservatory.nasa.gov/images/150324/late-season-melting-in-greenland"
      }
    ],
    "first": {
      "datetime": "2022-09-08T22:46:41Z",
      "uri": "https://web.archive.org/web/20220908224641/https://earthobservatory.nasa.gov/images/150324/late-season-melting-in-greenland"
    },
    "last": {
      "datetime": "2022-09-27T22:07:46Z",
      "uri": "https://web.archive.org/web/20220927220746/https://earthobservatory.nasa.gov/images/150324/late-season-melting-in-greenland"
    }
  },
  "timemap_uri": {
    "link_format": "http://localhost:1208/timemap/link/https://earthobservatory.nasa.gov/images/150324/late-season-melting-in-greenland",
    "json_format": "http://localhost:1208/timemap/json/https://earthobservatory.nasa.gov/images/150324/late-season-melting-in-greenland",
    "cdxj_format": "http://localhost:1208/timemap/cdxj/https://earthobservatory.nasa.gov/images/150324/late-season-melting-in-greenland"
  },
  "timegate_uri": "http://localhost:1208/timegate/https://earthobservatory.nasa.gov/images/150324/late-season-melting-in-greenland"
}
