{
  "original_uri": "https://www.jpl.nasa.gov/news/nasas-juno-shares-first-image-from-flyby-of-jupiters-moon-europa",
  "self": "http://localhost:1208/timemap/json/https://www.jpl.nasa.gov/news/nasas-juno-shares-first-image-from-flyby-of-jupiters-moon-europa",
  "mementos": {
    "list": [
      {
        "datetime": "2022-09-30T10:25:27Z",
        "uri": "https://web.archive.org/web/20220930102527/https://www.jpl.nasa.gov/news/nasas-juno-shares-first-image-from-flyby-of-jupiters-moon-europa"
      },
      {
        "datetime": "2022-10-01T00:14:44Z",
        "uri": "http://archive.md/20221001001444/https://www.jpl.nasa.gov/news/nasas-juno-shares-first-image-from-flyby-of-jupiters-moon-europa"
      },
      {
        "datetime": "2022-10-01T10:08:28Z",
        "uri": "https://web.archive.org/web/20221001100828/https://www.jpl.nasa.gov/news/nasas-juno-shares-first-image-from-flyby-of-jupiters-moon-europa"
      }
    ],
    "first": {
      "datetime": "2022-09-30T10:25:27Z",
      "uri": "https://web.archive.org/web/20220930102527/https://www.jpl.nasa.gov/news/nasas-juno-shares-first-image-from-flyby-of-jupiters-moon-europa"
    },
    "last": {
      "datetime": "2022-10-01T10:08:28Z",
      "uri": "https://web.archive.org/web/20221001100828/https://www.jpl.nasa.gov/news/nasas-juno-shares-first-image-from-flyby-of-jupiters-moon-europa"
    }
  },
  "timemap_uri": {
    "link_format": "http://localhost:1208/timemap/link/https://www.jpl.nasa.gov/news/nasas-juno-shares-first-image-from-flyby-of-jupiters-moon-europa",
    "json_format": "http://localhost:1208/timemap/json/https://www.jpl.nasa.gov/news/nasas-juno-shares-first-image-from-flyby-of-jupiters-moon-europa",
    "cdxj_format": "http://localhost:1208/timemap/cdxj/https://www.jpl.nasa.gov/news/nasas-juno-shares-first-image-from-flyby-of-jupiters-moon-europa"
  },
  "timegate_uri": "http://localhost:1208/timegate/https://www.jpl.nasa.gov/news/nasas-juno-shares-first-image-from-flyby-of-jupiters-moon-europa"
}
