{
  "original_uri": "https://www.nasa.gov/feature/jpl/nasa-s-juno-shares-first-image-from-flyby-of-jupiter-s-moon-europa/",
  "self": "http://localhost:1208/timemap/json/https://www.nasa.gov/feature/jpl/nasa-s-juno-shares-first-image-from-flyby-of-jupiter-s-moon-europa/",
  "mementos": {
    "list": [
      {
        "datetime": "2022-09-29T22:03:25Z",
        "uri": "https://web.archive.org/web/20220929220325/https://www.nasa.gov/feature/jpl/nasa-s-juno-shares-first-image-from-flyby-of-jupiter-s-moon-europa/"
      },
      {
        "datetime": "2022-09-30T04:33:46Z",
        "uri": "https://web.archive.org/web/20220930043346/https://www.nasa.gov/feature/jpl/nasa-s-juno-shares-first-image-from-flyby-of-jupiter-s-moon-europa/"
      },
      {
        "datetime": "2022-09-30T04:33:46Z",
        "uri": "https://web.archive.org/web/20220930043346/https://www.nasa.gov/feature/jpl/nasa-s-juno-shares-first-image-from-flyby-of-jupiter-s-moon-europa"
      }
    ],
    "first": {
      "datetime": "2022-09-29T22:03:25Z",
      "uri": "https://web.archive.org/web/20220929220325/https://www.nasa.gov/feature/jpl/nasa-s-juno-shares-first-image-from-flyby-of-jupiter-s-moon-europa/"
    },
    "last": {
      "datetime": "2022-09-30T04:33:46Z",
      "uri": "https://web.archive.org/web/20220930043346/https://www.nasa.gov/feature/jpl/nasa-s-juno-shares-first-image-from-flyby-of-jupiter-s-moon-europa"
    }
  },
  "timemap_uri": {
    "link_format": "http://localhost:1208/timemap/link/https://www.nasa.gov/feature/jpl/nasa-s-juno-shares-first-image-from-flyby-of-jupiter-s-moon-europa/",
    "json_format": "http://localhost:1208/timemap/json/https://www.nasa.gov/feature/jpl/nasa-s-juno-shares-first-image-from-flyby-of-jupiter-s-moon-europa/",
    "cdxj_format": "http://localhost:1208/timemap/cdxj/https://www.nasa.gov/feature/jpl/nasa-s-juno-shares-first-image-from-flyby-of-jupiter-s-moon-europa/"
  },
  "timegate_uri": "http://localhost:1208/timegate/https://www.nasa.gov/feature/jpl/nasa-s-juno-shares-first-image-from-flyby-of-jupiter-s-moon-europa/"
}
