{
  "original_uri": "https://www.nytimes.com/2022/09/29/us/politics/desantis-biden-hurricane-ian-aid.html",
  "self": "http://localhost:1208/timemap/json/https://www.nytimes.com/2022/09/29/us/politics/desantis-biden-hurricane-ian-aid.html",
  "mementos": {
    "list": [
      {
        "datetime": "2022-09-29T21:31:47Z",
        "uri": "https://web.archive.org/web/20220929213147/https://www.nytimes.com/2022/09/29/us/politics/desantis-biden-hurricane-ian-aid.html"
      },
      {
        "datetime": "2022-09-29T21:35:41Z",
        "uri": "http://archive.md/20220929213541/https://www.nytimes.com/2022/09/29/us/politics/desantis-biden-hurricane-ian-aid.html"
      },
      {
        "datetime": "2022-09-29T22:19:12Z",
        "uri": "https://web.archive.org/web/20220929221912/https://www.nytimes.com/2022/09/29/us/politics/desantis-biden-hurricane-ian-aid.html"
      },
      {
        "datetime": "2022-09-30T01:31:34Z",
        "uri": "https://web.archive.org/web/20220930013134/https://www.nytimes.com/2022/09/29/us/politics/desantis-biden-hurricane-ian-aid.html"
      },
      {
        "datetime": "2022-09-30T01:32:26Z",
        "uri": "http://archive.md/20220930013226/https://www.nytimes.com/2022/09/29/us/politics/desantis-biden-hurricane-ian-aid.html"
      },
      {
        "datetime": "2022-09-30T04:50:06Z",
        "uri": "https://web.archive.org/web/20220930045006/https://www.nytimes.com/2022/09/29/us/politics/desantis-biden-hurricane-ian-aid.html"
      },
      {
        "datetime": "2022-09-30T10:00:39Z",
        "uri": "https://web.archive.org/web/20220930100039/https://www.nytimes.com/2022/09/29/us/politics/desantis-biden-hurricane-ian-aid.html"
      },
      {
        "datetime": "2022-09-30T11:11:01Z",
        "uri": "http://archive.md/20220930111101/https://www.nytimes.com/2022/09/29/us/politics/desantis-biden-hurricane-ian-aid.html"
      },
      {
        "datetime": "2022-09-30T17:18:06Z",
        "uri": "https://web.archive.org/web/20220930171806/https://www.nytimes.com/2022/09/29/us/politics/desantis-biden-hurricane-ian-aid.html"
      },
      {
        "datetime": "2022-09-30T22:00:06Z",
        "uri": "https://web.archive.org/web/20220930220006/https://www.nytimes.com/2022/09/29/us/politics/desantis-biden-hurricane-ian-aid.html"
      },
      {
        "datetime": "2022-10-01T00:23:07Z",
        "uri": "https://web.archive.org/web/20221001002307/https://www.nytimes.com/2022/09/29/us/politics/desantis-biden-hurricane-ian-aid.html"
      },
      {
        "datetime": "2022-10-01T16:03:38Z",
        "uri": "http://archive.md/20221001160338/https://www.nytimes.com/2022/09/29/us/politics/desantis-biden-hurricane-ian-aid.html"
      }
    ],
    "first": {
      "datetime": "2022-09-29T21:31:47Z",
      "uri": "https://web.archive.org/web/20220929213147/https://www.nytimes.com/2022/09/29/us/politics/desantis-biden-hurricane-ian-aid.html"
    },
    "last": {
      "datetime": "2022-10-01T16:03:38Z",
      "uri": "http://archive.md/20221001160338/https://www.nytimes.com/2022/09/29/us/politics/desantis-biden-hurricane-ian-aid.html"
    }
  },
  "timemap_uri": {
    "link_format": "http://localhost:1208/timemap/link/https://www.nytimes.com/2022/09/29/us/politics/desantis-biden-hurricane-ian-aid.html",
    "json_format": "http://localhost:1208/timemap/json/https://www.nytimes.com/2022/09/29/us/politics/desantis-biden-hurricane-ian-aid.html",
    "cdxj_format": "http://localhost:1208/timemap/cdxj/https://www.nytimes.com/2022/09/29/us/politics/desantis-biden-hurricane-ian-aid.html"
  },
  "timegate_uri": "http://localhost:1208/timegate/https://www.nytimes.com/2022/09/29/us/politics/desantis-biden-hurricane-ian-aid.html"
}
