{
  "original_uri": "http://www.vaporsearchusa.com/360News/Biden/",
  "self": "http://localhost:1208/timemap/json/http://www.vaporsearchusa.com/360News/Biden/",
  "mementos": {
    "list": [
      {
        "datetime": "2021-03-01T02:32:09Z",
        "uri": "https://web.archive.org/web/20210301023209/http://vaporsearchusa.com/360News/Biden/"
      },
      {
        "datetime": "2021-03-01T02:32:09Z",
        "uri": "https://web.archive.org/web/20210301023209/http://vaporsearchusa.com/360News/Biden"
      },
      {
        "datetime": "2021-12-03T02:31:09Z",
        "uri": "https://web.archive.org/web/20211203023109/http://www.vaporsearchusa.com/360News/Biden"
      },
      {
        "datetime": "2021-12-03T02:31:10Z",
        "uri": "https://web.archive.org/web/20211203023110/http://www.vaporsearchusa.com/360News/Biden/"
      },
      {
        "datetime": "2022-05-25T13:29:57Z",
        "uri": "https://web.archive.org/web/20220525132957/http://vaporsearchusa.com/360News/Biden/"
      }
    ],
    "first": {
      "datetime": "2021-03-01T02:32:09Z",
      "uri": "https://web.archive.org/web/20210301023209/http://vaporsearchusa.com/360News/Biden/"
    },
    "last": {
      "datetime": "2022-05-25T13:29:57Z",
      "uri": "https://web.archive.org/web/20220525132957/http://vaporsearchusa.com/360News/Biden/"
    }
  },
  "timemap_uri": {
    "link_format": "http://localhost:1208/timemap/link/http://www.vaporsearchusa.com/360News/Biden/",
    "json_format": "http://localhost:1208/timemap/json/http://www.vaporsearchusa.com/360News/Biden/",
    "cdxj_format": "http://localhost:1208/timemap/cdxj/http://www.vaporsearchusa.com/360News/Biden/"
  },
  "timegate_uri": "http://localhost:1208/timegate/http://www.vaporsearchusa.com/360News/Biden/"
}
