{
  "original_uri": "https://patriotvoice.online/us-just-suffered-biden-remorse-after-major-whiplash/",
  "self": "http://localhost:1208/timemap/json/https://patriotvoice.online/us-just-suffered-biden-remorse-after-major-whiplash/",
  "mementos": {
    "list": [
      {
        "datetime": "2022-08-02T06:05:54Z",
        "uri": "https://web.archive.org/web/20220802060554/https://patriotvoice.online/us-just-suffered-biden-remorse-after-major-whiplash/"
      },
      {
        "datetime": "2022-09-01T15:30:25Z",
        "uri": "https://web.archive.org/web/20220901153025/https://patriotvoice.online/us-just-suffered-biden-remorse-after-major-whiplash/"
      },
      {
        "datetime": "2022-09-02T10:49:11Z",
        "uri": "https://web.archive.org/web/20220902104911/https://patriotvoice.online/us-just-suffered-biden-remorse-after-major-whiplash/"
      }
    ],
    "first": {
      "datetime": "2022-08-02T06:05:54Z",
      "uri": "https://web.archive.org/web/20220802060554/https://patriotvoice.online/us-just-suffered-biden-remorse-after-major-whiplash/"
    },
    "last": {
      "datetime": "2022-09-02T10:49:11Z",
      "uri": "https://web.archive.org/web/20220902104911/https://patriotvoice.online/us-just-suffered-biden-remorse-after-major-whiplash/"
    }
  },
  "timemap_uri": {
    "link_format": "http://localhost:1208/timemap/link/https://patriotvoice.online/us-just-suffered-biden-remorse-after-major-whiplash/",
    "json_format": "http://localhost:1208/timemap/json/https://patriotvoice.online/us-just-suffered-biden-remorse-after-major-whiplash/",
    "cdxj_format": "http://localhost:1208/timemap/cdxj/https://patriotvoice.online/us-just-suffered-biden-remorse-after-major-whiplash/"
  },
  "timegate_uri": "http://localhost:1208/timegate/https://patriotvoice.online/us-just-suffered-biden-remorse-after-major-whiplash/"
}
