{
  "original_uri": "https://rumble.com/vp0za3-victim-biden-and-obama-raped-me-powerful-elites-celebs-demonic-sex-abuse-ri.html",
  "self": "http://localhost:1208/timemap/json/https://rumble.com/vp0za3-victim-biden-and-obama-raped-me-powerful-elites-celebs-demonic-sex-abuse-ri.html",
  "mementos": {
    "list": [
      {
        "datetime": "2021-11-10T20:14:34Z",
        "uri": "https://web.archive.org/web/20211110201434/https://rumble.com/vp0za3-victim-biden-and-obama-raped-me-powerful-elites-celebs-demonic-sex-abuse-ri.html"
      },
      {
        "datetime": "2021-11-11T15:49:41Z",
        "uri": "https://web.archive.org/web/20211111154941/https://rumble.com/vp0za3-victim-biden-and-obama-raped-me-powerful-elites-celebs-demonic-sex-abuse-ri.html"
      },
      {
        "datetime": "2021-11-12T03:37:36Z",
        "uri": "https://web.archive.org/web/20211112033736/https://rumble.com/vp0za3-victim-biden-and-obama-raped-me-powerful-elites-celebs-demonic-sex-abuse-ri.html"
      },
      {
        "datetime": "2021-11-12T03:37:38Z",
        "uri": "http://archive.md/20211112033738/https://rumble.com/vp0za3-victim-biden-and-obama-raped-me-powerful-elites-celebs-demonic-sex-abuse-ri.html"
      },
      {
        "datetime": "2021-11-12T12:44:04Z",
        "uri": "https://web.archive.org/web/20211112124404/https://rumble.com/vp0za3-victim-biden-and-obama-raped-me-powerful-elites-celebs-demonic-sex-abuse-ri.html"
      },
      {
        "datetime": "2021-11-21T18:46:19Z",
        "uri": "https://web.archive.org/web/20211121184619/https://rumble.com/vp0za3-victim-biden-and-obama-raped-me-powerful-elites-celebs-demonic-sex-abuse-ri.html"
      },
      {
        "datetime": "2021-12-01T23:04:59Z",
        "uri": "https://web.archive.org/web/20211201230459/https://rumble.com/vp0za3-victim-biden-and-obama-raped-me-powerful-elites-celebs-demonic-sex-abuse-ri.html"
      },
      {
        "datetime": "2021-12-24T12:41:08Z",
        "uri": "https://web.archive.org/web/20211224124108/https://rumble.com/vp0za3-victim-biden-and-obama-raped-me-powerful-elites-celebs-demonic-sex-abuse-ri.html"
      },
      {
        "datetime": "2022-01-07T11:21:37Z",
        "uri": "https://web.archive.org/web/20220107112137/https://rumble.com/vp0za3-victim-biden-and-obama-raped-me-powerful-elites-celebs-demonic-sex-abuse-ri.html"
      },
      {
        "datetime": "2022-02-20T14:06:24Z",
        "uri": "https://web.archive.org/web/20220220140624/https://rumble.com/vp0za3-victim-biden-and-obama-raped-me-powerful-elites-celebs-demonic-sex-abuse-ri.html"
      },
      {
        "datetime": "2022-05-27T22:18:04Z",
        "uri": "https://web.archive.org/web/20220527221804/https://rumble.com/vp0za3-victim-biden-and-obama-raped-me-powerful-elites-celebs-demonic-sex-abuse-ri.html"
      },
      {
        "datetime": "2022-09-30T08:29:40Z",
        "uri": "https://web.archive.org/web/20220930082940/https://rumble.com/vp0za3-victim-biden-and-obama-raped-me-powerful-elites-celebs-demonic-sex-abuse-ri.html"
      }
    ],
    "first": {
      "datetime": "2021-11-10T20:14:34Z",
      "uri": "https://web.archive.org/web/20211110201434/https://rumble.com/vp0za3-victim-biden-and-obama-raped-me-powerful-elites-celebs-demonic-sex-abuse-ri.html"
    },
    "last": {
      "datetime": "2022-09-30T08:29:40Z",
      "uri": "https://web.archive.org/web/20220930082940/https://rumble.com/vp0za3-victim-biden-and-obama-raped-me-powerful-elites-celebs-demonic-sex-abuse-ri.html"
    }
  },
  "timemap_uri": {
    "link_format": "http://localhost:1208/timemap/link/https://rumble.com/vp0za3-victim-biden-and-obama-raped-me-powerful-elites-celebs-demonic-sex-abuse-ri.html",
    "json_format": "http://localhost:1208/timemap/json/https://rumble.com/vp0za3-victim-biden-and-obama-raped-me-powerful-elites-celebs-demonic-sex-abuse-ri.html",
    "cdxj_format": "http://localhost:1208/timemap/cdxj/https://rumble.com/vp0za3-victim-biden-and-obama-raped-me-powerful-elites-celebs-demonic-sex-abuse-ri.html"
  },
  "timegate_uri": "http://localhost:1208/timegate/https://rumble.com/vp0za3-victim-biden-and-obama-raped-me-powerful-elites-celebs-demonic-sex-abuse-ri.html"
}
