{
  "original_uri": "https://www.npr.org/2022/09/29/1125923528/biden-student-loans-debt-cancellation-ffel-perkins",
  "self": "http://localhost:1208/timemap/json/https://www.npr.org/2022/09/29/1125923528/biden-student-loans-debt-cancellation-ffel-perkins",
  "mementos": {
    "list": [
      {
        "datetime": "2022-09-29T18:07:52Z",
        "uri": "https://web.archive.org/web/20220929180752/https://www.npr.org/2022/09/29/1125923528/biden-student-loans-debt-cancellation-ffel-perkins"
      },
      {
        "datetime": "2022-09-29T18:54:48Z",
        "uri": "http://archive.md/20220929185448/https://www.npr.org/2022/09/29/1125923528/biden-student-loans-debt-cancellation-ffel-perkins"
      },
      {
        "datetime": "2022-09-29T20:44:23Z",
        "uri": "https://web.archive.org/web/20220929204423/https://www.npr.org/2022/09/29/1125923528/biden-student-loans-debt-cancellation-ffel-perkins"
      },
      {
        "datetime": "2022-09-29T21:15:15Z",
        "uri": "http://archive.md/20220929211515/https://www.npr.org/2022/09/29/1125923528/biden-student-loans-debt-cancellation-ffel-perkins"
      },
      {
        "datetime": "2022-09-30T08:50:52Z",
        "uri": "http://archive.md/20220930085052/https://www.npr.org/2022/09/29/1125923528/biden-student-loans-debt-cancellation-ffel-perkins"
      },
      {
        "datetime": "2022-09-30T20:15:23Z",
        "uri": "https://web.archive.org/web/20220930201523/https://www.npr.org/2022/09/29/1125923528/biden-student-loans-debt-cancellation-ffel-perkins"
      },
      {
        "datetime": "2022-10-01T05:43:36Z",
        "uri": "https://wayback.archive-it.org/all/20221001054336/https://www.npr.org/2022/09/29/1125923528/biden-student-loans-debt-cancellation-ffel-perkins"
      },
      {
        "datetime": "2022-10-01T19:13:36Z",
        "uri": "https://web.archive.org/web/20221001191336/https://www.npr.org/2022/09/29/1125923528/biden-student-loans-debt-cancellation-ffel-perkins"
      }
    ],
    "first": {
      "datetime": "2022-09-29T18:07:52Z",
      "uri": "https://web.archive.org/web/20220929180752/https://www.npr.org/2022/09/29/1125923528/biden-student-loans-debt-cancellation-ffel-perkins"
    },
    "last": {
      "datetime": "2022-10-01T19:13:36Z",
      "uri": "https://web.archive.org/web/20221001191336/https://www.npr.org/2022/09/29/1125923528/biden-student-loans-debt-cancellation-ffel-perkins"
    }
  },
  "timemap_uri": {
    "link_format": "http://localhost:1208/timemap/link/https://www.npr.org/2022/09/29/1125923528/biden-student-loans-debt-cancellation-ffel-perkins",
    "json_format": "http://localhost:1208/timemap/json/https://www.npr.org/2022/09/29/1125923528/biden-student-loans-debt-cancellation-ffel-perkins",
    "cdxj_format": "http://localhost:1208/timemap/cdxj/https://www.npr.org/2022/09/29/1125923528/biden-student-loans-debt-cancellation-ffel-perkins"
  },
  "timegate_uri": "http://localhost:1208/timegate/https://www.npr.org/2022/09/29/1125923528/biden-student-loans-debt-cancellation-ffel-perkins"
}
