{
  "original_uri": "https://www.thegatewaypundit.com/2022/09/biden-preparing-major-executive-order-shield-600000-illegal-immigrants-deportation-report/",
  "self": "http://localhost:1208/timemap/json/https://www.thegatewaypundit.com/2022/09/biden-preparing-major-executive-order-shield-600000-illegal-immigrants-deportation-report/",
  "mementos": {
    "list": [
      {
        "datetime": "2022-09-30T00:10:49Z",
        "uri": "https://web.archive.org/web/20220930001049/https://www.thegatewaypundit.com/2022/09/biden-preparing-major-executive-order-shield-600000-illegal-immigrants-deportation-report/"
      },
      {
        "datetime": "2022-09-30T00:11:08Z",
        "uri": "http://archive.md/20220930001108/https://www.thegatewaypundit.com/2022/09/biden-preparing-major-executive-order-shield-600000-illegal-immigrants-deportation-report/"
      },
      {
        "datetime": "2022-09-30T01:20:14Z",
        "uri": "https://web.archive.org/web/20220930012014/https://www.thegatewaypundit.com/2022/09/biden-preparing-major-executive-order-shield-600000-illegal-immigrants-deportation-report/"
      },
      {
        "datetime": "2022-09-30T06:32:17Z",
        "uri": "http://archive.md/20220930063217/https://www.thegatewaypundit.com/2022/09/biden-preparing-major-executive-order-shield-600000-illegal-immigrants-deportation-report/"
      },
      {
        "datetime": "2022-09-30T16:19:39Z",
        "uri": "https://web.archive.org/web/20220930161939/https://www.thegatewaypundit.com/2022/09/biden-preparing-major-executive-order-shield-600000-illegal-immigrants-deportation-report/"
      }
    ],
    "first": {
      "datetime": "2022-09-30T00:10:49Z",
      "uri": "https://web.archive.org/web/20220930001049/https://www.thegatewaypundit.com/2022/09/biden-preparing-major-executive-order-shield-600000-illegal-immigrants-deportation-report/"
    },
    "last": {
      "datetime": "2022-09-30T16:19:39Z",
      "uri": "https://web.archive.org/web/20220930161939/https://www.thegatewaypundit.com/2022/09/biden-preparing-major-executive-order-shield-600000-illegal-immigrants-deportation-report/"
    }
  },
  "timemap_uri": {
    "link_format": "http://localhost:1208/timemap/link/https://www.thegatewaypundit.com/2022/09/biden-preparing-major-executive-order-shield-600000-illegal-immigrants-deportation-report/",
    "json_format": "http://localhost:1208/timemap/json/https://www.thegatewaypundit.com/2022/09/biden-preparing-major-executive-order-shield-600000-illegal-immigrants-deportation-report/",
    "cdxj_format": "http://localhost:1208/timemap/cdxj/https://www.thegatewaypundit.com/2022/09/biden-preparing-major-executive-order-shield-600000-illegal-immigrants-deportation-report/"
  },
  "timegate_uri": "http://localhost:1208/timegate/https://www.thegatewaypundit.com/2022/09/biden-preparing-major-executive-order-shield-600000-illegal-immigrants-deportation-report/"
}
