{
  "original_uri": "https://www.tampabay.com/hurricane/2022/09/29/absolute-devastation-hurricane-ian-decimates-fort-myers-beach/",
  "self": "http://localhost:1208/timemap/json/https://www.tampabay.com/hurricane/2022/09/29/absolute-devastation-hurricane-ian-decimates-fort-myers-beach/",
  "mementos": {
    "list": [
      {
        "datetime": "2022-09-29T18:37:52Z",
        "uri": "http://archive.md/20220929183752/https://www.tampabay.com/hurricane/2022/09/29/absolute-devastation-hurricane-ian-decimates-fort-myers-beach/"
      },
      {
        "datetime": "2022-09-30T17:22:29Z",
        "uri": "https://wayback.archive-it.org/all/20220930172229/https://www.tampabay.com/hurricane/2022/09/29/absolute-devastation-hurricane-ian-decimates-fort-myers-beach/"
      },
      {
        "datetime": "2022-10-01T00:20:54Z",
        "uri": "http://archive.md/20221001002054/https://www.tampabay.com/hurricane/2022/09/29/absolute-devastation-hurricane-ian-decimates-fort-myers-beach/"
      }
    ],
    "first": {
      "datetime": "2022-09-29T18:37:52Z",
      "uri": "http://archive.md/20220929183752/https://www.tampabay.com/hurricane/2022/09/29/absolute-devastation-hurricane-ian-decimates-fort-myers-beach/"
    },
    "last": {
      "datetime": "2022-10-01T00:20:54Z",
      "uri": "http://archive.md/20221001002054/https://www.tampabay.com/hurricane/2022/09/29/absolute-devastation-hurricane-ian-decimates-fort-myers-beach/"
    }
  },
  "timemap_uri": {
    "link_format": "http://localhost:1208/timemap/link/https://www.tampabay.com/hurricane/2022/09/29/absolute-devastation-hurricane-ian-decimates-fort-myers-beach/",
    "json_format": "http://localhost:1208/timemap/json/https://www.tampabay.com/hurricane/2022/09/29/absolute-devastation-hurricane-ian-decimates-fort-myers-beach/",
    "cdxj_format": "http://localhost:1208/timemap/cdxj/https://www.tampabay.com/hurricane/2022/09/29/absolute-devastation-hurricane-ian-decimates-fort-myers-beach/"
  },
  "timegate_uri": "http://localhost:1208/timegate/https://www.tampabay.com/hurricane/2022/09/29/absolute-devastation-hurricane-ian-decimates-fort-myers-beach/"
}
