{
  "original_uri": "https://www.foxnews.com/media/usa-today-op-ed-bidens-jackie-gaffe-demonstrated-generosity-professionalism",
  "self": "http://localhost:1208/timemap/json/https://www.foxnews.com/media/usa-today-op-ed-bidens-jackie-gaffe-demonstrated-generosity-professionalism",
  "mementos": {
    "list": [
      {
        "datetime": "2022-09-30T14:16:25Z",
        "uri": "http://archive.md/20220930141625/https://www.foxnews.com/media/usa-today-op-ed-bidens-jackie-gaffe-demonstrated-generosity-professionalism"
      }
    ],
    "first": {
      "datetime": "2022-09-30T14:16:25Z",
      "uri": "http://archive.md/20220930141625/https://www.foxnews.com/media/usa-today-op-ed-bidens-jackie-gaffe-demonstrated-generosity-professionalism"
    },
    "last": {
      "datetime": "2022-09-30T14:16:25Z",
      "uri": "http://archive.md/20220930141625/https://www.foxnews.com/media/usa-today-op-ed-bidens-jackie-gaffe-demonstrated-generosity-professionalism"
    }
  },
  "timemap_uri": {
    "link_format": "http://localhost:1208/timemap/link/https://www.foxnews.com/media/usa-today-op-ed-bidens-jackie-gaffe-demonstrated-generosity-professionalism",
    "json_format": "http://localhost:1208/timemap/json/https://www.foxnews.com/media/usa-today-op-ed-bidens-jackie-gaffe-demonstrated-generosity-professionalism",
    "cdxj_format": "http://localhost:1208/timemap/cdxj/https://www.foxnews.com/media/usa-today-op-ed-bidens-jackie-gaffe-demonstrated-generosity-professionalism"
  },
  "timegate_uri": "http://localhost:1208/timegate/https://www.foxnews.com/media/usa-today-op-ed-bidens-jackie-gaffe-demonstrated-generosity-professionalism"
}
