{
  "original_uri": "https://www.patreon.com:443/costalonga",
  "self": "http://localhost:1208/timemap/json/https://www.patreon.com:443/costalonga",
  "mementos": {
    "list": [
      {
        "datetime": "2021-10-01T15:00:37Z",
        "uri": "https://web.archive.org/web/20211001150037/http://patreon.com/costalonga"
      },
      {
        "datetime": "2021-10-01T15:00:38Z",
        "uri": "https://web.archive.org/web/20211001150038/https://www.patreon.com/costalonga"
      },
      {
        "datetime": "2021-10-02T20:26:36Z",
        "uri": "https://web.archive.org/web/20211002202636/https://www.patreon.com/costalonga"
      },
      {
        "datetime": "2021-10-02T20:26:36Z",
        "uri": "https://web.archive.org/web/20211002202636/http://patreon.com/costalonga"
      },
      {
        "datetime": "2021-10-06T19:28:17Z",
        "uri": "https://web.archive.org/web/20211006192817/https://www.patreon.com/costalonga"
      },
      {
        "datetime": "2021-10-07T20:47:33Z",
        "uri": "https://web.archive.org/web/20211007204733/https://patreon.com/costalonga"
      },
      {
        "datetime": "2021-10-07T20:47:39Z",
        "uri": "https://web.archive.org/web/20211007204739/https://www.patreon.com/costalonga"
      }
    ],
    "first": {
      "datetime": "2021-10-01T15:00:37Z",
      "uri": "https://web.archive.org/web/20211001150037/http://patreon.com/costalonga"
    },
    "last": {
      "datetime": "2021-10-07T20:47:39Z",
      "uri": "https://web.archive.org/web/20211007204739/https://www.patreon.com/costalonga"
    }
  },
  "timemap_uri": {
    "link_format": "http://localhost:1208/timemap/link/https://www.patreon.com:443/costalonga",
    "json_format": "http://localhost:1208/timemap/json/https://www.patreon.com:443/costalonga",
    "cdxj_format": "http://localhost:1208/timemap/cdxj/https://www.patreon.com:443/costalonga"
  },
  "timegate_uri": "http://localhost:1208/timegate/https://www.patreon.com:443/costalonga"
}
