{
  "original_uri": "https://www.misfittoys.net/posts/queen-elizabeth-ii-platinum-jubilee-proof-coin-collection-3/",
  "self": "http://localhost:1208/timemap/json/https://www.misfittoys.net/posts/queen-elizabeth-ii-platinum-jubilee-proof-coin-collection-3/",
  "mementos": {
    "list": [
      {
        "datetime": "2022-02-08T15:50:07Z",
        "uri": "https://web.archive.org/web/20220208155007/https://www.misfittoys.net/posts/queen-elizabeth-ii-platinum-jubilee-proof-coin-collection-3/"
      }
    ],
    "first": {
      "datetime": "2022-02-08T15:50:07Z",
      "uri": "https://web.archive.org/web/20220208155007/https://www.misfittoys.net/posts/queen-elizabeth-ii-platinum-jubilee-proof-coin-collection-3/"
    },
    "last": {
      "datetime": "2022-02-08T15:50:07Z",
      "uri": "https://web.archive.org/web/20220208155007/https://www.misfittoys.net/posts/queen-elizabeth-ii-platinum-jubilee-proof-coin-collection-3/"
    }
  },
  "timemap_uri": {
    "link_format": "http://localhost:1208/timemap/link/https://www.misfittoys.net/posts/queen-elizabeth-ii-platinum-jubilee-proof-coin-collection-3/",
    "json_format": "http://localhost:1208/timemap/json/https://www.misfittoys.net/posts/queen-elizabeth-ii-platinum-jubilee-proof-coin-collection-3/",
    "cdxj_format": "http://localhost:1208/timemap/cdxj/https://www.misfittoys.net/posts/queen-elizabeth-ii-platinum-jubilee-proof-coin-collection-3/"
  },
  "timegate_uri": "http://localhost:1208/timegate/https://www.misfittoys.net/posts/queen-elizabeth-ii-platinum-jubilee-proof-coin-collection-3/"
}
