{
  "original_uri": "https://african-space-spectre.tribeplatform.com/auth/join/6t2BhRVC2vO6WNtC3fZJr",
  "self": "http://localhost:1208/timemap/json/https://african-space-spectre.tribeplatform.com/auth/join/6t2BhRVC2vO6WNtC3fZJr",
  "mementos": {
    "list": [
      {
        "datetime": "2022-04-08T05:13:36Z",
        "uri": "https://web.archive.org/web/20220408051336/https://african-space-spectre.tribeplatform.com/auth/join/6t2BhRVC2vO6WNtC3fZJr"
      },
      {
        "datetime": "2022-04-08T14:18:49Z",
        "uri": "https://web.archive.org/web/20220408141849/https://african-space-spectre.tribeplatform.com/auth/join/6t2BhRVC2vO6WNtC3fZJr"
      }
    ],
    "first": {
      "datetime": "2022-04-08T05:13:36Z",
      "uri": "https://web.archive.org/web/20220408051336/https://african-space-spectre.tribeplatform.com/auth/join/6t2BhRVC2vO6WNtC3fZJr"
    },
    "last": {
      "datetime": "2022-04-08T14:18:49Z",
      "uri": "https://web.archive.org/web/20220408141849/https://african-space-spectre.tribeplatform.com/auth/join/6t2BhRVC2vO6WNtC3fZJr"
    }
  },
  "timemap_uri": {
    "link_format": "http://localhost:1208/timemap/link/https://african-space-spectre.tribeplatform.com/auth/join/6t2BhRVC2vO6WNtC3fZJr",
    "json_format": "http://localhost:1208/timemap/json/https://african-space-spectre.tribeplatform.com/auth/join/6t2BhRVC2vO6WNtC3fZJr",
    "cdxj_format": "http://localhost:1208/timemap/cdxj/https://african-space-spectre.tribeplatform.com/auth/join/6t2BhRVC2vO6WNtC3fZJr"
  },
  "timegate_uri": "http://localhost:1208/timegate/https://african-space-spectre.tribeplatform.com/auth/join/6t2BhRVC2vO6WNtC3fZJr"
}
