{
  "original_uri": "https://www.twitch.tv/davyFjones",
  "self": "http://localhost:1208/timemap/json/https://www.twitch.tv/davyFjones",
  "mementos": {
    "list": [
      {
        "datetime": "2022-04-01T15:03:24Z",
        "uri": "https://web.archive.org/web/20220401150324/https://www.twitch.tv/davyfjones"
      },
      {
        "datetime": "2022-04-11T22:53:11Z",
        "uri": "https://web.archive.org/web/20220411225311/https://www.twitch.tv/DavyFJones"
      },
      {
        "datetime": "2022-04-11T22:53:11Z",
        "uri": "https://web.archive.org/web/20220411225311/http://twitch.tv/DavyFJones"
      },
      {
        "datetime": "2022-04-15T22:25:55Z",
        "uri": "https://web.archive.org/web/20220415222555/https://twitch.tv/davyfjones"
      },
      {
        "datetime": "2022-05-03T01:08:19Z",
        "uri": "https://web.archive.org/web/20220503010819/http://twitch.tv/davyfjones"
      },
      {
        "datetime": "2022-05-14T05:58:45Z",
        "uri": "https://web.archive.org/web/20220514055845/https://www.twitch.tv/davyfjones"
      },
      {
        "datetime": "2022-05-14T05:58:45Z",
        "uri": "https://web.archive.org/web/20220514055845/https://twitch.tv/davyfjones"
      },
      {
        "datetime": "2022-07-07T06:21:32Z",
        "uri": "https://web.archive.org/web/20220707062132/http://www.twitch.tv/davyfjones"
      },
      {
        "datetime": "2022-09-19T01:07:20Z",
        "uri": "https://web.archive.org/web/20220919010720/https://www.twitch.tv/DavyFJones"
      }
    ],
    "first": {
      "datetime": "2022-04-01T15:03:24Z",
      "uri": "https://web.archive.org/web/20220401150324/https://www.twitch.tv/davyfjones"
    },
    "last": {
      "datetime": "2022-09-19T01:07:20Z",
      "uri": "https://web.archive.org/web/20220919010720/https://www.twitch.tv/DavyFJones"
    }
  },
  "timemap_uri": {
    "link_format": "http://localhost:1208/timemap/link/https://www.twitch.tv/davyFjones",
    "json_format": "http://localhost:1208/timemap/json/https://www.twitch.tv/davyFjones",
    "cdxj_format": "http://localhost:1208/timemap/cdxj/https://www.twitch.tv/davyFjones"
  },
  "timegate_uri": "http://localhost:1208/timegate/https://www.twitch.tv/davyFjones"
}
