{
  "original_uri": "https://www.houstonchronicle.com/news/houston-texas/article/Protesters-bring-guns-and-insults-to-drag-bingo-17465007.php#photo-22970290",
  "self": "http://localhost:1208/timemap/json/https://www.houstonchronicle.com/news/houston-texas/article/Protesters-bring-guns-and-insults-to-drag-bingo-17465007.php#photo-22970290",
  "mementos": {
    "list": [
      {
        "datetime": "2022-09-25T15:01:51Z",
        "uri": "https://web.archive.org/web/20220925150151/https://www.houstonchronicle.com/news/houston-texas/article/Protesters-bring-guns-and-insults-to-drag-bingo-17465007.php"
      },
      {
        "datetime": "2022-09-26T01:59:51Z",
        "uri": "https://wayback.archive-it.org/all/20220926015951/https://www.houstonchronicle.com/news/houston-texas/article/Protesters-bring-guns-and-insults-to-drag-bingo-17465007.php"
      },
      {
        "datetime": "2022-09-26T08:43:40Z",
        "uri": "https://web.archive.org/web/20220926084340/https://www.houstonchronicle.com/news/houston-texas/article/Protesters-bring-guns-and-insults-to-drag-bingo-17465007.php"
      },
      {
        "datetime": "2022-09-26T14:00:02Z",
        "uri": "https://web.archive.org/web/20220926140002/https://www.houstonchronicle.com/news/houston-texas/article/Protesters-bring-guns-and-insults-to-drag-bingo-17465007.php"
      },
      {
        "datetime": "2022-09-26T15:12:06Z",
        "uri": "https://web.archive.org/web/20220926151206/https://www.houstonchronicle.com/news/houston-texas/article/Protesters-bring-guns-and-insults-to-drag-bingo-17465007.php"
      },
      {
        "datetime": "2022-09-26T17:29:21Z",
        "uri": "http://archive.md/20220926172921/https://www.houstonchronicle.com/news/houston-texas/article/Protesters-bring-guns-and-insults-to-drag-bingo-17465007.php"
      },
      {
        "datetime": "2022-09-26T17:33:59Z",
        "uri": "https://web.archive.org/web/20220926173359/https://www.houstonchronicle.com/news/houston-texas/article/Protesters-bring-guns-and-insults-to-drag-bingo-17465007.php"
      }
    ],
    "first": {
      "datetime": "2022-09-25T15:01:51Z",
      "uri": "https://web.archive.org/web/20220925150151/https://www.houstonchronicle.com/news/houston-texas/article/Protesters-bring-guns-and-insults-to-drag-bingo-17465007.php"
    },
    "last": {
      "datetime": "2022-09-26T17:33:59Z",
      "uri": "https://web.archive.org/web/20220926173359/https://www.houstonchronicle.com/news/houston-texas/article/Protesters-bring-guns-and-insults-to-drag-bingo-17465007.php"
    }
  },
  "timemap_uri": {
    "link_format": "http://localhost:1208/timemap/link/https://www.houstonchronicle.com/news/houston-texas/article/Protesters-bring-guns-and-insults-to-drag-bingo-17465007.php#photo-22970290",
    "json_format": "http://localhost:1208/timemap/json/https://www.houstonchronicle.com/news/houston-texas/article/Protesters-bring-guns-and-insults-to-drag-bingo-17465007.php#photo-22970290",
    "cdxj_format": "http://localhost:1208/timemap/cdxj/https://www.houstonchronicle.com/news/houston-texas/article/Protesters-bring-guns-and-insults-to-drag-bingo-17465007.php#photo-22970290"
  },
  "timegate_uri": "http://localhost:1208/timegate/https://www.houstonchronicle.com/news/houston-texas/article/Protesters-bring-guns-and-insults-to-drag-bingo-17465007.php#photo-22970290"
}
