{
  "original_uri": "https://dallasnewssource.com",
  "self": "http://localhost:1208/timemap/json/https://dallasnewssource.com",
  "mementos": {
    "list": [
      {
        "datetime": "2022-09-11T18:48:47Z",
        "uri": "https://web.archive.org/web/20220911184847/https://dallasnewssource.com/"
      },
      {
        "datetime": "2022-09-11T18:53:30Z",
        "uri": "https://web.archive.org/web/20220911185330/https://dallasnewssource.com/"
      },
      {
        "datetime": "2022-09-12T10:24:15Z",
        "uri": "https://web.archive.org/web/20220912102415/http://dallasnewssource.com/"
      },
      {
        "datetime": "2022-09-12T10:24:16Z",
        "uri": "https://web.archive.org/web/20220912102416/https://dallasnewssource.com/"
      },
      {
        "datetime": "2022-09-22T06:16:43Z",
        "uri": "https://web.archive.org/web/20220922061643/https://dallasnewssource.com/"
      },
      {
        "datetime": "2022-09-22T14:05:21Z",
        "uri": "https://web.archive.org/web/20220922140521/https://dallasnewssource.com/"
      },
      {
        "datetime": "2022-09-23T14:15:02Z",
        "uri": "https://web.archive.org/web/20220923141502/https://dallasnewssource.com/"
      },
      {
        "datetime": "2022-09-24T14:34:49Z",
        "uri": "https://web.archive.org/web/20220924143449/https://dallasnewssource.com/"
      },
      {
        "datetime": "2022-09-25T14:39:45Z",
        "uri": "https://web.archive.org/web/20220925143945/https://dallasnewssource.com/"
      },
      {
        "datetime": "2022-09-26T14:55:53Z",
        "uri": "https://web.archive.org/web/20220926145553/https://dallasnewssource.com/"
      },
      {
        "datetime": "2022-09-26T20:05:24Z",
        "uri": "https://web.archive.org/web/20220926200524/https://dallasnewssource.com/"
      },
      {
        "datetime": "2022-09-27T15:00:36Z",
        "uri": "https://web.archive.org/web/20220927150036/https://dallasnewssource.com/"
      }
    ],
    "first": {
      "datetime": "2022-09-11T18:48:47Z",
      "uri": "https://web.archive.org/web/20220911184847/https://dallasnewssource.com/"
    },
    "last": {
      "datetime": "2022-09-27T15:00:36Z",
      "uri": "https://web.archive.org/web/20220927150036/https://dallasnewssource.com/"
    }
  },
  "timemap_uri": {
    "link_format": "http://localhost:1208/timemap/link/https://dallasnewssource.com",
    "json_format": "http://localhost:1208/timemap/json/https://dallasnewssource.com",
    "cdxj_format": "http://localhost:1208/timemap/cdxj/https://dallasnewssource.com"
  },
  "timegate_uri": "http://localhost:1208/timegate/https://dallasnewssource.com"
}
