{
  "original_uri": "https://www.dailykos.com/stories/2022/9/29/2125979/-DeSantis-is-happy-to-receive-emergency-aid-that-he-callously-voted-to-deny-Hurricane-Sandy-victims",
  "self": "http://localhost:1208/timemap/json/https://www.dailykos.com/stories/2022/9/29/2125979/-DeSantis-is-happy-to-receive-emergency-aid-that-he-callously-voted-to-deny-Hurricane-Sandy-victims",
  "mementos": {
    "list": [
      {
        "datetime": "2022-10-01T00:44:56Z",
        "uri": "https://web.archive.org/web/20221001004456/https://www.dailykos.com/stories/2022/9/29/2125979/-DeSantis-is-happy-to-receive-emergency-aid-that-he-callously-voted-to-deny-Hurricane-Sandy-victims"
      }
    ],
    "first": {
      "datetime": "2022-10-01T00:44:56Z",
      "uri": "https://web.archive.org/web/20221001004456/https://www.dailykos.com/stories/2022/9/29/2125979/-DeSantis-is-happy-to-receive-emergency-aid-that-he-callously-voted-to-deny-Hurricane-Sandy-victims"
    },
    "last": {
      "datetime": "2022-10-01T00:44:56Z",
      "uri": "https://web.archive.org/web/20221001004456/https://www.dailykos.com/stories/2022/9/29/2125979/-DeSantis-is-happy-to-receive-emergency-aid-that-he-callously-voted-to-deny-Hurricane-Sandy-victims"
    }
  },
  "timemap_uri": {
    "link_format": "http://localhost:1208/timemap/link/https://www.dailykos.com/stories/2022/9/29/2125979/-DeSantis-is-happy-to-receive-emergency-aid-that-he-callously-voted-to-deny-Hurricane-Sandy-victims",
    "json_format": "http://localhost:1208/timemap/json/https://www.dailykos.com/stories/2022/9/29/2125979/-DeSantis-is-happy-to-receive-emergency-aid-that-he-callously-voted-to-deny-Hurricane-Sandy-victims",
    "cdxj_format": "http://localhost:1208/timemap/cdxj/https://www.dailykos.com/stories/2022/9/29/2125979/-DeSantis-is-happy-to-receive-emergency-aid-that-he-callously-voted-to-deny-Hurricane-Sandy-victims"
  },
  "timegate_uri": "http://localhost:1208/timegate/https://www.dailykos.com/stories/2022/9/29/2125979/-DeSantis-is-happy-to-receive-emergency-aid-that-he-callously-voted-to-deny-Hurricane-Sandy-victims"
}
