{
  "original_uri": "https://rosenberglawpa.com/",
  "self": "http://localhost:1208/timemap/json/https://rosenberglawpa.com/",
  "mementos": {
    "list": [
      {
        "datetime": "2016-06-24T19:50:52Z",
        "uri": "https://web.archive.org/web/20160624195052/http://rosenberglawpa.com/"
      },
      {
        "datetime": "2017-04-24T16:47:13Z",
        "uri": "https://web.archive.org/web/20170424164713/http://rosenberglawpa.com/"
      },
      {
        "datetime": "2017-09-12T00:12:43Z",
        "uri": "https://web.archive.org/web/20170912001243/http://rosenberglawpa.com/"
      },
      {
        "datetime": "2018-03-15T19:42:31Z",
        "uri": "https://web.archive.org/web/20180315194231/http://rosenberglawpa.com/"
      },
      {
        "datetime": "2018-08-06T03:16:49Z",
        "uri": "https://web.archive.org/web/20180806031649/http://rosenberglawpa.com/"
      },
      {
        "datetime": "2019-06-18T00:52:05Z",
        "uri": "https://web.archive.org/web/20190618005205/http://rosenberglawpa.com/"
      },
      {
        "datetime": "2020-08-08T05:15:18Z",
        "uri": "https://web.archive.org/web/20200808051518/https://www.rosenberglawpa.com/"
      },
      {
        "datetime": "2020-08-12T15:58:50Z",
        "uri": "https://web.archive.org/web/20200812155850/https://www.rosenberglawpa.com/"
      },
      {
        "datetime": "2020-09-22T13:04:20Z",
        "uri": "https://web.archive.org/web/20200922130420/https://www.rosenberglawpa.com/"
      },
      {
        "datetime": "2020-10-31T15:28:40Z",
        "uri": "https://web.archive.org/web/20201031152840/https://www.rosenberglawpa.com/"
      },
      {
        "datetime": "2020-11-01T02:34:14Z",
        "uri": "https://web.archive.org/web/20201101023414/https://www.rosenberglawpa.com/"
      },
      {
        "datetime": "2020-11-01T02:34:14Z",
        "uri": "https://web.archive.org/web/20201101023414/http://rosenberglawpa.com/"
      },
      {
        "datetime": "2020-11-01T11:27:13Z",
        "uri": "https://web.archive.org/web/20201101112713/https://www.rosenberglawpa.com/"
      },
      {
        "datetime": "2020-11-01T11:27:13Z",
        "uri": "https://web.archive.org/web/20201101112713/http://rosenberglawpa.com/"
      },
      {
        "datetime": "2020-11-26T08:55:59Z",
        "uri": "https://web.archive.org/web/20201126085559/https://www.rosenberglawpa.com/"
      },
      {
        "datetime": "2021-01-27T15:33:59Z",
        "uri": "https://web.archive.org/web/20210127153359/https://www.rosenberglawpa.com/"
      },
      {
        "datetime": "2021-02-11T22:36:55Z",
        "uri": "https://web.archive.org/web/20210211223655/https://rosenberglawpa.com/"
      },
      {
        "datetime": "2021-02-11T22:36:56Z",
        "uri": "https://web.archive.org/web/20210211223656/https://www.rosenberglawpa.com/"
      },
      {
        "datetime": "2021-02-26T00:42:44Z",
        "uri": "https://web.archive.org/web/20210226004244/https://rosenberglawpa.com/"
      },
      {
        "datetime": "2021-02-26T00:42:45Z",
        "uri": "https://web.archive.org/web/20210226004245/https://www.rosenberglawpa.com/"
      },
      {
        "datetime": "2021-02-27T05:53:44Z",
        "uri": "https://web.archive.org/web/20210227055344/https://www.rosenberglawpa.com/"
      },
      {
        "datetime": "2021-04-13T09:30:30Z",
        "uri": "https://web.archive.org/web/20210413093030/https://www.rosenberglawpa.com/"
      },
      {
        "datetime": "2021-04-14T21:00:50Z",
        "uri": "https://web.archive.org/web/20210414210050/https://rosenberglawpa.com/"
      },
      {
        "datetime": "2021-04-14T21:00:51Z",
        "uri": "https://web.archive.org/web/20210414210051/https://www.rosenberglawpa.com/"
      },
      {
        "datetime": "2021-05-07T12:12:09Z",
        "uri": "https://web.archive.org/web/20210507121209/https://www.rosenberglawpa.com/"
      },
      {
        "datetime": "2021-06-03T21:02:08Z",
        "uri": "https://web.archive.org/web/20210603210208/http://www.rosenberglawpa.com/"
      },
      {
        "datetime": "2021-06-03T21:02:08Z",
        "uri": "https://web.archive.org/web/20210603210208/http://rosenberglawpa.com/"
      },
      {
        "datetime": "2021-06-03T21:02:09Z",
        "uri": "https://web.archive.org/web/20210603210209/https://www.rosenberglawpa.com/"
      },
      {
        "datetime": "2021-06-03T21:07:54Z",
        "uri": "https://web.archive.org/web/20210603210754/https://www.rosenberglawpa.com/"
      },
      {
        "datetime": "2021-06-03T21:07:54Z",
        "uri": "https://web.archive.org/web/20210603210754/http://www.rosenberglawpa.com/"
      },
      {
        "datetime": "2021-06-03T21:07:54Z",
        "uri": "https://web.archive.org/web/20210603210754/http://rosenberglawpa.com/"
      },
      {
        "datetime": "2021-06-12T19:37:13Z",
        "uri": "https://web.archive.org/web/20210612193713/https://www.rosenberglawpa.com/"
      },
      {
        "datetime": "2021-06-12T19:37:13Z",
        "uri": "https://web.archive.org/web/20210612193713/https://www.rosenberglawpa.com/"
      },
      {
        "datetime": "2021-08-03T09:35:35Z",
        "uri": "https://web.archive.org/web/20210803093535/https://www.rosenberglawpa.com/"
      },
      {
        "datetime": "2021-09-25T05:23:42Z",
        "uri": "https://web.archive.org/web/20210925052342/https://www.rosenberglawpa.com/"
      },
      {
        "datetime": "2021-09-26T21:24:04Z",
        "uri": "https://web.archive.org/web/20210926212404/https://www.rosenberglawpa.com/"
      },
      {
        "datetime": "2021-09-27T16:05:27Z",
        "uri": "https://web.archive.org/web/20210927160527/https://www.rosenberglawpa.com/"
      },
      {
        "datetime": "2021-10-24T20:53:27Z",
        "uri": "https://web.archive.org/web/20211024205327/https://www.rosenberglawpa.com/"
      },
      {
        "datetime": "2021-11-26T22:42:49Z",
        "uri": "https://web.archive.org/web/20211126224249/https://rosenberglawpa.com/"
      },
      {
        "datetime": "2021-12-16T12:45:49Z",
        "uri": "https://web.archive.org/web/20211216124549/http://rosenberglawpa.com/"
      },
      {
        "datetime": "2021-12-20T08:47:07Z",
        "uri": "https://web.archive.org/web/20211220084707/http://rosenberglawpa.com/"
      },
      {
        "datetime": "2022-01-25T04:24:18Z",
        "uri": "https://web.archive.org/web/20220125042418/https://rosenberglawpa.com/"
      },
      {
        "datetime": "2022-01-25T04:28:40Z",
        "uri": "https://web.archive.org/web/20220125042840/http://rosenberglawpa.com/"
      },
      {
        "datetime": "2022-01-26T15:09:50Z",
        "uri": "https://web.archive.org/web/20220126150950/http://rosenberglawpa.com/"
      },
      {
        "datetime": "2022-03-05T08:34:06Z",
        "uri": "https://web.archive.org/web/20220305083406/http://rosenberglawpa.com/"
      },
      {
        "datetime": "2022-03-28T12:45:35Z",
        "uri": "https://web.archive.org/web/20220328124535/https://www.rosenberglawpa.com/"
      },
      {
        "datetime": "2022-04-05T11:56:22Z",
        "uri": "https://web.archive.org/web/20220405115622/https://rosenberglawpa.com/"
      },
      {
        "datetime": "2022-07-09T23:53:16Z",
        "uri": "https://web.archive.org/web/20220709235316/https://rosenberglawpa.com/"
      },
      {
        "datetime": "2022-07-09T23:53:16Z",
        "uri": "https://web.archive.org/web/20220709235316/https://rosenberglawpa.com/"
      },
      {
        "datetime": "2022-07-09T23:53:16Z",
        "uri": "https://web.archive.org/web/20220709235316/https://rosenberglawpa.com/"
      }
    ],
    "first": {
      "datetime": "2016-06-24T19:50:52Z",
      "uri": "https://web.archive.org/web/20160624195052/http://rosenberglawpa.com/"
    },
    "last": {
      "datetime": "2022-07-09T23:53:16Z",
      "uri": "https://web.archive.org/web/20220709235316/https://rosenberglawpa.com/"
    }
  },
  "timemap_uri": {
    "link_format": "http://localhost:1208/timemap/link/https://rosenberglawpa.com/",
    "json_format": "http://localhost:1208/timemap/json/https://rosenberglawpa.com/",
    "cdxj_format": "http://localhost:1208/timemap/cdxj/https://rosenberglawpa.com/"
  },
  "timegate_uri": "http://localhost:1208/timegate/https://rosenberglawpa.com/"
}
