{
  "original_uri": "https://play.google.com/store/apps/details?id=com.local.news.plus",
  "self": "http://localhost:1208/timemap/json/https://play.google.com/store/apps/details?id=com.local.news.plus",
  "mementos": {
    "list": [
      {
        "datetime": "2021-04-26T17:34:08Z",
        "uri": "https://web.archive.org/web/20210426173408/https://play.google.com/store/apps/details?id=com.local.news.plus"
      },
      {
        "datetime": "2021-07-24T06:25:39Z",
        "uri": "https://web.archive.org/web/20210724062539/https://play.google.com/store/apps/details?id=com.local.news.plus"
      },
      {
        "datetime": "2021-08-15T04:29:05Z",
        "uri": "https://web.archive.org/web/20210815042905/https://play.google.com/store/apps/details?id=com.local.news.plus"
      },
      {
        "datetime": "2021-09-22T23:17:28Z",
        "uri": "https://web.archive.org/web/20210922231728/https://play.google.com/store/apps/details?id=com.local.news.plus"
      },
      {
        "datetime": "2021-10-24T00:37:04Z",
        "uri": "https://web.archive.org/web/20211024003704/https://play.google.com/store/apps/details?id=com.local.news.plus"
      },
      {
        "datetime": "2021-10-24T13:11:35Z",
        "uri": "https://web.archive.org/web/20211024131135/https://play.google.com/store/apps/details?id=com.local.news.plus"
      },
      {
        "datetime": "2021-10-31T02:22:08Z",
        "uri": "https://web.archive.org/web/20211031022208/https://play.google.com/store/apps/details?id=com.local.news.plus"
      },
      {
        "datetime": "2021-12-07T20:15:05Z",
        "uri": "https://wayback.archive-it.org/all/20211207201505/https://play.google.com/store/apps/details?id=com.local.news.plus"
      },
      {
        "datetime": "2021-12-07T20:15:05Z",
        "uri": "https://web.archive.org/web/20211207201505/https://play.google.com/store/apps/details?id=com.local.news.plus"
      },
      {
        "datetime": "2021-12-07T20:15:12Z",
        "uri": "https://wayback.archive-it.org/all/20211207201512/https://play.google.com/store/apps/details?id=com.local.news.plus"
      },
      {
        "datetime": "2021-12-07T20:15:12Z",
        "uri": "https://web.archive.org/web/20211207201512/https://play.google.com/store/apps/details?id=com.local.news.plus"
      },
      {
        "datetime": "2021-12-26T05:15:10Z",
        "uri": "https://web.archive.org/web/20211226051510/https://play.google.com/store/apps/details?id=com.local.news.plus"
      },
      {
        "datetime": "2022-04-07T08:00:50Z",
        "uri": "https://web.archive.org/web/20220407080050/https://play.google.com/store/apps/details?id=com.local.news.plus"
      },
      {
        "datetime": "2022-04-27T22:50:12Z",
        "uri": "https://web.archive.org/web/20220427225012/https://play.google.com/store/apps/details?id=com.local.news.plus"
      },
      {
        "datetime": "2022-06-08T10:18:40Z",
        "uri": "https://web.archive.org/web/20220608101840/https://play.google.com/store/apps/details?id=com.local.news.plus"
      },
      {
        "datetime": "2022-07-26T08:34:29Z",
        "uri": "https://web.archive.org/web/20220726083429/https://play.google.com/store/apps/details?id=com.local.news.plus"
      }
    ],
    "first": {
      "datetime": "2021-04-26T17:34:08Z",
      "uri": "https://web.archive.org/web/20210426173408/https://play.google.com/store/apps/details?id=com.local.news.plus"
    },
    "last": {
      "datetime": "2022-07-26T08:34:29Z",
      "uri": "https://web.archive.org/web/20220726083429/https://play.google.com/store/apps/details?id=com.local.news.plus"
    }
  },
  "timemap_uri": {
    "link_format": "http://localhost:1208/timemap/link/https://play.google.com/store/apps/details?id=com.local.news.plus",
    "json_format": "http://localhost:1208/timemap/json/https://play.google.com/store/apps/details?id=com.local.news.plus",
    "cdxj_format": "http://localhost:1208/timemap/cdxj/https://play.google.com/store/apps/details?id=com.local.news.plus"
  },
  "timegate_uri": "http://localhost:1208/timegate/https://play.google.com/store/apps/details?id=com.local.news.plus"
}
