{
  "original_uri": "https://www.earthcam.com/events/extremeweather/",
  "self": "http://localhost:1208/timemap/json/https://www.earthcam.com/events/extremeweather/",
  "mementos": {
    "list": [
      {
        "datetime": "2005-07-21T02:04:38Z",
        "uri": "https://web.archive.org/web/20050721020438/http://www.earthcam.com:80/events/extremeweather/"
      },
      {
        "datetime": "2005-09-24T08:56:42Z",
        "uri": "https://web.archive.org/web/20050924085642/http://earthcam.com:80/events/extremeweather/"
      },
      {
        "datetime": "2005-09-24T09:30:45Z",
        "uri": "https://web.archive.org/web/20050924093045/http://earthcam.com:80/events/extremeweather/"
      },
      {
        "datetime": "2005-09-24T18:54:15Z",
        "uri": "https://web.archive.org/web/20050924185415/http://www.earthcam.com:80/events/extremeweather/"
      },
      {
        "datetime": "2005-10-13T07:51:37Z",
        "uri": "https://web.archive.org/web/20051013075137/http://earthcam.com:80/events/extremeweather/"
      },
      {
        "datetime": "2005-10-25T08:04:26Z",
        "uri": "https://web.archive.org/web/20051025080426/http://earthcam.com:80/events/extremeweather/"
      },
      {
        "datetime": "2005-10-29T15:05:33Z",
        "uri": "https://web.archive.org/web/20051029150533/http://earthcam.com:80/events/extremeweather/"
      },
      {
        "datetime": "2005-11-02T06:40:32Z",
        "uri": "https://web.archive.org/web/20051102064032/http://earthcam.com:80/events/extremeweather/"
      },
      {
        "datetime": "2005-12-10T18:43:41Z",
        "uri": "https://web.archive.org/web/20051210184341/http://earthcam.com:80/events/extremeweather/"
      },
      {
        "datetime": "2005-12-11T15:41:27Z",
        "uri": "https://web.archive.org/web/20051211154127/http://earthcam.com:80/events/extremeweather/"
      },
      {
        "datetime": "2005-12-12T16:44:14Z",
        "uri": "https://web.archive.org/web/20051212164414/http://earthcam.com:80/events/extremeweather/"
      },
      {
        "datetime": "2005-12-13T21:57:31Z",
        "uri": "https://web.archive.org/web/20051213215731/http://earthcam.com:80/events/extremeweather/"
      },
      {
        "datetime": "2005-12-14T09:19:32Z",
        "uri": "https://web.archive.org/web/20051214091932/http://earthcam.com:80/events/extremeweather/"
      },
      {
        "datetime": "2006-02-06T21:16:52Z",
        "uri": "https://web.archive.org/web/20060206211652/http://earthcam.com:80/events/extremeweather/"
      },
      {
        "datetime": "2006-03-03T15:56:05Z",
        "uri": "https://web.archive.org/web/20060303155605/http://earthcam.com:80/events/extremeweather/"
      },
      {
        "datetime": "2006-05-01T22:11:04Z",
        "uri": "https://web.archive.org/web/20060501221104/http://earthcam.com:80/events/extremeweather/"
      },
      {
        "datetime": "2006-08-31T19:03:11Z",
        "uri": "https://web.archive.org/web/20060831190311/http://www.earthcam.com:80/events/extremeweather/"
      },
      {
        "datetime": "2006-09-01T04:50:38Z",
        "uri": "https://web.archive.org/web/20060901045038/http://www.earthcam.com:80/events/extremeweather/"
      },
      {
        "datetime": "2007-07-31T09:39:26Z",
        "uri": "https://web.archive.org/web/20070731093926/http://earthcam.com/events/extremeweather/"
      },
      {
        "datetime": "2007-10-17T17:25:00Z",
        "uri": "https://web.archive.org/web/20071017172500/http://earthcam.com:80/events/extremeweather/"
      },
      {
        "datetime": "2007-12-04T21:46:33Z",
        "uri": "https://web.archive.org/web/20071204214633/http://www.earthcam.com:80/events/extremeweather/"
      },
      {
        "datetime": "2008-01-04T15:17:34Z",
        "uri": "https://web.archive.org/web/20080104151734/http://www.earthcam.com:80/events/extremeweather/"
      },
      {
        "datetime": "2008-02-04T08:40:09Z",
        "uri": "https://web.archive.org/web/20080204084009/http://www.earthcam.com:80/events/extremeweather/"
      },
      {
        "datetime": "2008-03-05T20:58:20Z",
        "uri": "https://web.archive.org/web/20080305205820/http://www.earthcam.com:80/events/extremeweather/"
      },
      {
        "datetime": "2008-04-05T08:10:53Z",
        "uri": "https://web.archive.org/web/20080405081053/http://www.earthcam.com:80/events/extremeweather/"
      },
      {
        "datetime": "2008-05-06T03:49:23Z",
        "uri": "https://web.archive.org/web/20080506034923/http://www.earthcam.com:80/events/extremeweather/"
      },
      {
        "datetime": "2008-06-05T09:45:46Z",
        "uri": "https://web.archive.org/web/20080605094546/http://www.earthcam.com:80/events/extremeweather/"
      },
      {
        "datetime": "2008-09-26T17:30:34Z",
        "uri": "https://web.archive.org/web/20080926173034/http://www.earthcam.com:80/events/extremeweather/"
      },
      {
        "datetime": "2008-10-29T05:52:43Z",
        "uri": "https://web.archive.org/web/20081029055243/http://www.earthcam.com:80/events/extremeweather/"
      },
      {
        "datetime": "2008-12-18T01:36:42Z",
        "uri": "https://web.archive.org/web/20081218013642/http://www.earthcam.com:80/events/extremeweather/"
      },
      {
        "datetime": "2009-01-06T13:27:42Z",
        "uri": "https://web.archive.org/web/20090106132742/http://earthcam.com/events/extremeweather/"
      },
      {
        "datetime": "2009-02-24T00:46:51Z",
        "uri": "https://web.archive.org/web/20090224004651/http://earthcam.com:80/events/extremeweather/"
      },
      {
        "datetime": "2009-12-07T06:55:08Z",
        "uri": "https://web.archive.org/web/20091207065508/http://www.earthcam.com:80/events/extremeweather/"
      },
      {
        "datetime": "2009-12-07T06:55:08Z",
        "uri": "https://web.archive.org/web/20091207065508/http://www.earthcam.com:80/events/extremeweather/"
      },
      {
        "datetime": "2009-12-07T06:55:08Z",
        "uri": "https://web.archive.org/web/20091207065508/http://www.earthcam.com:80/events/extremeweather"
      },
      {
        "datetime": "2009-12-07T06:55:08Z",
        "uri": "https://web.archive.org/web/20091207065508/http://www.earthcam.com:80/events/extremeweather"
      },
      {
        "datetime": "2009-12-08T22:36:39Z",
        "uri": "https://web.archive.org/web/20091208223639/http://www.earthcam.com:80/events/extremeweather/"
      },
      {
        "datetime": "2010-01-30T06:51:41Z",
        "uri": "https://web.archive.org/web/20100130065141/http://www.earthcam.com:80/events/extremeweather/"
      },
      {
        "datetime": "2010-01-30T06:51:41Z",
        "uri": "https://web.archive.org/web/20100130065141/http://www.earthcam.com:80/events/extremeweather"
      },
      {
        "datetime": "2010-02-14T09:57:25Z",
        "uri": "https://web.archive.org/web/20100214095725/http://www.earthcam.com:80/events/extremeweather/"
      },
      {
        "datetime": "2011-09-22T05:28:45Z",
        "uri": "https://web.archive.org/web/20110922052845/http://www.earthcam.com:80/events/extremeweather/"
      },
      {
        "datetime": "2012-03-08T22:09:26Z",
        "uri": "https://web.archive.org/web/20120308220926/http://www.earthcam.com/events/extremeweather/"
      },
      {
        "datetime": "2015-01-26T03:09:39Z",
        "uri": "https://web.archive.org/web/20150126030939/http://www.earthcam.com:80/events/extremeweather/"
      },
      {
        "datetime": "2015-01-26T03:09:39Z",
        "uri": "https://web.archive.org/web/20150126030939/http://www.earthcam.com:80/events/extremeweather"
      },
      {
        "datetime": "2015-01-31T23:32:22Z",
        "uri": "https://web.archive.org/web/20150131233222/http://www.earthcam.com:80/events/extremeweather/"
      },
      {
        "datetime": "2015-02-23T14:44:12Z",
        "uri": "https://web.archive.org/web/20150223144412/http://www.earthcam.com:80/events/extremeweather/"
      },
      {
        "datetime": "2015-02-23T14:44:12Z",
        "uri": "https://web.archive.org/web/20150223144412/http://www.earthcam.com:80/events/extremeweather"
      },
      {
        "datetime": "2015-03-26T07:14:24Z",
        "uri": "https://web.archive.org/web/20150326071424/http://www.earthcam.com:80/events/extremeweather/"
      },
      {
        "datetime": "2015-03-26T07:14:24Z",
        "uri": "https://web.archive.org/web/20150326071424/http://www.earthcam.com:80/events/extremeweather"
      },
      {
        "datetime": "2015-04-26T06:22:36Z",
        "uri": "https://web.archive.org/web/20150426062236/http://www.earthcam.com:80/events/extremeweather/"
      },
      {
        "datetime": "2015-04-26T06:22:36Z",
        "uri": "https://web.archive.org/web/20150426062236/http://www.earthcam.com:80/events/extremeweather"
      },
      {
        "datetime": "2015-05-27T05:12:32Z",
        "uri": "https://web.archive.org/web/20150527051232/http://www.earthcam.com:80/events/extremeweather/"
      },
      {
        "datetime": "2015-05-27T05:12:32Z",
        "uri": "https://web.archive.org/web/20150527051232/http://www.earthcam.com:80/events/extremeweather"
      },
      {
        "datetime": "2015-07-06T23:06:22Z",
        "uri": "https://web.archive.org/web/20150706230622/http://www.earthcam.com:80/events/extremeweather/"
      },
      {
        "datetime": "2015-07-06T23:06:22Z",
        "uri": "https://web.archive.org/web/20150706230622/http://www.earthcam.com:80/events/extremeweather"
      },
      {
        "datetime": "2015-08-31T04:11:49Z",
        "uri": "https://web.archive.org/web/20150831041149/http://www.earthcam.com:80/events/extremeweather/"
      },
      {
        "datetime": "2015-08-31T04:11:49Z",
        "uri": "https://web.archive.org/web/20150831041149/http://www.earthcam.com:80/events/extremeweather"
      },
      {
        "datetime": "2015-09-11T08:31:17Z",
        "uri": "https://web.archive.org/web/20150911083117/http://www.earthcam.com:80/events/extremeweather/"
      },
      {
        "datetime": "2015-10-02T20:18:59Z",
        "uri": "https://web.archive.org/web/20151002201859/http://www.earthcam.com/events/extremeweather/"
      },
      {
        "datetime": "2015-10-04T06:09:24Z",
        "uri": "https://web.archive.org/web/20151004060924/http://www.earthcam.com:80/events/extremeweather/"
      },
      {
        "datetime": "2015-10-04T06:09:24Z",
        "uri": "https://web.archive.org/web/20151004060924/http://www.earthcam.com:80/events/extremeweather"
      },
      {
        "datetime": "2015-10-18T11:20:14Z",
        "uri": "https://web.archive.org/web/20151018112014/http://www.earthcam.com:80/events/extremeweather/"
      },
      {
        "datetime": "2015-10-18T11:20:14Z",
        "uri": "https://web.archive.org/web/20151018112014/http://www.earthcam.com:80/events/extremeweather"
      },
      {
        "datetime": "2015-11-08T07:56:47Z",
        "uri": "https://web.archive.org/web/20151108075647/http://www.earthcam.com:80/events/extremeweather/"
      },
      {
        "datetime": "2015-11-08T07:56:47Z",
        "uri": "https://web.archive.org/web/20151108075647/http://www.earthcam.com:80/events/extremeweather"
      },
      {
        "datetime": "2015-12-09T01:59:14Z",
        "uri": "https://web.archive.org/web/20151209015914/http://www.earthcam.com:80/events/extremeweather/"
      },
      {
        "datetime": "2015-12-09T01:59:14Z",
        "uri": "https://web.archive.org/web/20151209015914/http://www.earthcam.com:80/events/extremeweather"
      },
      {
        "datetime": "2016-01-13T00:16:01Z",
        "uri": "https://web.archive.org/web/20160113001601/http://www.earthcam.com:80/events/extremeweather/"
      },
      {
        "datetime": "2016-01-13T00:16:01Z",
        "uri": "https://web.archive.org/web/20160113001601/http://www.earthcam.com:80/events/extremeweather"
      },
      {
        "datetime": "2016-01-26T11:14:32Z",
        "uri": "https://web.archive.org/web/20160126111432/http://www.earthcam.com:80/events/extremeweather/"
      },
      {
        "datetime": "2016-01-26T11:14:32Z",
        "uri": "https://web.archive.org/web/20160126111432/http://www.earthcam.com:80/events/extremeweather"
      },
      {
        "datetime": "2016-01-27T20:08:33Z",
        "uri": "https://web.archive.org/web/20160127200833/http://www.earthcam.com:80/events/extremeweather/"
      },
      {
        "datetime": "2016-02-11T19:11:05Z",
        "uri": "https://web.archive.org/web/20160211191105/http://www.earthcam.com:80/events/extremeweather/"
      },
      {
        "datetime": "2016-02-11T19:11:05Z",
        "uri": "https://web.archive.org/web/20160211191105/http://www.earthcam.com:80/events/extremeweather"
      },
      {
        "datetime": "2016-02-23T08:37:33Z",
        "uri": "https://web.archive.org/web/20160223083733/http://www.earthcam.com:80/events/extremeweather/"
      },
      {
        "datetime": "2016-02-23T08:37:33Z",
        "uri": "https://web.archive.org/web/20160223083733/http://www.earthcam.com:80/events/extremeweather"
      },
      {
        "datetime": "2016-03-14T06:54:18Z",
        "uri": "https://web.archive.org/web/20160314065418/http://www.earthcam.com:80/events/extremeweather/"
      },
      {
        "datetime": "2016-03-14T06:54:18Z",
        "uri": "https://web.archive.org/web/20160314065418/http://www.earthcam.com:80/events/extremeweather"
      },
      {
        "datetime": "2016-03-28T13:41:55Z",
        "uri": "https://web.archive.org/web/20160328134155/http://www.earthcam.com:80/events/extremeweather/"
      },
      {
        "datetime": "2016-04-04T09:54:34Z",
        "uri": "https://web.archive.org/web/20160404095434/http://www.earthcam.com/events/extremeweather/"
      },
      {
        "datetime": "2016-04-10T14:13:56Z",
        "uri": "https://web.archive.org/web/20160410141356/http://www.earthcam.com:80/events/extremeweather/"
      },
      {
        "datetime": "2016-04-10T14:13:56Z",
        "uri": "https://web.archive.org/web/20160410141356/http://www.earthcam.com:80/events/extremeweather"
      },
      {
        "datetime": "2016-05-11T20:43:53Z",
        "uri": "https://web.archive.org/web/20160511204353/http://www.earthcam.com:80/events/extremeweather/"
      },
      {
        "datetime": "2016-05-11T20:43:53Z",
        "uri": "https://web.archive.org/web/20160511204353/http://www.earthcam.com:80/events/extremeweather"
      },
      {
        "datetime": "2016-05-28T17:50:38Z",
        "uri": "https://web.archive.org/web/20160528175038/http://www.earthcam.com:80/events/extremeweather/"
      },
      {
        "datetime": "2016-06-12T05:38:18Z",
        "uri": "https://web.archive.org/web/20160612053818/http://www.earthcam.com:80/events/extremeweather/"
      },
      {
        "datetime": "2016-06-12T05:38:18Z",
        "uri": "https://web.archive.org/web/20160612053818/http://www.earthcam.com:80/events/extremeweather"
      },
      {
        "datetime": "2016-07-20T10:06:12Z",
        "uri": "https://web.archive.org/web/20160720100612/http://www.earthcam.com:80/events/extremeweather/"
      },
      {
        "datetime": "2016-07-20T10:06:12Z",
        "uri": "https://web.archive.org/web/20160720100612/http://www.earthcam.com:80/events/extremeweather"
      },
      {
        "datetime": "2016-09-05T09:32:55Z",
        "uri": "https://web.archive.org/web/20160905093255/http://www.earthcam.com:80/events/extremeweather/"
      },
      {
        "datetime": "2016-09-05T09:32:55Z",
        "uri": "https://web.archive.org/web/20160905093255/http://www.earthcam.com:80/events/extremeweather"
      },
      {
        "datetime": "2016-09-16T15:28:27Z",
        "uri": "https://web.archive.org/web/20160916152827/http://www.earthcam.com:80/events/extremeweather/"
      },
      {
        "datetime": "2016-09-16T15:28:27Z",
        "uri": "https://web.archive.org/web/20160916152827/http://www.earthcam.com:80/events/extremeweather"
      },
      {
        "datetime": "2016-09-29T13:22:56Z",
        "uri": "https://web.archive.org/web/20160929132256/http://www.earthcam.com:80/events/extremeweather/"
      },
      {
        "datetime": "2016-09-29T13:22:56Z",
        "uri": "https://web.archive.org/web/20160929132256/http://www.earthcam.com:80/events/extremeweather"
      },
      {
        "datetime": "2016-10-09T20:52:44Z",
        "uri": "https://web.archive.org/web/20161009205244/http://www.earthcam.com:80/events/extremeweather/"
      },
      {
        "datetime": "2016-10-09T20:52:44Z",
        "uri": "https://web.archive.org/web/20161009205244/http://www.earthcam.com:80/events/extremeweather"
      },
      {
        "datetime": "2016-10-15T13:45:28Z",
        "uri": "https://web.archive.org/web/20161015134528/http://www.earthcam.com:80/events/extremeweather/"
      },
      {
        "datetime": "2016-10-15T13:45:28Z",
        "uri": "https://web.archive.org/web/20161015134528/http://www.earthcam.com:80/events/extremeweather"
      },
      {
        "datetime": "2016-10-16T14:45:53Z",
        "uri": "https://web.archive.org/web/20161016144553/http://www.earthcam.com:80/events/extremeweather/"
      },
      {
        "datetime": "2016-10-16T14:45:53Z",
        "uri": "https://web.archive.org/web/20161016144553/http://www.earthcam.com:80/events/extremeweather"
      },
      {
        "datetime": "2016-10-24T02:01:54Z",
        "uri": "https://web.archive.org/web/20161024020154/http://www.earthcam.com:80/events/extremeweather/"
      },
      {
        "datetime": "2016-10-24T02:01:54Z",
        "uri": "https://web.archive.org/web/20161024020154/http://www.earthcam.com:80/events/extremeweather"
      },
      {
        "datetime": "2016-10-30T21:05:53Z",
        "uri": "https://web.archive.org/web/20161030210553/http://www.earthcam.com:80/events/extremeweather/"
      },
      {
        "datetime": "2016-10-30T21:05:53Z",
        "uri": "https://web.archive.org/web/20161030210553/http://www.earthcam.com:80/events/extremeweather"
      },
      {
        "datetime": "2016-11-07T00:49:07Z",
        "uri": "https://web.archive.org/web/20161107004907/http://www.earthcam.com:80/events/extremeweather/"
      },
      {
        "datetime": "2016-11-07T00:49:07Z",
        "uri": "https://web.archive.org/web/20161107004907/http://www.earthcam.com:80/events/extremeweather"
      },
      {
        "datetime": "2016-11-15T19:16:20Z",
        "uri": "https://web.archive.org/web/20161115191620/http://www.earthcam.com:80/events/extremeweather/"
      },
      {
        "datetime": "2016-11-15T19:16:20Z",
        "uri": "https://web.archive.org/web/20161115191620/http://www.earthcam.com:80/events/extremeweather"
      },
      {
        "datetime": "2016-11-22T22:28:28Z",
        "uri": "https://web.archive.org/web/20161122222828/http://www.earthcam.com/events/extremeweather/"
      },
      {
        "datetime": "2016-11-29T12:02:06Z",
        "uri": "https://web.archive.org/web/20161129120206/http://www.earthcam.com:80/events/extremeweather/"
      },
      {
        "datetime": "2016-11-29T12:02:06Z",
        "uri": "https://web.archive.org/web/20161129120206/http://www.earthcam.com:80/events/extremeweather"
      },
      {
        "datetime": "2016-11-30T12:50:06Z",
        "uri": "https://web.archive.org/web/20161130125006/http://www.earthcam.com:80/events/extremeweather/"
      },
      {
        "datetime": "2016-12-01T14:19:03Z",
        "uri": "https://web.archive.org/web/20161201141903/http://www.earthcam.com:80/events/extremeweather/"
      },
      {
        "datetime": "2017-04-27T02:36:49Z",
        "uri": "https://web.archive.org/web/20170427023649/http://www.earthcam.com:80/events/extremeweather/"
      },
      {
        "datetime": "2017-04-27T02:36:49Z",
        "uri": "https://web.archive.org/web/20170427023649/http://www.earthcam.com:80/events/extremeweather"
      },
      {
        "datetime": "2017-05-29T13:12:01Z",
        "uri": "https://web.archive.org/web/20170529131201/http://www.earthcam.com:80/events/extremeweather/"
      },
      {
        "datetime": "2017-05-29T13:12:01Z",
        "uri": "https://web.archive.org/web/20170529131201/http://www.earthcam.com:80/events/extremeweather"
      },
      {
        "datetime": "2017-06-15T19:40:33Z",
        "uri": "https://web.archive.org/web/20170615194033/http://www.earthcam.com/events/extremeweather/"
      },
      {
        "datetime": "2017-06-29T14:16:14Z",
        "uri": "https://web.archive.org/web/20170629141614/http://www.earthcam.com:80/events/extremeweather/"
      },
      {
        "datetime": "2017-06-29T14:16:14Z",
        "uri": "https://web.archive.org/web/20170629141614/http://www.earthcam.com:80/events/extremeweather"
      },
      {
        "datetime": "2017-08-13T14:22:17Z",
        "uri": "https://web.archive.org/web/20170813142217/http://www.earthcam.com:80/events/extremeweather/"
      },
      {
        "datetime": "2017-08-13T14:22:17Z",
        "uri": "https://web.archive.org/web/20170813142217/http://www.earthcam.com:80/events/extremeweather"
      },
      {
        "datetime": "2017-08-15T08:08:36Z",
        "uri": "https://web.archive.org/web/20170815080836/http://www.earthcam.com:80/events/extremeweather/"
      },
      {
        "datetime": "2017-08-31T12:51:32Z",
        "uri": "https://web.archive.org/web/20170831125132/http://www.earthcam.com:80/events/extremeweather/"
      },
      {
        "datetime": "2017-08-31T12:51:32Z",
        "uri": "https://web.archive.org/web/20170831125132/http://www.earthcam.com:80/events/extremeweather"
      },
      {
        "datetime": "2017-09-10T07:41:24Z",
        "uri": "https://webarchive.loc.gov/all/20170910074124/http://www.earthcam.com/events/extremeweather/"
      },
      {
        "datetime": "2017-09-12T04:34:04Z",
        "uri": "https://web.archive.org/web/20170912043404/http://www.earthcam.com:80/events/extremeweather/"
      },
      {
        "datetime": "2017-09-12T04:34:04Z",
        "uri": "https://web.archive.org/web/20170912043404/http://www.earthcam.com:80/events/extremeweather"
      },
      {
        "datetime": "2017-09-18T19:08:07Z",
        "uri": "https://web.archive.org/web/20170918190807/http://www.earthcam.com:80/events/extremeweather/"
      },
      {
        "datetime": "2017-09-18T19:08:07Z",
        "uri": "https://web.archive.org/web/20170918190807/http://www.earthcam.com:80/events/extremeweather"
      },
      {
        "datetime": "2017-10-05T16:06:58Z",
        "uri": "https://web.archive.org/web/20171005160658/http://www.earthcam.com:80/events/extremeweather/"
      },
      {
        "datetime": "2017-10-05T16:06:58Z",
        "uri": "https://web.archive.org/web/20171005160658/http://www.earthcam.com:80/events/extremeweather"
      },
      {
        "datetime": "2017-10-15T08:19:19Z",
        "uri": "https://web.archive.org/web/20171015081919/http://www.earthcam.com:80/events/extremeweather/"
      },
      {
        "datetime": "2017-12-15T05:51:19Z",
        "uri": "https://web.archive.org/web/20171215055119/http://www.earthcam.com:80/events/extremeweather/"
      },
      {
        "datetime": "2018-02-14T22:05:26Z",
        "uri": "https://web.archive.org/web/20180214220526/http://www.earthcam.com:80/events/extremeweather/"
      },
      {
        "datetime": "2018-04-28T02:40:42Z",
        "uri": "https://web.archive.org/web/20180428024042/http://www.earthcam.com:80/events/extremeweather/"
      },
      {
        "datetime": "2018-07-04T03:27:25Z",
        "uri": "https://web.archive.org/web/20180704032725/http://www.earthcam.com:80/events/extremeweather/"
      },
      {
        "datetime": "2018-08-16T23:59:12Z",
        "uri": "https://web.archive.org/web/20180816235912/http://www.earthcam.com/events/extremeweather/"
      },
      {
        "datetime": "2018-09-05T20:05:28Z",
        "uri": "https://web.archive.org/web/20180905200528/http://www.earthcam.com:80/events/extremeweather/"
      },
      {
        "datetime": "2018-10-05T21:32:05Z",
        "uri": "https://web.archive.org/web/20181005213205/https://www.earthcam.com/events/extremeweather/"
      },
      {
        "datetime": "2018-12-21T04:27:07Z",
        "uri": "https://web.archive.org/web/20181221042707/https://www.earthcam.com/events/extremeweather/"
      },
      {
        "datetime": "2019-06-12T08:39:41Z",
        "uri": "https://web.archive.org/web/20190612083941/http://www.earthcam.com/events/extremeweather/"
      },
      {
        "datetime": "2019-06-12T08:39:42Z",
        "uri": "https://web.archive.org/web/20190612083942/https://www.earthcam.com/events/extremeweather/"
      },
      {
        "datetime": "2019-06-19T05:48:34Z",
        "uri": "https://web.archive.org/web/20190619054834/https://www.earthcam.com/events/extremeweather/"
      },
      {
        "datetime": "2019-08-16T14:47:07Z",
        "uri": "https://web.archive.org/web/20190816144707/https://www.earthcam.com/events/extremeweather/"
      },
      {
        "datetime": "2019-12-13T00:05:02Z",
        "uri": "https://web.archive.org/web/20191213000502/https://www.earthcam.com/events/extremeweather/"
      },
      {
        "datetime": "2020-02-29T15:43:40Z",
        "uri": "https://web.archive.org/web/20200229154340/https://www.earthcam.com/events/extremeweather/"
      },
      {
        "datetime": "2020-10-06T05:59:07Z",
        "uri": "https://web.archive.org/web/20201006055907/http://www.earthcam.com/events/extremeweather/"
      },
      {
        "datetime": "2020-11-07T23:57:10Z",
        "uri": "https://web.archive.org/web/20201107235710/https://www.earthcam.com/events/extremeweather/"
      },
      {
        "datetime": "2020-11-08T09:10:41Z",
        "uri": "https://web.archive.org/web/20201108091041/https://www.earthcam.com/events/extremeweather/"
      },
      {
        "datetime": "2020-11-08T09:10:41Z",
        "uri": "https://web.archive.org/web/20201108091041/http://www.earthcam.com/events/extremeweather/"
      },
      {
        "datetime": "2020-12-04T23:08:21Z",
        "uri": "https://web.archive.org/web/20201204230821/https://www.earthcam.com/events/extremeweather/"
      },
      {
        "datetime": "2020-12-31T12:40:26Z",
        "uri": "https://web.archive.org/web/20201231124026/https://www.earthcam.com/events/extremeweather/"
      },
      {
        "datetime": "2021-04-13T06:36:21Z",
        "uri": "https://web.archive.org/web/20210413063621/https://www.earthcam.com/events/extremeweather/"
      },
      {
        "datetime": "2021-05-06T23:19:22Z",
        "uri": "https://web.archive.org/web/20210506231922/http://earthcam.com/events/extremeweather/"
      },
      {
        "datetime": "2021-05-06T23:19:27Z",
        "uri": "https://web.archive.org/web/20210506231927/https://www.earthcam.com/events/extremeweather/"
      },
      {
        "datetime": "2021-06-22T06:43:36Z",
        "uri": "https://web.archive.org/web/20210622064336/https://www.earthcam.com/events/extremeweather/"
      },
      {
        "datetime": "2021-06-22T06:43:36Z",
        "uri": "https://web.archive.org/web/20210622064336/https://www.earthcam.com/events/extremeweather/"
      },
      {
        "datetime": "2021-08-22T19:11:59Z",
        "uri": "https://web.archive.org/web/20210822191159/https://www.earthcam.com/events/extremeweather/"
      },
      {
        "datetime": "2021-09-17T15:24:32Z",
        "uri": "https://web.archive.org/web/20210917152432/https://www.earthcam.com/events/extremeweather/"
      },
      {
        "datetime": "2022-01-15T13:11:31Z",
        "uri": "https://web.archive.org/web/20220115131131/https://www.earthcam.com/events/extremeweather/"
      },
      {
        "datetime": "2022-04-12T00:37:36Z",
        "uri": "https://web.archive.org/web/20220412003736/http://www.earthcam.com/events/extremeweather/"
      },
      {
        "datetime": "2022-07-04T17:47:40Z",
        "uri": "https://web.archive.org/web/20220704174740/http://www.earthcam.com/events/extremeweather/"
      },
      {
        "datetime": "2022-08-20T17:23:06Z",
        "uri": "https://web.archive.org/web/20220820172306/https://www.earthcam.com/events/extremeweather/"
      },
      {
        "datetime": "2022-09-07T22:55:41Z",
        "uri": "https://web.archive.org/web/20220907225541/http://www.earthcam.com/events/extremeweather/"
      }
    ],
    "first": {
      "datetime": "2005-07-21T02:04:38Z",
      "uri": "https://web.archive.org/web/20050721020438/http://www.earthcam.com:80/events/extremeweather/"
    },
    "last": {
      "datetime": "2022-09-07T22:55:41Z",
      "uri": "https://web.archive.org/web/20220907225541/http://www.earthcam.com/events/extremeweather/"
    }
  },
  "timemap_uri": {
    "link_format": "http://localhost:1208/timemap/link/https://www.earthcam.com/events/extremeweather/",
    "json_format": "http://localhost:1208/timemap/json/https://www.earthcam.com/events/extremeweather/",
    "cdxj_format": "http://localhost:1208/timemap/cdxj/https://www.earthcam.com/events/extremeweather/"
  },
  "timegate_uri": "http://localhost:1208/timegate/https://www.earthcam.com/events/extremeweather/"
}
