{
  "original_uri": "https://www.cnn.com/2022/09/28/politics/trump-deposition-lawsuit-maralago-hurricane-ian/index.html",
  "self": "http://localhost:1208/timemap/json/https://www.cnn.com/2022/09/28/politics/trump-deposition-lawsuit-maralago-hurricane-ian/index.html",
  "mementos": {
    "list": [
      {
        "datetime": "2022-09-29T04:13:13Z",
        "uri": "https://web.archive.org/web/20220929041313/https://www.cnn.com/2022/09/28/politics/trump-deposition-lawsuit-maralago-hurricane-ian/index.html"
      },
      {
        "datetime": "2022-09-29T13:32:59Z",
        "uri": "https://web.archive.org/web/20220929133259/https://www.cnn.com/2022/09/28/politics/trump-deposition-lawsuit-maralago-hurricane-ian/index.html"
      },
      {
        "datetime": "2022-09-30T01:45:16Z",
        "uri": "https://web.archive.org/web/20220930014516/https://www.cnn.com/2022/09/28/politics/trump-deposition-lawsuit-maralago-hurricane-ian/index.html"
      }
    ],
    "first": {
      "datetime": "2022-09-29T04:13:13Z",
      "uri": "https://web.archive.org/web/20220929041313/https://www.cnn.com/2022/09/28/politics/trump-deposition-lawsuit-maralago-hurricane-ian/index.html"
    },
    "last": {
      "datetime": "2022-09-30T01:45:16Z",
      "uri": "https://web.archive.org/web/20220930014516/https://www.cnn.com/2022/09/28/politics/trump-deposition-lawsuit-maralago-hurricane-ian/index.html"
    }
  },
  "timemap_uri": {
    "link_format": "http://localhost:1208/timemap/link/https://www.cnn.com/2022/09/28/politics/trump-deposition-lawsuit-maralago-hurricane-ian/index.html",
    "json_format": "http://localhost:1208/timemap/json/https://www.cnn.com/2022/09/28/politics/trump-deposition-lawsuit-maralago-hurricane-ian/index.html",
    "cdxj_format": "http://localhost:1208/timemap/cdxj/https://www.cnn.com/2022/09/28/politics/trump-deposition-lawsuit-maralago-hurricane-ian/index.html"
  },
  "timegate_uri": "http://localhost:1208/timegate/https://www.cnn.com/2022/09/28/politics/trump-deposition-lawsuit-maralago-hurricane-ian/index.html"
}
