{
  "original_uri": "https://www.verizon.com/about/news/verizon-responds-hurricane-ian",
  "self": "http://localhost:1208/timemap/json/https://www.verizon.com/about/news/verizon-responds-hurricane-ian",
  "mementos": {
    "list": [
      {
        "datetime": "2022-09-30T21:00:09Z",
        "uri": "https://web.archive.org/web/20220930210009/https://www.verizon.com/about/news/verizon-responds-hurricane-ian"
      }
    ],
    "first": {
      "datetime": "2022-09-30T21:00:09Z",
      "uri": "https://web.archive.org/web/20220930210009/https://www.verizon.com/about/news/verizon-responds-hurricane-ian"
    },
    "last": {
      "datetime": "2022-09-30T21:00:09Z",
      "uri": "https://web.archive.org/web/20220930210009/https://www.verizon.com/about/news/verizon-responds-hurricane-ian"
    }
  },
  "timemap_uri": {
    "link_format": "http://localhost:1208/timemap/link/https://www.verizon.com/about/news/verizon-responds-hurricane-ian",
    "json_format": "http://localhost:1208/timemap/json/https://www.verizon.com/about/news/verizon-responds-hurricane-ian",
    "cdxj_format": "http://localhost:1208/timemap/cdxj/https://www.verizon.com/about/news/verizon-responds-hurricane-ian"
  },
  "timegate_uri": "http://localhost:1208/timegate/https://www.verizon.com/about/news/verizon-responds-hurricane-ian"
}
