{
  "original_uri": "https://www.cbsnews.com/video/hurricanes-and-climate-change/",
  "self": "http://localhost:1208/timemap/json/https://www.cbsnews.com/video/hurricanes-and-climate-change/",
  "mementos": {
    "list": [
      {
        "datetime": "2022-10-01T17:32:12Z",
        "uri": "https://web.archive.org/web/20221001173212/https://www.cbsnews.com/video/hurricanes-and-climate-change/"
      }
    ],
    "first": {
      "datetime": "2022-10-01T17:32:12Z",
      "uri": "https://web.archive.org/web/20221001173212/https://www.cbsnews.com/video/hurricanes-and-climate-change/"
    },
    "last": {
      "datetime": "2022-10-01T17:32:12Z",
      "uri": "https://web.archive.org/web/20221001173212/https://www.cbsnews.com/video/hurricanes-and-climate-change/"
    }
  },
  "timemap_uri": {
    "link_format": "http://localhost:1208/timemap/link/https://www.cbsnews.com/video/hurricanes-and-climate-change/",
    "json_format": "http://localhost:1208/timemap/json/https://www.cbsnews.com/video/hurricanes-and-climate-change/",
    "cdxj_format": "http://localhost:1208/timemap/cdxj/https://www.cbsnews.com/video/hurricanes-and-climate-change/"
  },
  "timegate_uri": "http://localhost:1208/timegate/https://www.cbsnews.com/video/hurricanes-and-climate-change/"
}
