{
  "original_uri": "https://www.nationalgeographic.com/environment/article/did-climate-change-drive-2020-historic-hurricane-season",
  "self": "http://localhost:1208/timemap/json/https://www.nationalgeographic.com/environment/article/did-climate-change-drive-2020-historic-hurricane-season",
  "mementos": {
    "list": [
      {
        "datetime": "2021-03-18T17:57:08Z",
        "uri": "https://web.archive.org/web/20210318175708/https://www.nationalgeographic.com/environment/article/did-climate-change-drive-2020-historic-hurricane-season"
      },
      {
        "datetime": "2021-04-08T02:14:16Z",
        "uri": "https://wayback.archive-it.org/all/20210408021416/http://www.nationalgeographic.com/environment/article/did-climate-change-drive-2020-historic-hurricane-season"
      },
      {
        "datetime": "2021-04-08T02:14:16Z",
        "uri": "https://web.archive.org/web/20210408021416/http://www.nationalgeographic.com/environment/article/did-climate-change-drive-2020-historic-hurricane-season"
      },
      {
        "datetime": "2021-04-08T02:14:27Z",
        "uri": "https://wayback.archive-it.org/all/20210408021427/https://www.nationalgeographic.com/environment/article/did-climate-change-drive-2020-historic-hurricane-season"
      },
      {
        "datetime": "2021-04-08T02:14:27Z",
        "uri": "https://web.archive.org/web/20210408021427/https://www.nationalgeographic.com/environment/article/did-climate-change-drive-2020-historic-hurricane-season"
      },
      {
        "datetime": "2021-05-09T16:45:02Z",
        "uri": "https://web.archive.org/web/20210509164502/https://www.nationalgeographic.com/environment/article/did-climate-change-drive-2020-historic-hurricane-season"
      },
      {
        "datetime": "2021-06-18T00:04:28Z",
        "uri": "https://web.archive.org/web/20210618000428/https://www.nationalgeographic.com/environment/article/did-climate-change-drive-2020-historic-hurricane-season"
      },
      {
        "datetime": "2021-06-18T00:04:28Z",
        "uri": "https://web.archive.org/web/20210618000428/https://www.nationalgeographic.com/environment/article/did-climate-change-drive-2020-historic-hurricane-season"
      },
      {
        "datetime": "2021-07-25T03:47:52Z",
        "uri": "https://web.archive.org/web/20210725034752/https://www.nationalgeographic.com/environment/article/did-climate-change-drive-2020-historic-hurricane-season"
      },
      {
        "datetime": "2021-08-10T10:05:26Z",
        "uri": "https://web.archive.org/web/20210810100526/https://www.nationalgeographic.com/environment/article/did-climate-change-drive-2020-historic-hurricane-season"
      },
      {
        "datetime": "2021-08-10T15:43:51Z",
        "uri": "https://web.archive.org/web/20210810154351/https://www.nationalgeographic.com/environment/article/did-climate-change-drive-2020-historic-hurricane-season"
      },
      {
        "datetime": "2021-09-03T01:53:04Z",
        "uri": "https://web.archive.org/web/20210903015304/https://www.nationalgeographic.com/environment/article/did-climate-change-drive-2020-historic-hurricane-season"
      },
      {
        "datetime": "2021-10-13T14:34:03Z",
        "uri": "https://wayback.archive-it.org/all/20211013143403/https://www.nationalgeographic.com/environment/article/did-climate-change-drive-2020-historic-hurricane-season"
      },
      {
        "datetime": "2021-10-13T14:34:03Z",
        "uri": "https://web.archive.org/web/20211013143403/https://www.nationalgeographic.com/environment/article/did-climate-change-drive-2020-historic-hurricane-season"
      },
      {
        "datetime": "2022-01-19T20:19:50Z",
        "uri": "https://web.archive.org/web/20220119201950/https://www.nationalgeographic.com/environment/article/did-climate-change-drive-2020-historic-hurricane-season"
      },
      {
        "datetime": "2022-09-28T02:04:11Z",
        "uri": "https://web.archive.org/web/20220928020411/https://www.nationalgeographic.com/environment/article/did-climate-change-drive-2020-historic-hurricane-season"
      }
    ],
    "first": {
      "datetime": "2021-03-18T17:57:08Z",
      "uri": "https://web.archive.org/web/20210318175708/https://www.nationalgeographic.com/environment/article/did-climate-change-drive-2020-historic-hurricane-season"
    },
    "last": {
      "datetime": "2022-09-28T02:04:11Z",
      "uri": "https://web.archive.org/web/20220928020411/https://www.nationalgeographic.com/environment/article/did-climate-change-drive-2020-historic-hurricane-season"
    }
  },
  "timemap_uri": {
    "link_format": "http://localhost:1208/timemap/link/https://www.nationalgeographic.com/environment/article/did-climate-change-drive-2020-historic-hurricane-season",
    "json_format": "http://localhost:1208/timemap/json/https://www.nationalgeographic.com/environment/article/did-climate-change-drive-2020-historic-hurricane-season",
    "cdxj_format": "http://localhost:1208/timemap/cdxj/https://www.nationalgeographic.com/environment/article/did-climate-change-drive-2020-historic-hurricane-season"
  },
  "timegate_uri": "http://localhost:1208/timegate/https://www.nationalgeographic.com/environment/article/did-climate-change-drive-2020-historic-hurricane-season"
}
