{
  "original_uri": "https://www.cnn.com/2022/09/30/politics/us-russia-sanctions-ukraine-annexation/index.html",
  "self": "http://localhost:1208/timemap/json/https://www.cnn.com/2022/09/30/politics/us-russia-sanctions-ukraine-annexation/index.html",
  "mementos": {
    "list": [
      {
        "datetime": "2022-10-01T13:03:44Z",
        "uri": "https://web.archive.org/web/20221001130344/https://www.cnn.com/2022/09/30/politics/us-russia-sanctions-ukraine-annexation/index.html"
      }
    ],
    "first": {
      "datetime": "2022-10-01T13:03:44Z",
      "uri": "https://web.archive.org/web/20221001130344/https://www.cnn.com/2022/09/30/politics/us-russia-sanctions-ukraine-annexation/index.html"
    },
    "last": {
      "datetime": "2022-10-01T13:03:44Z",
      "uri": "https://web.archive.org/web/20221001130344/https://www.cnn.com/2022/09/30/politics/us-russia-sanctions-ukraine-annexation/index.html"
    }
  },
  "timemap_uri": {
    "link_format": "http://localhost:1208/timemap/link/https://www.cnn.com/2022/09/30/politics/us-russia-sanctions-ukraine-annexation/index.html",
    "json_format": "http://localhost:1208/timemap/json/https://www.cnn.com/2022/09/30/politics/us-russia-sanctions-ukraine-annexation/index.html",
    "cdxj_format": "http://localhost:1208/timemap/cdxj/https://www.cnn.com/2022/09/30/politics/us-russia-sanctions-ukraine-annexation/index.html"
  },
  "timegate_uri": "http://localhost:1208/timegate/https://www.cnn.com/2022/09/30/politics/us-russia-sanctions-ukraine-annexation/index.html"
}
