{
  "original_uri": "https://www.euronews.com/2022/09/30/ukraine-announces-bid-to-join-nato-after-russia-annexes-four-ukrainian-regions",
  "self": "http://localhost:1208/timemap/json/https://www.euronews.com/2022/09/30/ukraine-announces-bid-to-join-nato-after-russia-annexes-four-ukrainian-regions",
  "mementos": {
    "list": [
      {
        "datetime": "2022-09-30T17:14:43Z",
        "uri": "http://archive.md/20220930171443/https://www.euronews.com/2022/09/30/ukraine-announces-bid-to-join-nato-after-russia-annexes-four-ukrainian-regions"
      },
      {
        "datetime": "2022-09-30T17:35:13Z",
        "uri": "https://web.archive.org/web/20220930173513/https://www.euronews.com/2022/09/30/ukraine-announces-bid-to-join-nato-after-russia-annexes-four-ukrainian-regions"
      }
    ],
    "first": {
      "datetime": "2022-09-30T17:14:43Z",
      "uri": "http://archive.md/20220930171443/https://www.euronews.com/2022/09/30/ukraine-announces-bid-to-join-nato-after-russia-annexes-four-ukrainian-regions"
    },
    "last": {
      "datetime": "2022-09-30T17:35:13Z",
      "uri": "https://web.archive.org/web/20220930173513/https://www.euronews.com/2022/09/30/ukraine-announces-bid-to-join-nato-after-russia-annexes-four-ukrainian-regions"
    }
  },
  "timemap_uri": {
    "link_format": "http://localhost:1208/timemap/link/https://www.euronews.com/2022/09/30/ukraine-announces-bid-to-join-nato-after-russia-annexes-four-ukrainian-regions",
    "json_format": "http://localhost:1208/timemap/json/https://www.euronews.com/2022/09/30/ukraine-announces-bid-to-join-nato-after-russia-annexes-four-ukrainian-regions",
    "cdxj_format": "http://localhost:1208/timemap/cdxj/https://www.euronews.com/2022/09/30/ukraine-announces-bid-to-join-nato-after-russia-annexes-four-ukrainian-regions"
  },
  "timegate_uri": "http://localhost:1208/timegate/https://www.euronews.com/2022/09/30/ukraine-announces-bid-to-join-nato-after-russia-annexes-four-ukrainian-regions"
}
