{
  "original_uri": "https://ukdogowner.co.uk/dog-breeds/Akita/",
  "self": "http://localhost:1208/timemap/json/https://ukdogowner.co.uk/dog-breeds/Akita/",
  "mementos": {
    "list": [
      {
        "datetime": "2019-12-14T10:10:56Z",
        "uri": "https://web.archive.org/web/20191214101056/http://ukdogowner.co.uk/dog-breeds/Akita"
      },
      {
        "datetime": "2020-01-01T06:45:31Z",
        "uri": "https://web.archive.org/web/20200101064531/https://ukdogowner.co.uk/dog-breeds/Akita"
      },
      {
        "datetime": "2020-02-13T16:05:21Z",
        "uri": "https://web.archive.org/web/20200213160521/https://ukdogowner.co.uk/dog-breeds/Akita/"
      },
      {
        "datetime": "2020-03-10T09:16:03Z",
        "uri": "https://web.archive.org/web/20200310091603/https://ukdogowner.co.uk/dog-breeds/akita/"
      },
      {
        "datetime": "2020-09-01T16:43:30Z",
        "uri": "https://web.archive.org/web/20200901164330/http://ukdogowner.co.uk/dog-breeds/Akita"
      },
      {
        "datetime": "2020-10-31T23:22:38Z",
        "uri": "https://web.archive.org/web/20201031232238/https://ukdogowner.co.uk/dog-breeds/Akita/"
      },
      {
        "datetime": "2020-10-31T23:22:38Z",
        "uri": "https://web.archive.org/web/20201031232238/http://ukdogowner.co.uk/dog-breeds/Akita"
      },
      {
        "datetime": "2020-11-01T12:13:12Z",
        "uri": "https://web.archive.org/web/20201101121312/https://ukdogowner.co.uk/dog-breeds/Akita/"
      },
      {
        "datetime": "2020-11-01T12:13:12Z",
        "uri": "https://web.archive.org/web/20201101121312/http://ukdogowner.co.uk/dog-breeds/Akita"
      },
      {
        "datetime": "2022-01-19T08:23:09Z",
        "uri": "https://web.archive.org/web/20220119082309/http://ukdogowner.co.uk/dog-breeds/Akita"
      },
      {
        "datetime": "2022-01-19T08:23:44Z",
        "uri": "https://web.archive.org/web/20220119082344/http://ukdogowner.co.uk/dog-breeds/Akita"
      },
      {
        "datetime": "2022-01-19T08:42:27Z",
        "uri": "https://web.archive.org/web/20220119084227/http://ukdogowner.co.uk/dog-breeds/Akita"
      },
      {
        "datetime": "2022-01-20T00:55:47Z",
        "uri": "https://web.archive.org/web/20220120005547/https://ukdogowner.co.uk/dog-breeds/Akita"
      },
      {
        "datetime": "2022-01-20T00:57:07Z",
        "uri": "https://web.archive.org/web/20220120005707/https://ukdogowner.co.uk/dog-breeds/Akita/"
      },
      {
        "datetime": "2022-01-20T18:31:44Z",
        "uri": "https://web.archive.org/web/20220120183144/http://ukdogowner.co.uk/dog-breeds/Akita"
      },
      {
        "datetime": "2022-01-20T19:42:06Z",
        "uri": "https://web.archive.org/web/20220120194206/http://ukdogowner.co.uk/dog-breeds/Akita"
      },
      {
        "datetime": "2022-01-22T10:57:40Z",
        "uri": "https://web.archive.org/web/20220122105740/https://ukdogowner.co.uk/dog-breeds/Akita"
      },
      {
        "datetime": "2022-01-22T10:57:42Z",
        "uri": "https://web.archive.org/web/20220122105742/https://ukdogowner.co.uk/dog-breeds/Akita/"
      },
      {
        "datetime": "2022-01-22T10:57:45Z",
        "uri": "https://web.archive.org/web/20220122105745/https://ukdogowner.co.uk/dog-breeds/Akita/"
      },
      {
        "datetime": "2022-01-29T06:11:16Z",
        "uri": "https://web.archive.org/web/20220129061116/https://ukdogowner.co.uk/dog-breeds/Akita"
      },
      {
        "datetime": "2022-01-29T06:11:17Z",
        "uri": "https://web.archive.org/web/20220129061117/https://ukdogowner.co.uk/dog-breeds/Akita/"
      },
      {
        "datetime": "2022-01-29T06:11:19Z",
        "uri": "https://web.archive.org/web/20220129061119/https://ukdogowner.co.uk/dog-breeds/Akita/"
      },
      {
        "datetime": "2022-01-29T06:11:21Z",
        "uri": "https://web.archive.org/web/20220129061121/https://ukdogowner.co.uk/dog-breeds/Akita/"
      },
      {
        "datetime": "2022-01-31T23:59:02Z",
        "uri": "https://web.archive.org/web/20220131235902/https://ukdogowner.co.uk/dog-breeds/Akita"
      },
      {
        "datetime": "2022-01-31T23:59:03Z",
        "uri": "https://web.archive.org/web/20220131235903/https://ukdogowner.co.uk/dog-breeds/Akita/"
      },
      {
        "datetime": "2022-01-31T23:59:05Z",
        "uri": "https://web.archive.org/web/20220131235905/https://ukdogowner.co.uk/dog-breeds/Akita/"
      },
      {
        "datetime": "2022-01-31T23:59:07Z",
        "uri": "https://web.archive.org/web/20220131235907/https://ukdogowner.co.uk/dog-breeds/Akita/"
      },
      {
        "datetime": "2022-01-31T23:59:08Z",
        "uri": "https://web.archive.org/web/20220131235908/https://ukdogowner.co.uk/dog-breeds/Akita/"
      },
      {
        "datetime": "2022-02-26T12:37:48Z",
        "uri": "https://web.archive.org/web/20220226123748/https://ukdogowner.co.uk/dog-breeds/Akita"
      },
      {
        "datetime": "2022-02-26T12:52:51Z",
        "uri": "https://web.archive.org/web/20220226125251/https://ukdogowner.co.uk/dog-breeds/Akita/"
      },
      {
        "datetime": "2022-02-26T12:53:00Z",
        "uri": "https://web.archive.org/web/20220226125300/https://ukdogowner.co.uk/dog-breeds/Akita/"
      },
      {
        "datetime": "2022-02-26T12:53:03Z",
        "uri": "https://web.archive.org/web/20220226125303/https://ukdogowner.co.uk/dog-breeds/Akita/"
      },
      {
        "datetime": "2022-02-26T12:53:13Z",
        "uri": "https://web.archive.org/web/20220226125313/https://ukdogowner.co.uk/dog-breeds/Akita/"
      },
      {
        "datetime": "2022-02-26T12:53:15Z",
        "uri": "https://web.archive.org/web/20220226125315/https://ukdogowner.co.uk/dog-breeds/Akita/"
      },
      {
        "datetime": "2022-03-05T21:30:45Z",
        "uri": "https://web.archive.org/web/20220305213045/https://ukdogowner.co.uk/dog-breeds/Akita"
      },
      {
        "datetime": "2022-03-05T21:30:46Z",
        "uri": "https://web.archive.org/web/20220305213046/https://ukdogowner.co.uk/dog-breeds/Akita/"
      },
      {
        "datetime": "2022-03-05T21:31:09Z",
        "uri": "https://web.archive.org/web/20220305213109/https://ukdogowner.co.uk/dog-breeds/Akita/"
      },
      {
        "datetime": "2022-03-05T21:31:11Z",
        "uri": "https://web.archive.org/web/20220305213111/https://ukdogowner.co.uk/dog-breeds/Akita/"
      },
      {
        "datetime": "2022-03-05T21:31:13Z",
        "uri": "https://web.archive.org/web/20220305213113/https://ukdogowner.co.uk/dog-breeds/Akita/"
      },
      {
        "datetime": "2022-03-05T21:31:15Z",
        "uri": "https://web.archive.org/web/20220305213115/https://ukdogowner.co.uk/dog-breeds/Akita/"
      },
      {
        "datetime": "2022-03-05T21:31:16Z",
        "uri": "https://web.archive.org/web/20220305213116/https://ukdogowner.co.uk/dog-breeds/Akita/"
      },
      {
        "datetime": "2022-03-31T11:48:52Z",
        "uri": "https://web.archive.org/web/20220331114852/https://ukdogowner.co.uk/dog-breeds/Akita"
      },
      {
        "datetime": "2022-03-31T11:48:53Z",
        "uri": "https://web.archive.org/web/20220331114853/https://ukdogowner.co.uk/dog-breeds/Akita/"
      },
      {
        "datetime": "2022-03-31T11:49:03Z",
        "uri": "https://web.archive.org/web/20220331114903/https://ukdogowner.co.uk/dog-breeds/Akita/"
      },
      {
        "datetime": "2022-03-31T11:49:05Z",
        "uri": "https://web.archive.org/web/20220331114905/https://ukdogowner.co.uk/dog-breeds/Akita/"
      },
      {
        "datetime": "2022-03-31T11:49:06Z",
        "uri": "https://web.archive.org/web/20220331114906/https://ukdogowner.co.uk/dog-breeds/Akita/"
      },
      {
        "datetime": "2022-03-31T11:49:08Z",
        "uri": "https://web.archive.org/web/20220331114908/https://ukdogowner.co.uk/dog-breeds/Akita/"
      },
      {
        "datetime": "2022-03-31T11:49:09Z",
        "uri": "https://web.archive.org/web/20220331114909/https://ukdogowner.co.uk/dog-breeds/Akita/"
      },
      {
        "datetime": "2022-03-31T11:49:11Z",
        "uri": "https://web.archive.org/web/20220331114911/https://ukdogowner.co.uk/dog-breeds/Akita/"
      },
      {
        "datetime": "2022-04-26T16:52:19Z",
        "uri": "https://web.archive.org/web/20220426165219/https://ukdogowner.co.uk/dog-breeds/Akita"
      },
      {
        "datetime": "2022-04-26T16:52:29Z",
        "uri": "https://web.archive.org/web/20220426165229/https://ukdogowner.co.uk/dog-breeds/Akita/"
      },
      {
        "datetime": "2022-04-26T16:52:51Z",
        "uri": "https://web.archive.org/web/20220426165251/https://ukdogowner.co.uk/dog-breeds/Akita/"
      },
      {
        "datetime": "2022-04-26T16:52:53Z",
        "uri": "https://web.archive.org/web/20220426165253/https://ukdogowner.co.uk/dog-breeds/Akita/"
      },
      {
        "datetime": "2022-04-26T16:52:56Z",
        "uri": "https://web.archive.org/web/20220426165256/https://ukdogowner.co.uk/dog-breeds/Akita/"
      },
      {
        "datetime": "2022-04-26T16:53:08Z",
        "uri": "https://web.archive.org/web/20220426165308/https://ukdogowner.co.uk/dog-breeds/Akita/"
      },
      {
        "datetime": "2022-04-26T16:53:09Z",
        "uri": "https://web.archive.org/web/20220426165309/https://ukdogowner.co.uk/dog-breeds/Akita/"
      },
      {
        "datetime": "2022-04-26T16:53:11Z",
        "uri": "https://web.archive.org/web/20220426165311/https://ukdogowner.co.uk/dog-breeds/Akita/"
      },
      {
        "datetime": "2022-04-26T16:53:14Z",
        "uri": "https://web.archive.org/web/20220426165314/https://ukdogowner.co.uk/dog-breeds/Akita/"
      }
    ],
    "first": {
      "datetime": "2019-12-14T10:10:56Z",
      "uri": "https://web.archive.org/web/20191214101056/http://ukdogowner.co.uk/dog-breeds/Akita"
    },
    "last": {
      "datetime": "2022-04-26T16:53:14Z",
      "uri": "https://web.archive.org/web/20220426165314/https://ukdogowner.co.uk/dog-breeds/Akita/"
    }
  },
  "timemap_uri": {
    "link_format": "http://localhost:1208/timemap/link/https://ukdogowner.co.uk/dog-breeds/Akita/",
    "json_format": "http://localhost:1208/timemap/json/https://ukdogowner.co.uk/dog-breeds/Akita/",
    "cdxj_format": "http://localhost:1208/timemap/cdxj/https://ukdogowner.co.uk/dog-breeds/Akita/"
  },
  "timegate_uri": "http://localhost:1208/timegate/https://ukdogowner.co.uk/dog-breeds/Akita/"
}
