{
  "original_uri": "https://www.cnn.com/europe/live-news/russia-ukraine-war-news-09-30-22#h_a3425ac7439de6b938b2ad985b82af40",
  "self": "http://localhost:1208/timemap/json/https://www.cnn.com/europe/live-news/russia-ukraine-war-news-09-30-22#h_a3425ac7439de6b938b2ad985b82af40",
  "mementos": {
    "list": [
      {
        "datetime": "2022-09-30T18:19:34Z",
        "uri": "https://web.archive.org/web/20220930181934/https://www.cnn.com/europe/live-news/russia-ukraine-war-news-09-30-22"
      }
    ],
    "first": {
      "datetime": "2022-09-30T18:19:34Z",
      "uri": "https://web.archive.org/web/20220930181934/https://www.cnn.com/europe/live-news/russia-ukraine-war-news-09-30-22"
    },
    "last": {
      "datetime": "2022-09-30T18:19:34Z",
      "uri": "https://web.archive.org/web/20220930181934/https://www.cnn.com/europe/live-news/russia-ukraine-war-news-09-30-22"
    }
  },
  "timemap_uri": {
    "link_format": "http://localhost:1208/timemap/link/https://www.cnn.com/europe/live-news/russia-ukraine-war-news-09-30-22#h_a3425ac7439de6b938b2ad985b82af40",
    "json_format": "http://localhost:1208/timemap/json/https://www.cnn.com/europe/live-news/russia-ukraine-war-news-09-30-22#h_a3425ac7439de6b938b2ad985b82af40",
    "cdxj_format": "http://localhost:1208/timemap/cdxj/https://www.cnn.com/europe/live-news/russia-ukraine-war-news-09-30-22#h_a3425ac7439de6b938b2ad985b82af40"
  },
  "timegate_uri": "http://localhost:1208/timegate/https://www.cnn.com/europe/live-news/russia-ukraine-war-news-09-30-22#h_a3425ac7439de6b938b2ad985b82af40"
}
