{
  "original_uri": "https://www.rferl.org/a/ukraine-supreme-court-judge-russian-citizenship-investigation/32059734.html#0_8_10089_8766_2710_243752826",
  "self": "http://localhost:1208/timemap/json/https://www.rferl.org/a/ukraine-supreme-court-judge-russian-citizenship-investigation/32059734.html#0_8_10089_8766_2710_243752826",
  "mementos": {
    "list": [
      {
        "datetime": "2022-10-01T01:25:42Z",
        "uri": "https://wayback.archive-it.org/all/20221001012542/https://www.rferl.org/a/ukraine-supreme-court-judge-russian-citizenship-investigation/32059734.html"
      }
    ],
    "first": {
      "datetime": "2022-10-01T01:25:42Z",
      "uri": "https://wayback.archive-it.org/all/20221001012542/https://www.rferl.org/a/ukraine-supreme-court-judge-russian-citizenship-investigation/32059734.html"
    },
    "last": {
      "datetime": "2022-10-01T01:25:42Z",
      "uri": "https://wayback.archive-it.org/all/20221001012542/https://www.rferl.org/a/ukraine-supreme-court-judge-russian-citizenship-investigation/32059734.html"
    }
  },
  "timemap_uri": {
    "link_format": "http://localhost:1208/timemap/link/https://www.rferl.org/a/ukraine-supreme-court-judge-russian-citizenship-investigation/32059734.html#0_8_10089_8766_2710_243752826",
    "json_format": "http://localhost:1208/timemap/json/https://www.rferl.org/a/ukraine-supreme-court-judge-russian-citizenship-investigation/32059734.html#0_8_10089_8766_2710_243752826",
    "cdxj_format": "http://localhost:1208/timemap/cdxj/https://www.rferl.org/a/ukraine-supreme-court-judge-russian-citizenship-investigation/32059734.html#0_8_10089_8766_2710_243752826"
  },
  "timegate_uri": "http://localhost:1208/timegate/https://www.rferl.org/a/ukraine-supreme-court-judge-russian-citizenship-investigation/32059734.html#0_8_10089_8766_2710_243752826"
}
