{
  "original_uri": "https://www.theguardian.com/world/2022/sep/30/ukraine-applies-for-nato-membership-after-russia-annexes-territory?CMP=share_btn_tw",
  "self": "http://localhost:1208/timemap/json/https://www.theguardian.com/world/2022/sep/30/ukraine-applies-for-nato-membership-after-russia-annexes-territory?CMP=share_btn_tw",
  "mementos": {
    "list": [
      {
        "datetime": "2022-09-30T17:28:48Z",
        "uri": "http://archive.md/20220930172848/https://www.theguardian.com/world/2022/sep/30/ukraine-applies-for-nato-membership-after-russia-annexes-territory?CMP=share_btn_tw"
      }
    ],
    "first": {
      "datetime": "2022-09-30T17:28:48Z",
      "uri": "http://archive.md/20220930172848/https://www.theguardian.com/world/2022/sep/30/ukraine-applies-for-nato-membership-after-russia-annexes-territory?CMP=share_btn_tw"
    },
    "last": {
      "datetime": "2022-09-30T17:28:48Z",
      "uri": "http://archive.md/20220930172848/https://www.theguardian.com/world/2022/sep/30/ukraine-applies-for-nato-membership-after-russia-annexes-territory?CMP=share_btn_tw"
    }
  },
  "timemap_uri": {
    "link_format": "http://localhost:1208/timemap/link/https://www.theguardian.com/world/2022/sep/30/ukraine-applies-for-nato-membership-after-russia-annexes-territory?CMP=share_btn_tw",
    "json_format": "http://localhost:1208/timemap/json/https://www.theguardian.com/world/2022/sep/30/ukraine-applies-for-nato-membership-after-russia-annexes-territory?CMP=share_btn_tw",
    "cdxj_format": "http://localhost:1208/timemap/cdxj/https://www.theguardian.com/world/2022/sep/30/ukraine-applies-for-nato-membership-after-russia-annexes-territory?CMP=share_btn_tw"
  },
  "timegate_uri": "http://localhost:1208/timegate/https://www.theguardian.com/world/2022/sep/30/ukraine-applies-for-nato-membership-after-russia-annexes-territory?CMP=share_btn_tw"
}
