{
  "original_uri": "https://www.wsj.com/video/this-is-not-a-bluff-putin-threatens-nuclear-response-in-ukraine-war/AA197C32-F882-4E01-B539-5E5BE6A798F8.html",
  "self": "http://localhost:1208/timemap/json/https://www.wsj.com/video/this-is-not-a-bluff-putin-threatens-nuclear-response-in-ukraine-war/AA197C32-F882-4E01-B539-5E5BE6A798F8.html",
  "mementos": {
    "list": [
      {
        "datetime": "2022-09-21T10:09:42Z",
        "uri": "https://web.archive.org/web/20220921100942/https://www.wsj.com/video/this-is-not-a-bluff-putin-threatens-nuclear-response-in-ukraine-war/AA197C32-F882-4E01-B539-5E5BE6A798F8.html"
      },
      {
        "datetime": "2022-09-21T11:47:30Z",
        "uri": "https://web.archive.org/web/20220921114730/https://www.wsj.com/video/this-is-not-a-bluff-putin-threatens-nuclear-response-in-ukraine-war/AA197C32-F882-4E01-B539-5E5BE6A798F8.html"
      },
      {
        "datetime": "2022-09-21T14:55:45Z",
        "uri": "https://web.archive.org/web/20220921145545/https://www.wsj.com/video/this-is-not-a-bluff-putin-threatens-nuclear-response-in-ukraine-war/AA197C32-F882-4E01-B539-5E5BE6A798F8.html"
      },
      {
        "datetime": "2022-09-21T17:04:48Z",
        "uri": "https://web.archive.org/web/20220921170448/https://www.wsj.com/video/this-is-not-a-bluff-putin-threatens-nuclear-response-in-ukraine-war/AA197C32-F882-4E01-B539-5E5BE6A798F8.html"
      },
      {
        "datetime": "2022-09-21T19:29:57Z",
        "uri": "https://web.archive.org/web/20220921192957/https://www.wsj.com/video/this-is-not-a-bluff-putin-threatens-nuclear-response-in-ukraine-war/AA197C32-F882-4E01-B539-5E5BE6A798F8.html"
      },
      {
        "datetime": "2022-09-22T00:06:30Z",
        "uri": "https://web.archive.org/web/20220922000630/https://www.wsj.com/video/this-is-not-a-bluff-putin-threatens-nuclear-response-in-ukraine-war/AA197C32-F882-4E01-B539-5E5BE6A798F8.html"
      },
      {
        "datetime": "2022-09-22T02:25:09Z",
        "uri": "https://web.archive.org/web/20220922022509/https://www.wsj.com/video/this-is-not-a-bluff-putin-threatens-nuclear-response-in-ukraine-war/AA197C32-F882-4E01-B539-5E5BE6A798F8.html"
      },
      {
        "datetime": "2022-09-22T03:04:17Z",
        "uri": "https://web.archive.org/web/20220922030417/https://www.wsj.com/video/this-is-not-a-bluff-putin-threatens-nuclear-response-in-ukraine-war/AA197C32-F882-4E01-B539-5E5BE6A798F8.html"
      },
      {
        "datetime": "2022-09-22T07:10:05Z",
        "uri": "https://web.archive.org/web/20220922071005/https://www.wsj.com/video/this-is-not-a-bluff-putin-threatens-nuclear-response-in-ukraine-war/AA197C32-F882-4E01-B539-5E5BE6A798F8.html"
      },
      {
        "datetime": "2022-09-22T10:18:14Z",
        "uri": "https://web.archive.org/web/20220922101814/http://www.wsj.com/video/this-is-not-a-bluff-putin-threatens-nuclear-response-in-ukraine-war/AA197C32-F882-4E01-B539-5E5BE6A798F8.html"
      },
      {
        "datetime": "2022-09-22T10:45:50Z",
        "uri": "https://web.archive.org/web/20220922104550/https://www.wsj.com/video/this-is-not-a-bluff-putin-threatens-nuclear-response-in-ukraine-war/AA197C32-F882-4E01-B539-5E5BE6A798F8.html"
      },
      {
        "datetime": "2022-09-22T12:01:45Z",
        "uri": "https://web.archive.org/web/20220922120145/http://www.wsj.com/video/this-is-not-a-bluff-putin-threatens-nuclear-response-in-ukraine-war/AA197C32-F882-4E01-B539-5E5BE6A798F8.html"
      },
      {
        "datetime": "2022-09-22T16:32:55Z",
        "uri": "https://wayback.archive-it.org/all/20220922163255/https://www.wsj.com/video/this-is-not-a-bluff-putin-threatens-nuclear-response-in-ukraine-war/AA197C32-F882-4E01-B539-5E5BE6A798F8.html"
      },
      {
        "datetime": "2022-09-22T16:32:55Z",
        "uri": "https://web.archive.org/web/20220922163255/https://www.wsj.com/video/this-is-not-a-bluff-putin-threatens-nuclear-response-in-ukraine-war/AA197C32-F882-4E01-B539-5E5BE6A798F8.html"
      },
      {
        "datetime": "2022-09-22T17:29:43Z",
        "uri": "https://web.archive.org/web/20220922172943/https://www.wsj.com/video/this-is-not-a-bluff-putin-threatens-nuclear-response-in-ukraine-war/AA197C32-F882-4E01-B539-5E5BE6A798F8.html"
      },
      {
        "datetime": "2022-09-22T22:29:40Z",
        "uri": "https://web.archive.org/web/20220922222940/https://www.wsj.com/video/this-is-not-a-bluff-putin-threatens-nuclear-response-in-ukraine-war/AA197C32-F882-4E01-B539-5E5BE6A798F8.html"
      },
      {
        "datetime": "2022-09-23T04:00:30Z",
        "uri": "https://web.archive.org/web/20220923040030/https://www.wsj.com/video/this-is-not-a-bluff-putin-threatens-nuclear-response-in-ukraine-war/AA197C32-F882-4E01-B539-5E5BE6A798F8.html"
      },
      {
        "datetime": "2022-09-23T05:16:17Z",
        "uri": "https://web.archive.org/web/20220923051617/https://www.wsj.com/video/this-is-not-a-bluff-putin-threatens-nuclear-response-in-ukraine-war/AA197C32-F882-4E01-B539-5E5BE6A798F8.html"
      },
      {
        "datetime": "2022-09-23T10:10:00Z",
        "uri": "https://web.archive.org/web/20220923101000/https://www.wsj.com/video/this-is-not-a-bluff-putin-threatens-nuclear-response-in-ukraine-war/AA197C32-F882-4E01-B539-5E5BE6A798F8.html"
      },
      {
        "datetime": "2022-09-23T12:08:40Z",
        "uri": "https://web.archive.org/web/20220923120840/https://www.wsj.com/video/this-is-not-a-bluff-putin-threatens-nuclear-response-in-ukraine-war/AA197C32-F882-4E01-B539-5E5BE6A798F8.html"
      },
      {
        "datetime": "2022-09-24T10:04:46Z",
        "uri": "https://web.archive.org/web/20220924100446/https://www.wsj.com/video/this-is-not-a-bluff-putin-threatens-nuclear-response-in-ukraine-war/AA197C32-F882-4E01-B539-5E5BE6A798F8.html"
      },
      {
        "datetime": "2022-09-24T12:26:33Z",
        "uri": "https://web.archive.org/web/20220924122633/https://www.wsj.com/video/this-is-not-a-bluff-putin-threatens-nuclear-response-in-ukraine-war/AA197C32-F882-4E01-B539-5E5BE6A798F8.html"
      },
      {
        "datetime": "2022-09-24T20:17:57Z",
        "uri": "https://web.archive.org/web/20220924201757/https://www.wsj.com/video/this-is-not-a-bluff-putin-threatens-nuclear-response-in-ukraine-war/AA197C32-F882-4E01-B539-5E5BE6A798F8.html"
      },
      {
        "datetime": "2022-09-25T10:40:50Z",
        "uri": "https://web.archive.org/web/20220925104050/https://www.wsj.com/video/this-is-not-a-bluff-putin-threatens-nuclear-response-in-ukraine-war/AA197C32-F882-4E01-B539-5E5BE6A798F8.html"
      },
      {
        "datetime": "2022-09-25T12:43:47Z",
        "uri": "https://web.archive.org/web/20220925124347/https://www.wsj.com/video/this-is-not-a-bluff-putin-threatens-nuclear-response-in-ukraine-war/AA197C32-F882-4E01-B539-5E5BE6A798F8.html"
      },
      {
        "datetime": "2022-09-26T00:23:08Z",
        "uri": "https://web.archive.org/web/20220926002308/https://www.wsj.com/video/this-is-not-a-bluff-putin-threatens-nuclear-response-in-ukraine-war/AA197C32-F882-4E01-B539-5E5BE6A798F8.html"
      },
      {
        "datetime": "2022-09-26T12:29:20Z",
        "uri": "https://web.archive.org/web/20220926122920/https://www.wsj.com/video/this-is-not-a-bluff-putin-threatens-nuclear-response-in-ukraine-war/AA197C32-F882-4E01-B539-5E5BE6A798F8.html"
      },
      {
        "datetime": "2022-09-26T15:47:49Z",
        "uri": "https://web.archive.org/web/20220926154749/https://www.wsj.com/video/this-is-not-a-bluff-putin-threatens-nuclear-response-in-ukraine-war/AA197C32-F882-4E01-B539-5E5BE6A798F8.html"
      },
      {
        "datetime": "2022-09-27T16:43:47Z",
        "uri": "https://web.archive.org/web/20220927164347/https://www.wsj.com/video/this-is-not-a-bluff-putin-threatens-nuclear-response-in-ukraine-war/AA197C32-F882-4E01-B539-5E5BE6A798F8.html"
      },
      {
        "datetime": "2022-09-27T19:42:09Z",
        "uri": "https://web.archive.org/web/20220927194209/https://www.wsj.com/video/this-is-not-a-bluff-putin-threatens-nuclear-response-in-ukraine-war/AA197C32-F882-4E01-B539-5E5BE6A798F8.html"
      },
      {
        "datetime": "2022-09-27T22:59:37Z",
        "uri": "https://web.archive.org/web/20220927225937/https://www.wsj.com/video/this-is-not-a-bluff-putin-threatens-nuclear-response-in-ukraine-war/AA197C32-F882-4E01-B539-5E5BE6A798F8.html"
      }
    ],
    "first": {
      "datetime": "2022-09-21T10:09:42Z",
      "uri": "https://web.archive.org/web/20220921100942/https://www.wsj.com/video/this-is-not-a-bluff-putin-threatens-nuclear-response-in-ukraine-war/AA197C32-F882-4E01-B539-5E5BE6A798F8.html"
    },
    "last": {
      "datetime": "2022-09-27T22:59:37Z",
      "uri": "https://web.archive.org/web/20220927225937/https://www.wsj.com/video/this-is-not-a-bluff-putin-threatens-nuclear-response-in-ukraine-war/AA197C32-F882-4E01-B539-5E5BE6A798F8.html"
    }
  },
  "timemap_uri": {
    "link_format": "http://localhost:1208/timemap/link/https://www.wsj.com/video/this-is-not-a-bluff-putin-threatens-nuclear-response-in-ukraine-war/AA197C32-F882-4E01-B539-5E5BE6A798F8.html",
    "json_format": "http://localhost:1208/timemap/json/https://www.wsj.com/video/this-is-not-a-bluff-putin-threatens-nuclear-response-in-ukraine-war/AA197C32-F882-4E01-B539-5E5BE6A798F8.html",
    "cdxj_format": "http://localhost:1208/timemap/cdxj/https://www.wsj.com/video/this-is-not-a-bluff-putin-threatens-nuclear-response-in-ukraine-war/AA197C32-F882-4E01-B539-5E5BE6A798F8.html"
  },
  "timegate_uri": "http://localhost:1208/timegate/https://www.wsj.com/video/this-is-not-a-bluff-putin-threatens-nuclear-response-in-ukraine-war/AA197C32-F882-4E01-B539-5E5BE6A798F8.html"
}
