{
  "original_uri": "https://theconversation.com/why-its-such-a-big-deal-that-alla-pugacheva-the-tsarina-of-russian-pop-came-out-against-the-war-in-ukraine-191110",
  "self": "http://localhost:1208/timemap/json/https://theconversation.com/why-its-such-a-big-deal-that-alla-pugacheva-the-tsarina-of-russian-pop-came-out-against-the-war-in-ukraine-191110",
  "mementos": {
    "list": [
      {
        "datetime": "2022-09-30T06:03:37Z",
        "uri": "https://web.archive.org.au/awa/20220930060337mp_/https://theconversation.com/why-its-such-a-big-deal-that-alla-pugacheva-the-tsarina-of-russian-pop-came-out-against-the-war-in-ukraine-191110"
      },
      {
        "datetime": "2022-09-30T20:19:36Z",
        "uri": "https://web.archive.org/web/20220930201936/https://theconversation.com/why-its-such-a-big-deal-that-alla-pugacheva-the-tsarina-of-russian-pop-came-out-against-the-war-in-ukraine-191110"
      }
    ],
    "first": {
      "datetime": "2022-09-30T06:03:37Z",
      "uri": "https://web.archive.org.au/awa/20220930060337mp_/https://theconversation.com/why-its-such-a-big-deal-that-alla-pugacheva-the-tsarina-of-russian-pop-came-out-against-the-war-in-ukraine-191110"
    },
    "last": {
      "datetime": "2022-09-30T20:19:36Z",
      "uri": "https://web.archive.org/web/20220930201936/https://theconversation.com/why-its-such-a-big-deal-that-alla-pugacheva-the-tsarina-of-russian-pop-came-out-against-the-war-in-ukraine-191110"
    }
  },
  "timemap_uri": {
    "link_format": "http://localhost:1208/timemap/link/https://theconversation.com/why-its-such-a-big-deal-that-alla-pugacheva-the-tsarina-of-russian-pop-came-out-against-the-war-in-ukraine-191110",
    "json_format": "http://localhost:1208/timemap/json/https://theconversation.com/why-its-such-a-big-deal-that-alla-pugacheva-the-tsarina-of-russian-pop-came-out-against-the-war-in-ukraine-191110",
    "cdxj_format": "http://localhost:1208/timemap/cdxj/https://theconversation.com/why-its-such-a-big-deal-that-alla-pugacheva-the-tsarina-of-russian-pop-came-out-against-the-war-in-ukraine-191110"
  },
  "timegate_uri": "http://localhost:1208/timegate/https://theconversation.com/why-its-such-a-big-deal-that-alla-pugacheva-the-tsarina-of-russian-pop-came-out-against-the-war-in-ukraine-191110"
}
