{
  "original_uri": "https://www.consilium.europa.eu/en/press/press-releases/2022/09/30/statement-by-the-members-of-the-european-council/",
  "self": "http://localhost:1208/timemap/json/https://www.consilium.europa.eu/en/press/press-releases/2022/09/30/statement-by-the-members-of-the-european-council/",
  "mementos": {
    "list": [
      {
        "datetime": "2022-09-30T14:16:51Z",
        "uri": "https://web.archive.org/web/20220930141651/https://www.consilium.europa.eu/en/press/press-releases/2022/09/30/statement-by-the-members-of-the-european-council/"
      },
      {
        "datetime": "2022-09-30T14:32:10Z",
        "uri": "http://archive.md/20220930143210/https://www.consilium.europa.eu/en/press/press-releases/2022/09/30/statement-by-the-members-of-the-european-council/"
      },
      {
        "datetime": "2022-10-01T01:25:36Z",
        "uri": "https://wayback.archive-it.org/all/20221001012536/https://www.consilium.europa.eu/en/press/press-releases/2022/09/30/statement-by-the-members-of-the-european-council/"
      },
      {
        "datetime": "2022-10-01T11:32:16Z",
        "uri": "https://wayback.archive-it.org/all/20221001113216/https://www.consilium.europa.eu/en/press/press-releases/2022/09/30/statement-by-the-members-of-the-european-council/"
      },
      {
        "datetime": "2022-10-01T21:35:05Z",
        "uri": "https://web.archive.org/web/20221001213505/https://www.consilium.europa.eu/en/press/press-releases/2022/09/30/statement-by-the-members-of-the-european-council/"
      }
    ],
    "first": {
      "datetime": "2022-09-30T14:16:51Z",
      "uri": "https://web.archive.org/web/20220930141651/https://www.consilium.europa.eu/en/press/press-releases/2022/09/30/statement-by-the-members-of-the-european-council/"
    },
    "last": {
      "datetime": "2022-10-01T21:35:05Z",
      "uri": "https://web.archive.org/web/20221001213505/https://www.consilium.europa.eu/en/press/press-releases/2022/09/30/statement-by-the-members-of-the-european-council/"
    }
  },
  "timemap_uri": {
    "link_format": "http://localhost:1208/timemap/link/https://www.consilium.europa.eu/en/press/press-releases/2022/09/30/statement-by-the-members-of-the-european-council/",
    "json_format": "http://localhost:1208/timemap/json/https://www.consilium.europa.eu/en/press/press-releases/2022/09/30/statement-by-the-members-of-the-european-council/",
    "cdxj_format": "http://localhost:1208/timemap/cdxj/https://www.consilium.europa.eu/en/press/press-releases/2022/09/30/statement-by-the-members-of-the-european-council/"
  },
  "timegate_uri": "http://localhost:1208/timegate/https://www.consilium.europa.eu/en/press/press-releases/2022/09/30/statement-by-the-members-of-the-european-council/"
}
