{
  "original_uri": "https://wartranslated.com/stop-pouring-urine-out-of-windows-residents-of-the-donbass-are-left-without-running-water/",
  "self": "http://localhost:1208/timemap/json/https://wartranslated.com/stop-pouring-urine-out-of-windows-residents-of-the-donbass-are-left-without-running-water/",
  "mementos": {
    "list": [
      {
        "datetime": "2022-08-17T20:20:19Z",
        "uri": "https://web.archive.org/web/20220817202019/https://wartranslated.com/stop-pouring-urine-out-of-windows-residents-of-the-donbass-are-left-without-running-water/"
      },
      {
        "datetime": "2022-08-17T22:00:06Z",
        "uri": "https://web.archive.org/web/20220817220006/https://wartranslated.com/stop-pouring-urine-out-of-windows-residents-of-the-donbass-are-left-without-running-water/"
      },
      {
        "datetime": "2022-08-28T14:46:45Z",
        "uri": "http://archive.md/20220828144645/https://wartranslated.com/stop-pouring-urine-out-of-windows-residents-of-the-donbass-are-left-without-running-water/"
      },
      {
        "datetime": "2022-09-04T08:40:51Z",
        "uri": "https://web.archive.org/web/20220904084051/https://wartranslated.com/stop-pouring-urine-out-of-windows-residents-of-the-donbass-are-left-without-running-water/"
      },
      {
        "datetime": "2022-09-04T08:40:58Z",
        "uri": "https://web.archive.org/web/20220904084058/https://wartranslated.com/stop-pouring-urine-out-of-windows-residents-of-the-donbass-are-left-without-running-water/"
      }
    ],
    "first": {
      "datetime": "2022-08-17T20:20:19Z",
      "uri": "https://web.archive.org/web/20220817202019/https://wartranslated.com/stop-pouring-urine-out-of-windows-residents-of-the-donbass-are-left-without-running-water/"
    },
    "last": {
      "datetime": "2022-09-04T08:40:58Z",
      "uri": "https://web.archive.org/web/20220904084058/https://wartranslated.com/stop-pouring-urine-out-of-windows-residents-of-the-donbass-are-left-without-running-water/"
    }
  },
  "timemap_uri": {
    "link_format": "http://localhost:1208/timemap/link/https://wartranslated.com/stop-pouring-urine-out-of-windows-residents-of-the-donbass-are-left-without-running-water/",
    "json_format": "http://localhost:1208/timemap/json/https://wartranslated.com/stop-pouring-urine-out-of-windows-residents-of-the-donbass-are-left-without-running-water/",
    "cdxj_format": "http://localhost:1208/timemap/cdxj/https://wartranslated.com/stop-pouring-urine-out-of-windows-residents-of-the-donbass-are-left-without-running-water/"
  },
  "timegate_uri": "http://localhost:1208/timegate/https://wartranslated.com/stop-pouring-urine-out-of-windows-residents-of-the-donbass-are-left-without-running-water/"
}
