{
  "original_uri": "https://www.nytimes.com/live/2022/09/30/world/russia-ukraine-war-news",
  "self": "http://localhost:1208/timemap/json/https://www.nytimes.com/live/2022/09/30/world/russia-ukraine-war-news",
  "mementos": {
    "list": [
      {
        "datetime": "2022-09-30T05:47:41Z",
        "uri": "http://archive.md/20220930054741/https://www.nytimes.com/live/2022/09/30/world/russia-ukraine-war-news"
      },
      {
        "datetime": "2022-09-30T07:50:06Z",
        "uri": "https://web.archive.org/web/20220930075006/https://www.nytimes.com/live/2022/09/30/world/russia-ukraine-war-news"
      },
      {
        "datetime": "2022-09-30T07:58:25Z",
        "uri": "https://wayback.archive-it.org/all/20220930075825/https://www.nytimes.com/live/2022/09/30/world/russia-ukraine-war-news"
      },
      {
        "datetime": "2022-09-30T08:40:12Z",
        "uri": "https://web.archive.org/web/20220930084012/https://www.nytimes.com/live/2022/09/30/world/russia-ukraine-war-news"
      },
      {
        "datetime": "2022-09-30T11:11:51Z",
        "uri": "http://archive.md/20220930111151/https://www.nytimes.com/live/2022/09/30/world/russia-ukraine-war-news"
      },
      {
        "datetime": "2022-09-30T11:24:37Z",
        "uri": "https://web.archive.org/web/20220930112437/https://www.nytimes.com/live/2022/09/30/world/russia-ukraine-war-news"
      },
      {
        "datetime": "2022-09-30T11:57:19Z",
        "uri": "http://archive.md/20220930115719/https://www.nytimes.com/live/2022/09/30/world/russia-ukraine-war-news"
      },
      {
        "datetime": "2022-09-30T12:07:02Z",
        "uri": "http://archive.md/20220930120702/https://www.nytimes.com/live/2022/09/30/world/russia-ukraine-war-news"
      },
      {
        "datetime": "2022-09-30T12:16:37Z",
        "uri": "http://archive.md/20220930121637/https://www.nytimes.com/live/2022/09/30/world/russia-ukraine-war-news"
      },
      {
        "datetime": "2022-09-30T13:01:02Z",
        "uri": "https://web.archive.org/web/20220930130102/https://www.nytimes.com/live/2022/09/30/world/russia-ukraine-war-news"
      },
      {
        "datetime": "2022-09-30T17:50:49Z",
        "uri": "http://archive.md/20220930175049/https://www.nytimes.com/live/2022/09/30/world/russia-ukraine-war-news"
      },
      {
        "datetime": "2022-09-30T19:58:56Z",
        "uri": "https://web.archive.org/web/20220930195856/https://www.nytimes.com/live/2022/09/30/world/russia-ukraine-war-news"
      },
      {
        "datetime": "2022-09-30T21:34:15Z",
        "uri": "http://archive.md/20220930213415/https://www.nytimes.com/live/2022/09/30/world/russia-ukraine-war-news"
      },
      {
        "datetime": "2022-10-01T00:43:24Z",
        "uri": "http://archive.md/20221001004324/https://www.nytimes.com/live/2022/09/30/world/russia-ukraine-war-news"
      },
      {
        "datetime": "2022-10-01T02:58:58Z",
        "uri": "https://web.archive.org/web/20221001025858/https://www.nytimes.com/live/2022/09/30/world/russia-ukraine-war-news"
      },
      {
        "datetime": "2022-10-01T12:38:47Z",
        "uri": "https://web.archive.org/web/20221001123847/https://www.nytimes.com/live/2022/09/30/world/russia-ukraine-war-news"
      }
    ],
    "first": {
      "datetime": "2022-09-30T05:47:41Z",
      "uri": "http://archive.md/20220930054741/https://www.nytimes.com/live/2022/09/30/world/russia-ukraine-war-news"
    },
    "last": {
      "datetime": "2022-10-01T12:38:47Z",
      "uri": "https://web.archive.org/web/20221001123847/https://www.nytimes.com/live/2022/09/30/world/russia-ukraine-war-news"
    }
  },
  "timemap_uri": {
    "link_format": "http://localhost:1208/timemap/link/https://www.nytimes.com/live/2022/09/30/world/russia-ukraine-war-news",
    "json_format": "http://localhost:1208/timemap/json/https://www.nytimes.com/live/2022/09/30/world/russia-ukraine-war-news",
    "cdxj_format": "http://localhost:1208/timemap/cdxj/https://www.nytimes.com/live/2022/09/30/world/russia-ukraine-war-news"
  },
  "timegate_uri": "http://localhost:1208/timegate/https://www.nytimes.com/live/2022/09/30/world/russia-ukraine-war-news"
}
