{
  "original_uri": "https://www.amazon.com/dp/B0846Z3WZH/ref=cm_sw_r_tw_dp_U_x_vKTmEbC8QK0X3",
  "self": "http://localhost:1208/timemap/json/https://www.amazon.com/dp/B0846Z3WZH/ref=cm_sw_r_tw_dp_U_x_vKTmEbC8QK0X3",
  "mementos": {
    "list": [
      {
        "datetime": "2020-11-02T00:51:44Z",
        "uri": "https://web.archive.org/web/20201102005144/https://amazon.com/dp/B0846Z3WZH/ref=cm_sw_r_tw_dp_U_x_vKTmEbC8QK0X3"
      },
      {
        "datetime": "2020-11-02T11:15:24Z",
        "uri": "https://web.archive.org/web/20201102111524/https://www.amazon.com/dp/B0846Z3WZH/ref=cm_sw_r_tw_dp_U_x_vKTmEbC8QK0X3"
      },
      {
        "datetime": "2020-11-02T11:15:24Z",
        "uri": "https://web.archive.org/web/20201102111524/https://amazon.com/dp/B0846Z3WZH/ref=cm_sw_r_tw_dp_U_x_vKTmEbC8QK0X3"
      },
      {
        "datetime": "2022-01-11T06:58:20Z",
        "uri": "https://web.archive.org/web/20220111065820/https://amazon.com/dp/B0846Z3WZH/ref=cm_sw_r_tw_dp_U_x_vKTmEbC8QK0X3"
      },
      {
        "datetime": "2022-01-11T06:58:30Z",
        "uri": "https://web.archive.org/web/20220111065830/https://www.amazon.com/dp/B0846Z3WZH/ref=cm_sw_r_tw_dp_U_x_vKTmEbC8QK0X3"
      }
    ],
    "first": {
      "datetime": "2020-11-02T00:51:44Z",
      "uri": "https://web.archive.org/web/20201102005144/https://amazon.com/dp/B0846Z3WZH/ref=cm_sw_r_tw_dp_U_x_vKTmEbC8QK0X3"
    },
    "last": {
      "datetime": "2022-01-11T06:58:30Z",
      "uri": "https://web.archive.org/web/20220111065830/https://www.amazon.com/dp/B0846Z3WZH/ref=cm_sw_r_tw_dp_U_x_vKTmEbC8QK0X3"
    }
  },
  "timemap_uri": {
    "link_format": "http://localhost:1208/timemap/link/https://www.amazon.com/dp/B0846Z3WZH/ref=cm_sw_r_tw_dp_U_x_vKTmEbC8QK0X3",
    "json_format": "http://localhost:1208/timemap/json/https://www.amazon.com/dp/B0846Z3WZH/ref=cm_sw_r_tw_dp_U_x_vKTmEbC8QK0X3",
    "cdxj_format": "http://localhost:1208/timemap/cdxj/https://www.amazon.com/dp/B0846Z3WZH/ref=cm_sw_r_tw_dp_U_x_vKTmEbC8QK0X3"
  },
  "timegate_uri": "http://localhost:1208/timegate/https://www.amazon.com/dp/B0846Z3WZH/ref=cm_sw_r_tw_dp_U_x_vKTmEbC8QK0X3"
}
