{
  "original_uri": "https://www.thenation.com/article/politics/congress-has-removed-a-ban-on-funding-neo-nazis-from-its-year-end-spending-bill/",
  "self": "http://localhost:1208/timemap/json/https://www.thenation.com/article/politics/congress-has-removed-a-ban-on-funding-neo-nazis-from-its-year-end-spending-bill/",
  "mementos": {
    "list": [
      {
        "datetime": "2022-03-04T17:23:07Z",
        "uri": "http://archive.md/20220304172307/https://www.thenation.com/article/politics/congress-has-removed-a-ban-on-funding-neo-nazis-from-its-year-end-spending-bill/"
      },
      {
        "datetime": "2022-03-04T23:06:39Z",
        "uri": "https://web.archive.org/web/20220304230639/https://www.thenation.com/article/politics/congress-has-removed-a-ban-on-funding-neo-nazis-from-its-year-end-spending-bill/"
      },
      {
        "datetime": "2022-03-05T01:08:25Z",
        "uri": "https://web.archive.org/web/20220305010825/https://www.thenation.com/article/politics/congress-has-removed-a-ban-on-funding-neo-nazis-from-its-year-end-spending-bill/"
      },
      {
        "datetime": "2022-03-05T01:26:33Z",
        "uri": "https://wayback.archive-it.org/all/20220305012633/https://www.thenation.com/article/politics/congress-has-removed-a-ban-on-funding-neo-nazis-from-its-year-end-spending-bill/"
      },
      {
        "datetime": "2022-03-05T01:26:33Z",
        "uri": "https://web.archive.org/web/20220305012633/https://www.thenation.com/article/politics/congress-has-removed-a-ban-on-funding-neo-nazis-from-its-year-end-spending-bill/"
      },
      {
        "datetime": "2022-03-05T03:00:42Z",
        "uri": "https://web.archive.org/web/20220305030042/https://www.thenation.com/article/politics/congress-has-removed-a-ban-on-funding-neo-nazis-from-its-year-end-spending-bill/"
      },
      {
        "datetime": "2022-03-05T04:18:26Z",
        "uri": "https://web.archive.org/web/20220305041826/https://www.thenation.com/article/politics/congress-has-removed-a-ban-on-funding-neo-nazis-from-its-year-end-spending-bill/"
      },
      {
        "datetime": "2022-03-05T07:19:41Z",
        "uri": "https://web.archive.org/web/20220305071941/https://www.thenation.com/article/politics/congress-has-removed-a-ban-on-funding-neo-nazis-from-its-year-end-spending-bill/"
      },
      {
        "datetime": "2022-03-05T10:29:52Z",
        "uri": "https://web.archive.org/web/20220305102952/https://www.thenation.com/article/politics/congress-has-removed-a-ban-on-funding-neo-nazis-from-its-year-end-spending-bill/"
      },
      {
        "datetime": "2022-03-05T12:02:29Z",
        "uri": "https://web.archive.org/web/20220305120229/https://www.thenation.com/article/politics/congress-has-removed-a-ban-on-funding-neo-nazis-from-its-year-end-spending-bill/"
      },
      {
        "datetime": "2022-03-06T02:22:43Z",
        "uri": "https://wayback.archive-it.org/all/20220306022243/https://www.thenation.com/article/politics/congress-has-removed-a-ban-on-funding-neo-nazis-from-its-year-end-spending-bill/"
      },
      {
        "datetime": "2022-03-06T02:22:43Z",
        "uri": "https://web.archive.org/web/20220306022243/https://www.thenation.com/article/politics/congress-has-removed-a-ban-on-funding-neo-nazis-from-its-year-end-spending-bill/"
      },
      {
        "datetime": "2022-03-06T05:14:18Z",
        "uri": "https://web.archive.org/web/20220306051418/https://www.thenation.com/article/politics/congress-has-removed-a-ban-on-funding-neo-nazis-from-its-year-end-spending-bill/"
      },
      {
        "datetime": "2022-03-06T16:39:16Z",
        "uri": "https://web.archive.org/web/20220306163916/https://www.thenation.com/article/politics/congress-has-removed-a-ban-on-funding-neo-nazis-from-its-year-end-spending-bill/"
      },
      {
        "datetime": "2022-03-06T18:17:30Z",
        "uri": "https://web.archive.org/web/20220306181730/https://www.thenation.com/article/politics/congress-has-removed-a-ban-on-funding-neo-nazis-from-its-year-end-spending-bill/"
      },
      {
        "datetime": "2022-03-06T19:21:56Z",
        "uri": "https://web.archive.org/web/20220306192156/https://www.thenation.com/article/politics/congress-has-removed-a-ban-on-funding-neo-nazis-from-its-year-end-spending-bill/"
      },
      {
        "datetime": "2022-03-06T23:01:24Z",
        "uri": "https://wayback.archive-it.org/all/20220306230124/https://www.thenation.com/article/politics/congress-has-removed-a-ban-on-funding-neo-nazis-from-its-year-end-spending-bill/"
      },
      {
        "datetime": "2022-03-06T23:01:24Z",
        "uri": "https://web.archive.org/web/20220306230124/https://www.thenation.com/article/politics/congress-has-removed-a-ban-on-funding-neo-nazis-from-its-year-end-spending-bill/"
      },
      {
        "datetime": "2022-03-07T01:55:39Z",
        "uri": "https://web.archive.org/web/20220307015539/https://www.thenation.com/article/politics/congress-has-removed-a-ban-on-funding-neo-nazis-from-its-year-end-spending-bill/"
      },
      {
        "datetime": "2022-03-07T22:35:09Z",
        "uri": "https://web.archive.org/web/20220307223509/https://www.thenation.com/article/politics/congress-has-removed-a-ban-on-funding-neo-nazis-from-its-year-end-spending-bill/"
      },
      {
        "datetime": "2022-03-07T23:46:26Z",
        "uri": "https://web.archive.org/web/20220307234626/https://www.thenation.com/article/politics/congress-has-removed-a-ban-on-funding-neo-nazis-from-its-year-end-spending-bill/"
      },
      {
        "datetime": "2022-03-08T00:10:01Z",
        "uri": "https://wayback.archive-it.org/all/20220308001001/https://www.thenation.com/article/politics/congress-has-removed-a-ban-on-funding-neo-nazis-from-its-year-end-spending-bill/"
      },
      {
        "datetime": "2022-03-08T00:10:01Z",
        "uri": "https://web.archive.org/web/20220308001001/https://www.thenation.com/article/politics/congress-has-removed-a-ban-on-funding-neo-nazis-from-its-year-end-spending-bill/"
      },
      {
        "datetime": "2022-03-08T07:10:46Z",
        "uri": "http://archive.md/20220308071046/https://www.thenation.com/article/politics/congress-has-removed-a-ban-on-funding-neo-nazis-from-its-year-end-spending-bill/"
      },
      {
        "datetime": "2022-03-08T17:34:32Z",
        "uri": "https://web.archive.org/web/20220308173432/https://www.thenation.com/article/politics/congress-has-removed-a-ban-on-funding-neo-nazis-from-its-year-end-spending-bill/"
      },
      {
        "datetime": "2022-03-08T22:21:53Z",
        "uri": "https://web.archive.org/web/20220308222153/https://www.thenation.com/article/politics/congress-has-removed-a-ban-on-funding-neo-nazis-from-its-year-end-spending-bill/"
      },
      {
        "datetime": "2022-03-08T23:32:26Z",
        "uri": "https://wayback.archive-it.org/all/20220308233226/https://www.thenation.com/article/politics/congress-has-removed-a-ban-on-funding-neo-nazis-from-its-year-end-spending-bill/"
      },
      {
        "datetime": "2022-03-08T23:32:26Z",
        "uri": "https://web.archive.org/web/20220308233226/https://www.thenation.com/article/politics/congress-has-removed-a-ban-on-funding-neo-nazis-from-its-year-end-spending-bill/"
      },
      {
        "datetime": "2022-03-09T16:22:34Z",
        "uri": "https://web.archive.org/web/20220309162234/https://www.thenation.com/article/politics/congress-has-removed-a-ban-on-funding-neo-nazis-from-its-year-end-spending-bill/"
      },
      {
        "datetime": "2022-03-09T16:22:34Z",
        "uri": "https://web.archive.org/web/20220309162234/https://thenation.com/article/politics/congress-has-removed-a-ban-on-funding-neo-nazis-from-its-year-end-spending-bill/"
      },
      {
        "datetime": "2022-03-09T20:39:18Z",
        "uri": "https://web.archive.org/web/20220309203918/https://www.thenation.com/article/politics/congress-has-removed-a-ban-on-funding-neo-nazis-from-its-year-end-spending-bill/"
      },
      {
        "datetime": "2022-03-10T00:39:35Z",
        "uri": "https://wayback.archive-it.org/all/20220310003935/https://www.thenation.com/article/politics/congress-has-removed-a-ban-on-funding-neo-nazis-from-its-year-end-spending-bill/"
      },
      {
        "datetime": "2022-03-10T00:39:35Z",
        "uri": "https://web.archive.org/web/20220310003935/https://www.thenation.com/article/politics/congress-has-removed-a-ban-on-funding-neo-nazis-from-its-year-end-spending-bill/"
      },
      {
        "datetime": "2022-03-10T14:27:14Z",
        "uri": "https://web.archive.org/web/20220310142714/https://www.thenation.com/article/politics/congress-has-removed-a-ban-on-funding-neo-nazis-from-its-year-end-spending-bill/"
      },
      {
        "datetime": "2022-03-10T22:07:43Z",
        "uri": "https://web.archive.org/web/20220310220743/https://www.thenation.com/article/politics/congress-has-removed-a-ban-on-funding-neo-nazis-from-its-year-end-spending-bill/"
      },
      {
        "datetime": "2022-03-10T22:26:25Z",
        "uri": "https://wayback.archive-it.org/all/20220310222625/https://www.thenation.com/article/politics/congress-has-removed-a-ban-on-funding-neo-nazis-from-its-year-end-spending-bill/"
      },
      {
        "datetime": "2022-03-10T22:26:25Z",
        "uri": "https://web.archive.org/web/20220310222625/https://www.thenation.com/article/politics/congress-has-removed-a-ban-on-funding-neo-nazis-from-its-year-end-spending-bill/"
      },
      {
        "datetime": "2022-03-11T00:06:43Z",
        "uri": "https://wayback.archive-it.org/all/20220311000643/https://www.thenation.com/article/politics/congress-has-removed-a-ban-on-funding-neo-nazis-from-its-year-end-spending-bill/"
      },
      {
        "datetime": "2022-03-11T00:06:43Z",
        "uri": "https://web.archive.org/web/20220311000643/https://www.thenation.com/article/politics/congress-has-removed-a-ban-on-funding-neo-nazis-from-its-year-end-spending-bill/"
      },
      {
        "datetime": "2022-03-11T23:20:04Z",
        "uri": "https://web.archive.org/web/20220311232004/https://www.thenation.com/article/politics/congress-has-removed-a-ban-on-funding-neo-nazis-from-its-year-end-spending-bill/"
      },
      {
        "datetime": "2022-03-11T23:25:36Z",
        "uri": "https://web.archive.org/web/20220311232536/https://www.thenation.com/article/politics/congress-has-removed-a-ban-on-funding-neo-nazis-from-its-year-end-spending-bill/"
      },
      {
        "datetime": "2022-03-12T05:23:43Z",
        "uri": "https://wayback.archive-it.org/all/20220312052343/https://www.thenation.com/article/politics/congress-has-removed-a-ban-on-funding-neo-nazis-from-its-year-end-spending-bill/"
      },
      {
        "datetime": "2022-03-12T05:23:43Z",
        "uri": "https://web.archive.org/web/20220312052343/https://www.thenation.com/article/politics/congress-has-removed-a-ban-on-funding-neo-nazis-from-its-year-end-spending-bill/"
      },
      {
        "datetime": "2022-03-12T21:24:20Z",
        "uri": "https://wayback.archive-it.org/all/20220312212420/https://www.thenation.com/article/politics/congress-has-removed-a-ban-on-funding-neo-nazis-from-its-year-end-spending-bill/"
      },
      {
        "datetime": "2022-03-12T21:24:20Z",
        "uri": "https://web.archive.org/web/20220312212420/https://www.thenation.com/article/politics/congress-has-removed-a-ban-on-funding-neo-nazis-from-its-year-end-spending-bill/"
      },
      {
        "datetime": "2022-03-13T00:20:26Z",
        "uri": "https://web.archive.org/web/20220313002026/https://www.thenation.com/article/politics/congress-has-removed-a-ban-on-funding-neo-nazis-from-its-year-end-spending-bill/"
      },
      {
        "datetime": "2022-03-13T03:47:27Z",
        "uri": "https://web.archive.org/web/20220313034727/https://www.thenation.com/article/politics/congress-has-removed-a-ban-on-funding-neo-nazis-from-its-year-end-spending-bill/"
      },
      {
        "datetime": "2022-03-14T01:03:13Z",
        "uri": "https://wayback.archive-it.org/all/20220314010313/https://www.thenation.com/article/politics/congress-has-removed-a-ban-on-funding-neo-nazis-from-its-year-end-spending-bill/"
      },
      {
        "datetime": "2022-03-14T01:03:13Z",
        "uri": "https://web.archive.org/web/20220314010313/https://www.thenation.com/article/politics/congress-has-removed-a-ban-on-funding-neo-nazis-from-its-year-end-spending-bill/"
      },
      {
        "datetime": "2022-03-14T19:47:42Z",
        "uri": "https://web.archive.org/web/20220314194742/https://www.thenation.com/article/politics/congress-has-removed-a-ban-on-funding-neo-nazis-from-its-year-end-spending-bill/"
      },
      {
        "datetime": "2022-03-14T23:41:50Z",
        "uri": "https://wayback.archive-it.org/all/20220314234150/https://www.thenation.com/article/politics/congress-has-removed-a-ban-on-funding-neo-nazis-from-its-year-end-spending-bill/"
      },
      {
        "datetime": "2022-03-14T23:41:50Z",
        "uri": "https://web.archive.org/web/20220314234150/https://www.thenation.com/article/politics/congress-has-removed-a-ban-on-funding-neo-nazis-from-its-year-end-spending-bill/"
      },
      {
        "datetime": "2022-03-15T20:13:36Z",
        "uri": "https://wayback.archive-it.org/all/20220315201336/https://www.thenation.com/article/politics/congress-has-removed-a-ban-on-funding-neo-nazis-from-its-year-end-spending-bill/"
      },
      {
        "datetime": "2022-03-15T20:13:36Z",
        "uri": "https://web.archive.org/web/20220315201336/https://www.thenation.com/article/politics/congress-has-removed-a-ban-on-funding-neo-nazis-from-its-year-end-spending-bill/"
      },
      {
        "datetime": "2022-03-16T08:27:02Z",
        "uri": "https://web.archive.org/web/20220316082702/https://www.thenation.com/article/politics/congress-has-removed-a-ban-on-funding-neo-nazis-from-its-year-end-spending-bill/"
      },
      {
        "datetime": "2022-03-16T09:09:50Z",
        "uri": "https://web.archive.org/web/20220316090950/https://www.thenation.com/article/politics/congress-has-removed-a-ban-on-funding-neo-nazis-from-its-year-end-spending-bill/"
      },
      {
        "datetime": "2022-03-16T17:05:10Z",
        "uri": "https://wayback.archive-it.org/all/20220316170510/https://www.thenation.com/article/politics/congress-has-removed-a-ban-on-funding-neo-nazis-from-its-year-end-spending-bill/"
      },
      {
        "datetime": "2022-03-16T17:05:10Z",
        "uri": "https://web.archive.org/web/20220316170510/https://www.thenation.com/article/politics/congress-has-removed-a-ban-on-funding-neo-nazis-from-its-year-end-spending-bill/"
      },
      {
        "datetime": "2022-03-16T18:09:33Z",
        "uri": "https://web.archive.org/web/20220316180933/https://www.thenation.com/article/politics/congress-has-removed-a-ban-on-funding-neo-nazis-from-its-year-end-spending-bill/"
      },
      {
        "datetime": "2022-03-16T21:26:05Z",
        "uri": "https://wayback.archive-it.org/all/20220316212605/https://www.thenation.com/article/politics/congress-has-removed-a-ban-on-funding-neo-nazis-from-its-year-end-spending-bill/"
      },
      {
        "datetime": "2022-03-16T21:26:05Z",
        "uri": "https://web.archive.org/web/20220316212605/https://www.thenation.com/article/politics/congress-has-removed-a-ban-on-funding-neo-nazis-from-its-year-end-spending-bill/"
      },
      {
        "datetime": "2022-03-17T07:20:24Z",
        "uri": "https://web.archive.org/web/20220317072024/https://www.thenation.com/article/politics/congress-has-removed-a-ban-on-funding-neo-nazis-from-its-year-end-spending-bill/"
      },
      {
        "datetime": "2022-03-17T21:53:49Z",
        "uri": "https://wayback.archive-it.org/all/20220317215349/https://www.thenation.com/article/politics/congress-has-removed-a-ban-on-funding-neo-nazis-from-its-year-end-spending-bill/"
      },
      {
        "datetime": "2022-03-17T21:53:49Z",
        "uri": "https://web.archive.org/web/20220317215349/https://www.thenation.com/article/politics/congress-has-removed-a-ban-on-funding-neo-nazis-from-its-year-end-spending-bill/"
      },
      {
        "datetime": "2022-03-17T23:33:47Z",
        "uri": "https://web.archive.org/web/20220317233347/https://www.thenation.com/article/politics/congress-has-removed-a-ban-on-funding-neo-nazis-from-its-year-end-spending-bill/"
      },
      {
        "datetime": "2022-03-17T23:40:04Z",
        "uri": "https://web.archive.org/web/20220317234004/https://www.thenation.com/article/politics/congress-has-removed-a-ban-on-funding-neo-nazis-from-its-year-end-spending-bill/"
      },
      {
        "datetime": "2022-03-19T00:59:52Z",
        "uri": "https://wayback.archive-it.org/all/20220319005952/https://www.thenation.com/article/politics/congress-has-removed-a-ban-on-funding-neo-nazis-from-its-year-end-spending-bill/"
      },
      {
        "datetime": "2022-03-19T00:59:52Z",
        "uri": "https://web.archive.org/web/20220319005952/https://www.thenation.com/article/politics/congress-has-removed-a-ban-on-funding-neo-nazis-from-its-year-end-spending-bill/"
      },
      {
        "datetime": "2022-03-19T23:31:18Z",
        "uri": "https://web.archive.org/web/20220319233118/https://www.thenation.com/article/politics/congress-has-removed-a-ban-on-funding-neo-nazis-from-its-year-end-spending-bill/"
      },
      {
        "datetime": "2022-03-20T03:42:24Z",
        "uri": "https://wayback.archive-it.org/all/20220320034224/https://www.thenation.com/article/politics/congress-has-removed-a-ban-on-funding-neo-nazis-from-its-year-end-spending-bill/"
      },
      {
        "datetime": "2022-03-20T03:42:24Z",
        "uri": "https://web.archive.org/web/20220320034224/https://www.thenation.com/article/politics/congress-has-removed-a-ban-on-funding-neo-nazis-from-its-year-end-spending-bill/"
      },
      {
        "datetime": "2022-03-20T20:06:47Z",
        "uri": "http://archive.md/20220320200647/https://www.thenation.com/article/politics/congress-has-removed-a-ban-on-funding-neo-nazis-from-its-year-end-spending-bill/"
      },
      {
        "datetime": "2022-03-20T21:15:12Z",
        "uri": "https://wayback.archive-it.org/all/20220320211512/https://www.thenation.com/article/politics/congress-has-removed-a-ban-on-funding-neo-nazis-from-its-year-end-spending-bill/"
      },
      {
        "datetime": "2022-03-20T21:15:12Z",
        "uri": "https://web.archive.org/web/20220320211512/https://www.thenation.com/article/politics/congress-has-removed-a-ban-on-funding-neo-nazis-from-its-year-end-spending-bill/"
      },
      {
        "datetime": "2022-03-21T08:42:56Z",
        "uri": "https://wayback.archive-it.org/all/20220321084256/https://www.thenation.com/article/politics/congress-has-removed-a-ban-on-funding-neo-nazis-from-its-year-end-spending-bill/"
      },
      {
        "datetime": "2022-03-21T08:42:56Z",
        "uri": "https://web.archive.org/web/20220321084256/https://www.thenation.com/article/politics/congress-has-removed-a-ban-on-funding-neo-nazis-from-its-year-end-spending-bill/"
      },
      {
        "datetime": "2022-03-22T21:10:43Z",
        "uri": "https://wayback.archive-it.org/all/20220322211043/https://www.thenation.com/article/politics/congress-has-removed-a-ban-on-funding-neo-nazis-from-its-year-end-spending-bill/"
      },
      {
        "datetime": "2022-03-22T21:10:43Z",
        "uri": "https://web.archive.org/web/20220322211043/https://www.thenation.com/article/politics/congress-has-removed-a-ban-on-funding-neo-nazis-from-its-year-end-spending-bill/"
      },
      {
        "datetime": "2022-03-23T21:49:44Z",
        "uri": "https://wayback.archive-it.org/all/20220323214944/https://www.thenation.com/article/politics/congress-has-removed-a-ban-on-funding-neo-nazis-from-its-year-end-spending-bill/"
      },
      {
        "datetime": "2022-03-23T21:49:44Z",
        "uri": "https://web.archive.org/web/20220323214944/https://www.thenation.com/article/politics/congress-has-removed-a-ban-on-funding-neo-nazis-from-its-year-end-spending-bill/"
      },
      {
        "datetime": "2022-03-24T22:42:46Z",
        "uri": "https://wayback.archive-it.org/all/20220324224246/https://www.thenation.com/article/politics/congress-has-removed-a-ban-on-funding-neo-nazis-from-its-year-end-spending-bill/"
      },
      {
        "datetime": "2022-03-24T22:42:46Z",
        "uri": "https://web.archive.org/web/20220324224246/https://www.thenation.com/article/politics/congress-has-removed-a-ban-on-funding-neo-nazis-from-its-year-end-spending-bill/"
      },
      {
        "datetime": "2022-03-25T14:45:13Z",
        "uri": "https://web.archive.org/web/20220325144513/https://www.thenation.com/article/politics/congress-has-removed-a-ban-on-funding-neo-nazis-from-its-year-end-spending-bill/"
      },
      {
        "datetime": "2022-03-25T22:11:09Z",
        "uri": "https://web.archive.org/web/20220325221109/https://www.thenation.com/article/politics/congress-has-removed-a-ban-on-funding-neo-nazis-from-its-year-end-spending-bill/"
      },
      {
        "datetime": "2022-03-25T22:12:24Z",
        "uri": "https://wayback.archive-it.org/all/20220325221224/https://www.thenation.com/article/politics/congress-has-removed-a-ban-on-funding-neo-nazis-from-its-year-end-spending-bill/"
      },
      {
        "datetime": "2022-03-25T22:12:24Z",
        "uri": "https://web.archive.org/web/20220325221224/https://www.thenation.com/article/politics/congress-has-removed-a-ban-on-funding-neo-nazis-from-its-year-end-spending-bill/"
      },
      {
        "datetime": "2022-03-25T23:14:42Z",
        "uri": "https://web.archive.org/web/20220325231442/https://www.thenation.com/article/politics/congress-has-removed-a-ban-on-funding-neo-nazis-from-its-year-end-spending-bill/"
      },
      {
        "datetime": "2022-03-26T21:14:53Z",
        "uri": "https://wayback.archive-it.org/all/20220326211453/https://www.thenation.com/article/politics/congress-has-removed-a-ban-on-funding-neo-nazis-from-its-year-end-spending-bill/"
      },
      {
        "datetime": "2022-03-26T21:14:53Z",
        "uri": "https://web.archive.org/web/20220326211453/https://www.thenation.com/article/politics/congress-has-removed-a-ban-on-funding-neo-nazis-from-its-year-end-spending-bill/"
      },
      {
        "datetime": "2022-03-27T03:14:25Z",
        "uri": "https://web.archive.org/web/20220327031425/https://www.thenation.com/article/politics/congress-has-removed-a-ban-on-funding-neo-nazis-from-its-year-end-spending-bill/"
      },
      {
        "datetime": "2022-03-27T13:22:05Z",
        "uri": "https://wayback.archive-it.org/all/20220327132205/https://www.thenation.com/article/politics/congress-has-removed-a-ban-on-funding-neo-nazis-from-its-year-end-spending-bill/"
      },
      {
        "datetime": "2022-03-27T13:22:05Z",
        "uri": "https://web.archive.org/web/20220327132205/https://www.thenation.com/article/politics/congress-has-removed-a-ban-on-funding-neo-nazis-from-its-year-end-spending-bill/"
      },
      {
        "datetime": "2022-03-27T16:53:41Z",
        "uri": "https://wayback.archive-it.org/all/20220327165341/https://www.thenation.com/article/politics/congress-has-removed-a-ban-on-funding-neo-nazis-from-its-year-end-spending-bill/"
      },
      {
        "datetime": "2022-03-27T16:53:41Z",
        "uri": "https://web.archive.org/web/20220327165341/https://www.thenation.com/article/politics/congress-has-removed-a-ban-on-funding-neo-nazis-from-its-year-end-spending-bill/"
      },
      {
        "datetime": "2022-03-28T00:18:26Z",
        "uri": "https://wayback.archive-it.org/all/20220328001826/https://www.thenation.com/article/politics/congress-has-removed-a-ban-on-funding-neo-nazis-from-its-year-end-spending-bill/"
      },
      {
        "datetime": "2022-03-28T00:18:26Z",
        "uri": "https://web.archive.org/web/20220328001826/https://www.thenation.com/article/politics/congress-has-removed-a-ban-on-funding-neo-nazis-from-its-year-end-spending-bill/"
      },
      {
        "datetime": "2022-03-28T21:59:33Z",
        "uri": "https://wayback.archive-it.org/all/20220328215933/https://www.thenation.com/article/politics/congress-has-removed-a-ban-on-funding-neo-nazis-from-its-year-end-spending-bill/"
      },
      {
        "datetime": "2022-03-28T21:59:33Z",
        "uri": "https://web.archive.org/web/20220328215933/https://www.thenation.com/article/politics/congress-has-removed-a-ban-on-funding-neo-nazis-from-its-year-end-spending-bill/"
      },
      {
        "datetime": "2022-03-29T10:50:03Z",
        "uri": "https://wayback.archive-it.org/all/20220329105003/https://www.thenation.com/article/politics/congress-has-removed-a-ban-on-funding-neo-nazis-from-its-year-end-spending-bill/"
      },
      {
        "datetime": "2022-03-29T10:50:03Z",
        "uri": "https://web.archive.org/web/20220329105003/https://www.thenation.com/article/politics/congress-has-removed-a-ban-on-funding-neo-nazis-from-its-year-end-spending-bill/"
      },
      {
        "datetime": "2022-03-29T15:05:19Z",
        "uri": "https://web.archive.org/web/20220329150519/https://www.thenation.com/article/politics/congress-has-removed-a-ban-on-funding-neo-nazis-from-its-year-end-spending-bill/"
      },
      {
        "datetime": "2022-03-29T15:05:19Z",
        "uri": "https://web.archive.org/web/20220329150519/https://thenation.com/article/politics/congress-has-removed-a-ban-on-funding-neo-nazis-from-its-year-end-spending-bill/"
      },
      {
        "datetime": "2022-03-29T16:31:11Z",
        "uri": "https://web.archive.org/web/20220329163111/https://www.thenation.com/article/politics/congress-has-removed-a-ban-on-funding-neo-nazis-from-its-year-end-spending-bill/"
      },
      {
        "datetime": "2022-03-29T22:01:31Z",
        "uri": "https://wayback.archive-it.org/all/20220329220131/https://www.thenation.com/article/politics/congress-has-removed-a-ban-on-funding-neo-nazis-from-its-year-end-spending-bill/"
      },
      {
        "datetime": "2022-03-29T22:01:31Z",
        "uri": "https://web.archive.org/web/20220329220131/https://www.thenation.com/article/politics/congress-has-removed-a-ban-on-funding-neo-nazis-from-its-year-end-spending-bill/"
      },
      {
        "datetime": "2022-03-31T02:09:10Z",
        "uri": "http://archive.md/20220331020910/https://www.thenation.com/article/politics/congress-has-removed-a-ban-on-funding-neo-nazis-from-its-year-end-spending-bill/"
      },
      {
        "datetime": "2022-03-31T23:54:36Z",
        "uri": "https://web.archive.org/web/20220331235436/https://www.thenation.com/article/politics/congress-has-removed-a-ban-on-funding-neo-nazis-from-its-year-end-spending-bill/"
      },
      {
        "datetime": "2022-03-31T23:54:39Z",
        "uri": "https://web.archive.org/web/20220331235439/https://www.thenation.com/article/politics/congress-has-removed-a-ban-on-funding-neo-nazis-from-its-year-end-spending-bill/"
      },
      {
        "datetime": "2022-04-01T00:57:46Z",
        "uri": "https://wayback.archive-it.org/all/20220401005746/https://www.thenation.com/article/politics/congress-has-removed-a-ban-on-funding-neo-nazis-from-its-year-end-spending-bill/"
      },
      {
        "datetime": "2022-04-01T00:57:46Z",
        "uri": "https://web.archive.org/web/20220401005746/https://www.thenation.com/article/politics/congress-has-removed-a-ban-on-funding-neo-nazis-from-its-year-end-spending-bill/"
      },
      {
        "datetime": "2022-04-02T20:07:58Z",
        "uri": "https://web.archive.org/web/20220402200758/https://www.thenation.com/article/politics/congress-has-removed-a-ban-on-funding-neo-nazis-from-its-year-end-spending-bill/"
      },
      {
        "datetime": "2022-04-03T12:35:08Z",
        "uri": "https://wayback.archive-it.org/all/20220403123508/https://www.thenation.com/article/politics/congress-has-removed-a-ban-on-funding-neo-nazis-from-its-year-end-spending-bill/"
      },
      {
        "datetime": "2022-04-03T12:35:08Z",
        "uri": "https://web.archive.org/web/20220403123508/https://www.thenation.com/article/politics/congress-has-removed-a-ban-on-funding-neo-nazis-from-its-year-end-spending-bill/"
      },
      {
        "datetime": "2022-04-06T06:31:28Z",
        "uri": "https://web.archive.org/web/20220406063128/https://www.thenation.com/article/politics/congress-has-removed-a-ban-on-funding-neo-nazis-from-its-year-end-spending-bill/"
      },
      {
        "datetime": "2022-04-06T06:31:28Z",
        "uri": "https://web.archive.org/web/20220406063128/https://www.thenation.com/article/politics/congress-has-removed-a-ban-on-funding-neo-nazis-from-its-year-end-spending-bill"
      },
      {
        "datetime": "2022-04-07T01:17:04Z",
        "uri": "https://web.archive.org/web/20220407011704/https://www.thenation.com/article/politics/congress-has-removed-a-ban-on-funding-neo-nazis-from-its-year-end-spending-bill/"
      },
      {
        "datetime": "2022-04-07T20:29:35Z",
        "uri": "https://web.archive.org/web/20220407202935/https://www.thenation.com/article/politics/congress-has-removed-a-ban-on-funding-neo-nazis-from-its-year-end-spending-bill/"
      },
      {
        "datetime": "2022-04-08T03:32:33Z",
        "uri": "https://web.archive.org/web/20220408033233/https://www.thenation.com/article/politics/congress-has-removed-a-ban-on-funding-neo-nazis-from-its-year-end-spending-bill/"
      },
      {
        "datetime": "2022-04-12T01:48:58Z",
        "uri": "https://web.archive.org/web/20220412014858/https://www.thenation.com/article/politics/congress-has-removed-a-ban-on-funding-neo-nazis-from-its-year-end-spending-bill/"
      },
      {
        "datetime": "2022-04-18T13:08:47Z",
        "uri": "https://wayback.archive-it.org/all/20220418130847/https://www.thenation.com/article/politics/congress-has-removed-a-ban-on-funding-neo-nazis-from-its-year-end-spending-bill/"
      },
      {
        "datetime": "2022-04-18T13:08:47Z",
        "uri": "https://web.archive.org/web/20220418130847/https://www.thenation.com/article/politics/congress-has-removed-a-ban-on-funding-neo-nazis-from-its-year-end-spending-bill/"
      },
      {
        "datetime": "2022-04-21T10:56:45Z",
        "uri": "https://wayback.archive-it.org/all/20220421105645/https://www.thenation.com/article/politics/congress-has-removed-a-ban-on-funding-neo-nazis-from-its-year-end-spending-bill/"
      },
      {
        "datetime": "2022-04-21T10:56:45Z",
        "uri": "https://web.archive.org/web/20220421105645/https://www.thenation.com/article/politics/congress-has-removed-a-ban-on-funding-neo-nazis-from-its-year-end-spending-bill/"
      },
      {
        "datetime": "2022-04-25T17:43:35Z",
        "uri": "https://web.archive.org/web/20220425174335/https://www.thenation.com/article/politics/congress-has-removed-a-ban-on-funding-neo-nazis-from-its-year-end-spending-bill/"
      },
      {
        "datetime": "2022-04-29T23:36:06Z",
        "uri": "https://wayback.archive-it.org/all/20220429233606/https://www.thenation.com/article/politics/congress-has-removed-a-ban-on-funding-neo-nazis-from-its-year-end-spending-bill/"
      },
      {
        "datetime": "2022-04-29T23:36:06Z",
        "uri": "https://web.archive.org/web/20220429233606/https://www.thenation.com/article/politics/congress-has-removed-a-ban-on-funding-neo-nazis-from-its-year-end-spending-bill/"
      },
      {
        "datetime": "2022-05-03T22:06:36Z",
        "uri": "https://wayback.archive-it.org/all/20220503220636/https://www.thenation.com/article/politics/congress-has-removed-a-ban-on-funding-neo-nazis-from-its-year-end-spending-bill/"
      },
      {
        "datetime": "2022-05-03T22:06:36Z",
        "uri": "https://web.archive.org/web/20220503220636/https://www.thenation.com/article/politics/congress-has-removed-a-ban-on-funding-neo-nazis-from-its-year-end-spending-bill/"
      },
      {
        "datetime": "2022-05-06T14:29:21Z",
        "uri": "https://web.archive.org/web/20220506142921/https://www.thenation.com/article/politics/congress-has-removed-a-ban-on-funding-neo-nazis-from-its-year-end-spending-bill/"
      },
      {
        "datetime": "2022-05-08T05:09:21Z",
        "uri": "https://web.archive.org/web/20220508050921/https://www.thenation.com/article/politics/congress-has-removed-a-ban-on-funding-neo-nazis-from-its-year-end-spending-bill/"
      },
      {
        "datetime": "2022-05-09T19:11:42Z",
        "uri": "https://web.archive.org/web/20220509191142/https://www.thenation.com/article/politics/congress-has-removed-a-ban-on-funding-neo-nazis-from-its-year-end-spending-bill/"
      },
      {
        "datetime": "2022-05-11T18:13:43Z",
        "uri": "https://web.archive.org/web/20220511181343/http://www.thenation.com/article/politics/congress-has-removed-a-ban-on-funding-neo-nazis-from-its-year-end-spending-bill/"
      },
      {
        "datetime": "2022-05-15T04:23:42Z",
        "uri": "https://wayback.archive-it.org/all/20220515042342/https://www.thenation.com/article/politics/congress-has-removed-a-ban-on-funding-neo-nazis-from-its-year-end-spending-bill/"
      },
      {
        "datetime": "2022-05-15T04:23:42Z",
        "uri": "https://web.archive.org/web/20220515042342/https://www.thenation.com/article/politics/congress-has-removed-a-ban-on-funding-neo-nazis-from-its-year-end-spending-bill/"
      },
      {
        "datetime": "2022-05-16T13:21:01Z",
        "uri": "https://web.archive.org/web/20220516132101/https://www.thenation.com/article/politics/congress-has-removed-a-ban-on-funding-neo-nazis-from-its-year-end-spending-bill/"
      },
      {
        "datetime": "2022-05-17T16:43:57Z",
        "uri": "https://wayback.archive-it.org/all/20220517164357/https://www.thenation.com/article/politics/congress-has-removed-a-ban-on-funding-neo-nazis-from-its-year-end-spending-bill/"
      },
      {
        "datetime": "2022-05-17T16:43:57Z",
        "uri": "https://web.archive.org/web/20220517164357/https://www.thenation.com/article/politics/congress-has-removed-a-ban-on-funding-neo-nazis-from-its-year-end-spending-bill/"
      },
      {
        "datetime": "2022-05-21T12:15:07Z",
        "uri": "https://wayback.archive-it.org/all/20220521121507/https://www.thenation.com/article/politics/congress-has-removed-a-ban-on-funding-neo-nazis-from-its-year-end-spending-bill/"
      },
      {
        "datetime": "2022-05-21T12:15:07Z",
        "uri": "https://web.archive.org/web/20220521121507/https://www.thenation.com/article/politics/congress-has-removed-a-ban-on-funding-neo-nazis-from-its-year-end-spending-bill/"
      },
      {
        "datetime": "2022-05-22T22:21:48Z",
        "uri": "https://wayback.archive-it.org/all/20220522222148/https://www.thenation.com/article/politics/congress-has-removed-a-ban-on-funding-neo-nazis-from-its-year-end-spending-bill/"
      },
      {
        "datetime": "2022-05-22T22:21:48Z",
        "uri": "https://web.archive.org/web/20220522222148/https://www.thenation.com/article/politics/congress-has-removed-a-ban-on-funding-neo-nazis-from-its-year-end-spending-bill/"
      },
      {
        "datetime": "2022-05-24T19:02:11Z",
        "uri": "https://wayback.archive-it.org/all/20220524190211/https://www.thenation.com/article/politics/congress-has-removed-a-ban-on-funding-neo-nazis-from-its-year-end-spending-bill/"
      },
      {
        "datetime": "2022-05-24T19:02:11Z",
        "uri": "https://web.archive.org/web/20220524190211/https://www.thenation.com/article/politics/congress-has-removed-a-ban-on-funding-neo-nazis-from-its-year-end-spending-bill/"
      },
      {
        "datetime": "2022-05-25T23:28:54Z",
        "uri": "https://web.archive.org/web/20220525232854/https://www.thenation.com/article/politics/congress-has-removed-a-ban-on-funding-neo-nazis-from-its-year-end-spending-bill/"
      },
      {
        "datetime": "2022-05-26T19:21:43Z",
        "uri": "https://wayback.archive-it.org/all/20220526192143/https://www.thenation.com/article/politics/congress-has-removed-a-ban-on-funding-neo-nazis-from-its-year-end-spending-bill/"
      },
      {
        "datetime": "2022-05-26T19:21:43Z",
        "uri": "https://web.archive.org/web/20220526192143/https://www.thenation.com/article/politics/congress-has-removed-a-ban-on-funding-neo-nazis-from-its-year-end-spending-bill/"
      },
      {
        "datetime": "2022-05-27T22:25:27Z",
        "uri": "https://wayback.archive-it.org/all/20220527222527/https://www.thenation.com/article/politics/congress-has-removed-a-ban-on-funding-neo-nazis-from-its-year-end-spending-bill/"
      },
      {
        "datetime": "2022-05-27T22:25:27Z",
        "uri": "https://web.archive.org/web/20220527222527/https://www.thenation.com/article/politics/congress-has-removed-a-ban-on-funding-neo-nazis-from-its-year-end-spending-bill/"
      },
      {
        "datetime": "2022-05-28T11:08:18Z",
        "uri": "https://wayback.archive-it.org/all/20220528110818/https://www.thenation.com/article/politics/congress-has-removed-a-ban-on-funding-neo-nazis-from-its-year-end-spending-bill/"
      },
      {
        "datetime": "2022-05-28T11:08:18Z",
        "uri": "https://web.archive.org/web/20220528110818/https://www.thenation.com/article/politics/congress-has-removed-a-ban-on-funding-neo-nazis-from-its-year-end-spending-bill/"
      },
      {
        "datetime": "2022-05-31T16:00:02Z",
        "uri": "https://web.archive.org/web/20220531160002/https://www.thenation.com/article/politics/congress-has-removed-a-ban-on-funding-neo-nazis-from-its-year-end-spending-bill/"
      },
      {
        "datetime": "2022-05-31T18:12:37Z",
        "uri": "https://web.archive.org/web/20220531181237/https://www.thenation.com/article/politics/congress-has-removed-a-ban-on-funding-neo-nazis-from-its-year-end-spending-bill/"
      },
      {
        "datetime": "2022-05-31T19:08:31Z",
        "uri": "https://web.archive.org/web/20220531190831/https://www.thenation.com/article/politics/congress-has-removed-a-ban-on-funding-neo-nazis-from-its-year-end-spending-bill/"
      },
      {
        "datetime": "2022-06-04T08:40:48Z",
        "uri": "https://web.archive.org/web/20220604084048/https://www.thenation.com/article/politics/congress-has-removed-a-ban-on-funding-neo-nazis-from-its-year-end-spending-bill/"
      },
      {
        "datetime": "2022-06-04T19:53:04Z",
        "uri": "https://web.archive.org/web/20220604195304/https://www.thenation.com/article/politics/congress-has-removed-a-ban-on-funding-neo-nazis-from-its-year-end-spending-bill/"
      },
      {
        "datetime": "2022-06-04T20:58:20Z",
        "uri": "https://web.archive.org/web/20220604205820/https://www.thenation.com/article/politics/congress-has-removed-a-ban-on-funding-neo-nazis-from-its-year-end-spending-bill/"
      },
      {
        "datetime": "2022-06-04T23:53:14Z",
        "uri": "https://web.archive.org/web/20220604235314/https://www.thenation.com/article/politics/congress-has-removed-a-ban-on-funding-neo-nazis-from-its-year-end-spending-bill/"
      },
      {
        "datetime": "2022-06-05T15:10:27Z",
        "uri": "https://wayback.archive-it.org/all/20220605151027/https://www.thenation.com/article/politics/congress-has-removed-a-ban-on-funding-neo-nazis-from-its-year-end-spending-bill/"
      },
      {
        "datetime": "2022-06-05T15:10:27Z",
        "uri": "https://web.archive.org/web/20220605151027/https://www.thenation.com/article/politics/congress-has-removed-a-ban-on-funding-neo-nazis-from-its-year-end-spending-bill/"
      },
      {
        "datetime": "2022-06-07T03:20:15Z",
        "uri": "https://web.archive.org/web/20220607032015/http://www.thenation.com/article/politics/congress-has-removed-a-ban-on-funding-neo-nazis-from-its-year-end-spending-bill/"
      },
      {
        "datetime": "2022-06-08T00:53:44Z",
        "uri": "https://web.archive.org/web/20220608005344/https://www.thenation.com/article/politics/congress-has-removed-a-ban-on-funding-neo-nazis-from-its-year-end-spending-bill/"
      },
      {
        "datetime": "2022-06-08T02:24:02Z",
        "uri": "https://wayback.archive-it.org/all/20220608022402/https://www.thenation.com/article/politics/congress-has-removed-a-ban-on-funding-neo-nazis-from-its-year-end-spending-bill/"
      },
      {
        "datetime": "2022-06-08T02:24:02Z",
        "uri": "https://web.archive.org/web/20220608022402/https://www.thenation.com/article/politics/congress-has-removed-a-ban-on-funding-neo-nazis-from-its-year-end-spending-bill/"
      },
      {
        "datetime": "2022-06-11T00:23:10Z",
        "uri": "https://web.archive.org/web/20220611002310/https://www.thenation.com/article/politics/congress-has-removed-a-ban-on-funding-neo-nazis-from-its-year-end-spending-bill/"
      },
      {
        "datetime": "2022-06-12T16:23:13Z",
        "uri": "https://web.archive.org/web/20220612162313/https://www.thenation.com/article/politics/congress-has-removed-a-ban-on-funding-neo-nazis-from-its-year-end-spending-bill/"
      },
      {
        "datetime": "2022-06-16T00:07:26Z",
        "uri": "https://web.archive.org/web/20220616000726/https://www.thenation.com/article/politics/congress-has-removed-a-ban-on-funding-neo-nazis-from-its-year-end-spending-bill/"
      },
      {
        "datetime": "2022-06-21T23:16:30Z",
        "uri": "https://wayback.archive-it.org/all/20220621231630/https://www.thenation.com/article/politics/congress-has-removed-a-ban-on-funding-neo-nazis-from-its-year-end-spending-bill/"
      },
      {
        "datetime": "2022-06-21T23:16:30Z",
        "uri": "https://web.archive.org/web/20220621231630/https://www.thenation.com/article/politics/congress-has-removed-a-ban-on-funding-neo-nazis-from-its-year-end-spending-bill/"
      },
      {
        "datetime": "2022-07-19T11:52:11Z",
        "uri": "https://web.archive.org/web/20220719115211/http://thenation.com/article/politics/congress-has-removed-a-ban-on-funding-neo-nazis-from-its-year-end-spending-bill/"
      },
      {
        "datetime": "2022-08-03T23:54:48Z",
        "uri": "https://web.archive.org/web/20220803235448/https://www.thenation.com/article/politics/congress-has-removed-a-ban-on-funding-neo-nazis-from-its-year-end-spending-bill/"
      },
      {
        "datetime": "2022-08-04T17:42:45Z",
        "uri": "https://web.archive.org/web/20220804174245/https://www.thenation.com/article/politics/congress-has-removed-a-ban-on-funding-neo-nazis-from-its-year-end-spending-bill/"
      },
      {
        "datetime": "2022-08-09T10:32:02Z",
        "uri": "https://web.archive.org/web/20220809103202/https://www.thenation.com/article/politics/congress-has-removed-a-ban-on-funding-neo-nazis-from-its-year-end-spending-bill/"
      },
      {
        "datetime": "2022-08-09T19:44:55Z",
        "uri": "https://web.archive.org/web/20220809194455/https://www.thenation.com/article/politics/congress-has-removed-a-ban-on-funding-neo-nazis-from-its-year-end-spending-bill/"
      },
      {
        "datetime": "2022-08-14T11:51:06Z",
        "uri": "https://web.archive.org/web/20220814115106/http://thenation.com/article/politics/congress-has-removed-a-ban-on-funding-neo-nazis-from-its-year-end-spending-bill"
      },
      {
        "datetime": "2022-08-24T20:41:58Z",
        "uri": "https://web.archive.org/web/20220824204158/https://www.thenation.com/article/politics/congress-has-removed-a-ban-on-funding-neo-nazis-from-its-year-end-spending-bill//"
      },
      {
        "datetime": "2022-09-11T06:14:29Z",
        "uri": "https://web.archive.org/web/20220911061429/https://www.thenation.com/article/politics/congress-has-removed-a-ban-on-funding-neo-nazis-from-its-year-end-spending-bill/"
      },
      {
        "datetime": "2022-09-18T05:04:22Z",
        "uri": "https://wayback.archive-it.org/all/20220918050422/https://www.thenation.com/article/politics/congress-has-removed-a-ban-on-funding-neo-nazis-from-its-year-end-spending-bill/"
      },
      {
        "datetime": "2022-09-18T05:04:22Z",
        "uri": "https://web.archive.org/web/20220918050422/https://www.thenation.com/article/politics/congress-has-removed-a-ban-on-funding-neo-nazis-from-its-year-end-spending-bill/"
      },
      {
        "datetime": "2022-09-19T04:24:22Z",
        "uri": "https://wayback.archive-it.org/all/20220919042422/https://www.thenation.com/article/politics/congress-has-removed-a-ban-on-funding-neo-nazis-from-its-year-end-spending-bill/"
      },
      {
        "datetime": "2022-09-19T04:24:22Z",
        "uri": "https://web.archive.org/web/20220919042422/https://www.thenation.com/article/politics/congress-has-removed-a-ban-on-funding-neo-nazis-from-its-year-end-spending-bill/"
      },
      {
        "datetime": "2022-09-20T03:22:03Z",
        "uri": "https://wayback.archive-it.org/all/20220920032203/https://www.thenation.com/article/politics/congress-has-removed-a-ban-on-funding-neo-nazis-from-its-year-end-spending-bill/"
      },
      {
        "datetime": "2022-09-20T03:22:03Z",
        "uri": "https://web.archive.org/web/20220920032203/https://www.thenation.com/article/politics/congress-has-removed-a-ban-on-funding-neo-nazis-from-its-year-end-spending-bill/"
      },
      {
        "datetime": "2022-09-25T01:41:50Z",
        "uri": "https://wayback.archive-it.org/all/20220925014150/https://www.thenation.com/article/politics/congress-has-removed-a-ban-on-funding-neo-nazis-from-its-year-end-spending-bill/"
      },
      {
        "datetime": "2022-09-25T01:41:50Z",
        "uri": "https://web.archive.org/web/20220925014150/https://www.thenation.com/article/politics/congress-has-removed-a-ban-on-funding-neo-nazis-from-its-year-end-spending-bill/"
      },
      {
        "datetime": "2022-09-25T23:18:50Z",
        "uri": "https://wayback.archive-it.org/all/20220925231850/https://www.thenation.com/article/politics/congress-has-removed-a-ban-on-funding-neo-nazis-from-its-year-end-spending-bill/"
      },
      {
        "datetime": "2022-09-25T23:18:50Z",
        "uri": "https://web.archive.org/web/20220925231850/https://www.thenation.com/article/politics/congress-has-removed-a-ban-on-funding-neo-nazis-from-its-year-end-spending-bill/"
      },
      {
        "datetime": "2022-09-27T13:22:48Z",
        "uri": "https://web.archive.org/web/20220927132248/https://www.thenation.com/article/politics/congress-has-removed-a-ban-on-funding-neo-nazis-from-its-year-end-spending-bill/"
      }
    ],
    "first": {
      "datetime": "2022-03-04T17:23:07Z",
      "uri": "http://archive.md/20220304172307/https://www.thenation.com/article/politics/congress-has-removed-a-ban-on-funding-neo-nazis-from-its-year-end-spending-bill/"
    },
    "last": {
      "datetime": "2022-09-27T13:22:48Z",
      "uri": "https://web.archive.org/web/20220927132248/https://www.thenation.com/article/politics/congress-has-removed-a-ban-on-funding-neo-nazis-from-its-year-end-spending-bill/"
    }
  },
  "timemap_uri": {
    "link_format": "http://localhost:1208/timemap/link/https://www.thenation.com/article/politics/congress-has-removed-a-ban-on-funding-neo-nazis-from-its-year-end-spending-bill/",
    "json_format": "http://localhost:1208/timemap/json/https://www.thenation.com/article/politics/congress-has-removed-a-ban-on-funding-neo-nazis-from-its-year-end-spending-bill/",
    "cdxj_format": "http://localhost:1208/timemap/cdxj/https://www.thenation.com/article/politics/congress-has-removed-a-ban-on-funding-neo-nazis-from-its-year-end-spending-bill/"
  },
  "timegate_uri": "http://localhost:1208/timegate/https://www.thenation.com/article/politics/congress-has-removed-a-ban-on-funding-neo-nazis-from-its-year-end-spending-bill/"
}
