{
  "original_uri": "https://www.nasa.gov/press-release/nasa-updates-crew-assignments-for-first-starliner-crew-rotation-flight/",
  "self": "http://localhost:1208/timemap/json/https://www.nasa.gov/press-release/nasa-updates-crew-assignments-for-first-starliner-crew-rotation-flight/",
  "mementos": {
    "list": [
      {
        "datetime": "2022-09-30T14:44:39Z",
        "uri": "https://web.archive.org/web/20220930144439/https://www.nasa.gov/press-release/nasa-updates-crew-assignments-for-first-starliner-crew-rotation-flight/"
      },
      {
        "datetime": "2022-09-30T14:44:39Z",
        "uri": "https://web.archive.org/web/20220930144439/https://www.nasa.gov/press-release/nasa-updates-crew-assignments-for-first-starliner-crew-rotation-flight"
      }
    ],
    "first": {
      "datetime": "2022-09-30T14:44:39Z",
      "uri": "https://web.archive.org/web/20220930144439/https://www.nasa.gov/press-release/nasa-updates-crew-assignments-for-first-starliner-crew-rotation-flight/"
    },
    "last": {
      "datetime": "2022-09-30T14:44:39Z",
      "uri": "https://web.archive.org/web/20220930144439/https://www.nasa.gov/press-release/nasa-updates-crew-assignments-for-first-starliner-crew-rotation-flight"
    }
  },
  "timemap_uri": {
    "link_format": "http://localhost:1208/timemap/link/https://www.nasa.gov/press-release/nasa-updates-crew-assignments-for-first-starliner-crew-rotation-flight/",
    "json_format": "http://localhost:1208/timemap/json/https://www.nasa.gov/press-release/nasa-updates-crew-assignments-for-first-starliner-crew-rotation-flight/",
    "cdxj_format": "http://localhost:1208/timemap/cdxj/https://www.nasa.gov/press-release/nasa-updates-crew-assignments-for-first-starliner-crew-rotation-flight/"
  },
  "timegate_uri": "http://localhost:1208/timegate/https://www.nasa.gov/press-release/nasa-updates-crew-assignments-for-first-starliner-crew-rotation-flight/"
}
