{
  "original_uri": "https://apod.nasa.gov/apod/ap220930.html",
  "self": "http://localhost:1208/timemap/json/https://apod.nasa.gov/apod/ap220930.html",
  "mementos": {
    "list": [
      {
        "datetime": "2022-10-01T17:16:21Z",
        "uri": "https://web.archive.org/web/20221001171621/https://apod.nasa.gov/apod/ap220930.html"
      }
    ],
    "first": {
      "datetime": "2022-10-01T17:16:21Z",
      "uri": "https://web.archive.org/web/20221001171621/https://apod.nasa.gov/apod/ap220930.html"
    },
    "last": {
      "datetime": "2022-10-01T17:16:21Z",
      "uri": "https://web.archive.org/web/20221001171621/https://apod.nasa.gov/apod/ap220930.html"
    }
  },
  "timemap_uri": {
    "link_format": "http://localhost:1208/timemap/link/https://apod.nasa.gov/apod/ap220930.html",
    "json_format": "http://localhost:1208/timemap/json/https://apod.nasa.gov/apod/ap220930.html",
    "cdxj_format": "http://localhost:1208/timemap/cdxj/https://apod.nasa.gov/apod/ap220930.html"
  },
  "timegate_uri": "http://localhost:1208/timegate/https://apod.nasa.gov/apod/ap220930.html"
}
