{
  "original_uri": "https://www.zdnet.com/article/nasa-and-spacex-explore-private-mission-to-extend-hubble-telescopes-life-by-decades/#ftag=COS-05-10aaa0j",
  "self": "http://localhost:1208/timemap/json/https://www.zdnet.com/article/nasa-and-spacex-explore-private-mission-to-extend-hubble-telescopes-life-by-decades/#ftag=COS-05-10aaa0j",
  "mementos": {
    "list": [
      {
        "datetime": "2022-09-30T19:44:41Z",
        "uri": "https://web.archive.org/web/20220930194441/https://www.zdnet.com/article/nasa-and-spacex-explore-private-mission-to-extend-hubble-telescopes-life-by-decades/"
      }
    ],
    "first": {
      "datetime": "2022-09-30T19:44:41Z",
      "uri": "https://web.archive.org/web/20220930194441/https://www.zdnet.com/article/nasa-and-spacex-explore-private-mission-to-extend-hubble-telescopes-life-by-decades/"
    },
    "last": {
      "datetime": "2022-09-30T19:44:41Z",
      "uri": "https://web.archive.org/web/20220930194441/https://www.zdnet.com/article/nasa-and-spacex-explore-private-mission-to-extend-hubble-telescopes-life-by-decades/"
    }
  },
  "timemap_uri": {
    "link_format": "http://localhost:1208/timemap/link/https://www.zdnet.com/article/nasa-and-spacex-explore-private-mission-to-extend-hubble-telescopes-life-by-decades/#ftag=COS-05-10aaa0j",
    "json_format": "http://localhost:1208/timemap/json/https://www.zdnet.com/article/nasa-and-spacex-explore-private-mission-to-extend-hubble-telescopes-life-by-decades/#ftag=COS-05-10aaa0j",
    "cdxj_format": "http://localhost:1208/timemap/cdxj/https://www.zdnet.com/article/nasa-and-spacex-explore-private-mission-to-extend-hubble-telescopes-life-by-decades/#ftag=COS-05-10aaa0j"
  },
  "timegate_uri": "http://localhost:1208/timegate/https://www.zdnet.com/article/nasa-and-spacex-explore-private-mission-to-extend-hubble-telescopes-life-by-decades/#ftag=COS-05-10aaa0j"
}
