{
  "original_uri": "https://science.nasa.gov/citizenscience",
  "self": "http://localhost:1208/timemap/json/https://science.nasa.gov/citizenscience",
  "mementos": {
    "list": [
      {
        "datetime": "2019-06-21T17:01:21Z",
        "uri": "https://web.archive.org/web/20190621170121/https://science.nasa.gov/citizenscience"
      },
      {
        "datetime": "2019-06-30T12:56:06Z",
        "uri": "https://web.archive.org/web/20190630125606/https://science.nasa.gov/citizenscience"
      },
      {
        "datetime": "2019-07-17T21:31:12Z",
        "uri": "https://web.archive.org/web/20190717213112/https://science.nasa.gov/citizenscience"
      },
      {
        "datetime": "2019-07-18T19:10:17Z",
        "uri": "https://web.archive.org/web/20190718191017/https://science.nasa.gov/citizenscience"
      },
      {
        "datetime": "2019-07-18T19:10:23Z",
        "uri": "https://web.archive.org/web/20190718191023/https://science.nasa.gov/citizenscience"
      },
      {
        "datetime": "2019-10-02T09:05:01Z",
        "uri": "https://web.archive.org/web/20191002090501/https://science.nasa.gov/citizenscience"
      },
      {
        "datetime": "2019-10-17T19:09:30Z",
        "uri": "https://web.archive.org/web/20191017190930/https://science.nasa.gov/citizenscience"
      },
      {
        "datetime": "2020-02-03T09:27:54Z",
        "uri": "https://web.archive.org/web/20200203092754/https://science.nasa.gov/citizenscience"
      },
      {
        "datetime": "2020-03-04T23:01:49Z",
        "uri": "https://wayback.archive-it.org/all/20200304230149/https://science.nasa.gov/citizenscience"
      },
      {
        "datetime": "2020-03-04T23:01:49Z",
        "uri": "https://web.archive.org/web/20200304230149/https://science.nasa.gov/citizenscience"
      },
      {
        "datetime": "2020-03-26T01:07:37Z",
        "uri": "https://web.archive.org/web/20200326010737/https://science.nasa.gov/citizenscience"
      },
      {
        "datetime": "2020-04-02T02:24:42Z",
        "uri": "https://web.archive.org/web/20200402022442/https://science.nasa.gov/citizenscience"
      },
      {
        "datetime": "2020-04-03T09:18:24Z",
        "uri": "https://wayback.archive-it.org/all/20200403091824/https://science.nasa.gov/citizenscience"
      },
      {
        "datetime": "2020-04-03T09:18:24Z",
        "uri": "https://web.archive.org/web/20200403091824/https://science.nasa.gov/citizenscience"
      },
      {
        "datetime": "2020-04-08T12:24:28Z",
        "uri": "https://web.archive.org/web/20200408122428/https://science.nasa.gov/citizenscience"
      },
      {
        "datetime": "2020-04-16T08:04:23Z",
        "uri": "https://web.archive.org/web/20200416080423/https://science.nasa.gov/citizenscience"
      },
      {
        "datetime": "2020-04-25T15:19:07Z",
        "uri": "https://wayback.archive-it.org/all/20200425151907/https://science.nasa.gov/citizenscience"
      },
      {
        "datetime": "2020-04-25T15:19:07Z",
        "uri": "https://web.archive.org/web/20200425151907/https://science.nasa.gov/citizenscience"
      },
      {
        "datetime": "2020-04-25T15:19:08Z",
        "uri": "https://wayback.archive-it.org/all/20200425151908/https://science.nasa.gov/citizenscience"
      },
      {
        "datetime": "2020-04-25T15:19:08Z",
        "uri": "https://web.archive.org/web/20200425151908/https://science.nasa.gov/citizenscience"
      },
      {
        "datetime": "2020-05-03T03:50:20Z",
        "uri": "https://wayback.archive-it.org/all/20200503035020/https://science.nasa.gov/citizenscience"
      },
      {
        "datetime": "2020-05-03T03:50:20Z",
        "uri": "https://web.archive.org/web/20200503035020/https://science.nasa.gov/citizenscience"
      },
      {
        "datetime": "2020-05-03T23:22:50Z",
        "uri": "https://web.archive.org/web/20200503232250/http://science.nasa.gov/citizenscience"
      },
      {
        "datetime": "2020-05-10T16:38:50Z",
        "uri": "https://web.archive.org/web/20200510163850/https://science.nasa.gov/citizenscience"
      },
      {
        "datetime": "2020-05-27T04:06:51Z",
        "uri": "https://web.archive.org/web/20200527040651/https://science.nasa.gov/citizenscience"
      },
      {
        "datetime": "2020-05-28T16:30:32Z",
        "uri": "https://web.archive.org/web/20200528163032/https://science.nasa.gov/citizenscience"
      },
      {
        "datetime": "2020-06-02T17:39:20Z",
        "uri": "https://wayback.archive-it.org/all/20200602173920/https://science.nasa.gov/citizenscience"
      },
      {
        "datetime": "2020-06-02T17:39:20Z",
        "uri": "https://web.archive.org/web/20200602173920/https://science.nasa.gov/citizenscience"
      },
      {
        "datetime": "2020-06-18T15:12:11Z",
        "uri": "https://web.archive.org/web/20200618151211/https://science.nasa.gov/citizenscience"
      },
      {
        "datetime": "2020-06-22T11:55:08Z",
        "uri": "https://web.archive.org/web/20200622115508/http://science.nasa.gov/citizenscience"
      },
      {
        "datetime": "2020-06-23T15:28:33Z",
        "uri": "https://web.archive.org/web/20200623152833/https://science.nasa.gov/citizenscience"
      },
      {
        "datetime": "2020-06-27T19:15:44Z",
        "uri": "https://web.archive.org/web/20200627191544/https://science.nasa.gov/citizenscience"
      },
      {
        "datetime": "2020-07-08T22:08:36Z",
        "uri": "http://archive.md/20200708220836/https://science.nasa.gov/citizenscience"
      },
      {
        "datetime": "2020-07-08T22:08:36Z",
        "uri": "https://web.archive.org/web/20200708220836/https://science.nasa.gov/citizenscience"
      },
      {
        "datetime": "2020-07-15T22:48:31Z",
        "uri": "https://web.archive.org/web/20200715224831/https://science.nasa.gov/citizenscience"
      },
      {
        "datetime": "2020-07-16T04:45:47Z",
        "uri": "https://web.archive.org/web/20200716044547/https://science.nasa.gov/citizenscience"
      },
      {
        "datetime": "2020-07-17T05:06:09Z",
        "uri": "https://web.archive.org/web/20200717050609/https://science.nasa.gov/citizenscience"
      },
      {
        "datetime": "2020-07-31T10:11:34Z",
        "uri": "https://web.archive.org/web/20200731101134/https://science.nasa.gov/citizenscience"
      },
      {
        "datetime": "2020-08-13T08:05:18Z",
        "uri": "https://web.archive.org/web/20200813080518/https://science.nasa.gov/citizenscience"
      },
      {
        "datetime": "2020-08-19T08:29:55Z",
        "uri": "https://web.archive.org/web/20200819082955/https://science.nasa.gov/citizenscience"
      },
      {
        "datetime": "2020-08-19T08:52:09Z",
        "uri": "https://web.archive.org/web/20200819085209/https://science.nasa.gov/citizenscience"
      },
      {
        "datetime": "2020-08-19T23:58:22Z",
        "uri": "https://web.archive.org/web/20200819235822/https://science.nasa.gov/citizenscience"
      },
      {
        "datetime": "2020-08-30T21:28:17Z",
        "uri": "https://wayback.archive-it.org/all/20200830212817/https://science.nasa.gov/citizenscience"
      },
      {
        "datetime": "2020-08-30T21:28:17Z",
        "uri": "https://web.archive.org/web/20200830212817/https://science.nasa.gov/citizenscience"
      },
      {
        "datetime": "2020-09-02T19:29:46Z",
        "uri": "https://wayback.archive-it.org/all/20200902192946/https://science.nasa.gov/citizenscience"
      },
      {
        "datetime": "2020-09-02T19:29:46Z",
        "uri": "https://web.archive.org/web/20200902192946/https://science.nasa.gov/citizenscience"
      },
      {
        "datetime": "2020-09-04T11:53:56Z",
        "uri": "https://wayback.archive-it.org/all/20200904115356/https://science.nasa.gov/citizenscience"
      },
      {
        "datetime": "2020-09-04T11:53:56Z",
        "uri": "https://web.archive.org/web/20200904115356/https://science.nasa.gov/citizenscience"
      },
      {
        "datetime": "2020-09-06T16:23:12Z",
        "uri": "https://web.archive.org/web/20200906162312/https://science.nasa.gov/citizenscience"
      },
      {
        "datetime": "2020-09-07T00:01:02Z",
        "uri": "https://wayback.archive-it.org/all/20200907000102/https://science.nasa.gov/citizenscience"
      },
      {
        "datetime": "2020-09-07T00:01:02Z",
        "uri": "https://web.archive.org/web/20200907000102/https://science.nasa.gov/citizenscience"
      },
      {
        "datetime": "2020-09-07T15:28:32Z",
        "uri": "https://wayback.archive-it.org/all/20200907152832/https://science.nasa.gov/citizenscience"
      },
      {
        "datetime": "2020-09-07T15:28:32Z",
        "uri": "https://web.archive.org/web/20200907152832/https://science.nasa.gov/citizenscience"
      },
      {
        "datetime": "2020-09-07T20:31:59Z",
        "uri": "https://wayback.archive-it.org/all/20200907203159/https://science.nasa.gov/citizenscience"
      },
      {
        "datetime": "2020-09-07T20:31:59Z",
        "uri": "https://web.archive.org/web/20200907203159/https://science.nasa.gov/citizenscience"
      },
      {
        "datetime": "2020-09-15T17:57:23Z",
        "uri": "https://wayback.archive-it.org/all/20200915175723/https://science.nasa.gov/citizenscience"
      },
      {
        "datetime": "2020-09-15T17:57:23Z",
        "uri": "https://web.archive.org/web/20200915175723/https://science.nasa.gov/citizenscience"
      },
      {
        "datetime": "2020-09-20T16:57:45Z",
        "uri": "https://web.archive.org/web/20200920165745/https://science.nasa.gov/citizenscience"
      },
      {
        "datetime": "2020-09-22T01:57:27Z",
        "uri": "https://web.archive.org/web/20200922015727/https://science.nasa.gov/citizenscience"
      },
      {
        "datetime": "2020-09-26T15:54:19Z",
        "uri": "https://web.archive.org/web/20200926155419/https://science.nasa.gov/citizenscience"
      },
      {
        "datetime": "2020-10-02T22:49:01Z",
        "uri": "https://wayback.archive-it.org/all/20201002224901/https://science.nasa.gov/citizenscience"
      },
      {
        "datetime": "2020-10-02T22:49:01Z",
        "uri": "https://web.archive.org/web/20201002224901/https://science.nasa.gov/citizenscience"
      },
      {
        "datetime": "2020-10-05T12:57:21Z",
        "uri": "https://web.archive.org/web/20201005125721/https://science.nasa.gov/citizenscience"
      },
      {
        "datetime": "2020-10-06T03:41:46Z",
        "uri": "https://web.archive.org/web/20201006034146/https://science.nasa.gov/citizenscience"
      },
      {
        "datetime": "2020-10-09T05:14:49Z",
        "uri": "https://web.archive.org/web/20201009051449/https://science.nasa.gov/citizenscience"
      },
      {
        "datetime": "2020-10-15T23:13:43Z",
        "uri": "https://web.archive.org/web/20201015231343/https://science.nasa.gov/citizenscience"
      },
      {
        "datetime": "2020-10-16T16:17:19Z",
        "uri": "https://web.archive.org/web/20201016161719/https://science.nasa.gov/citizenscience"
      },
      {
        "datetime": "2020-10-18T04:50:42Z",
        "uri": "https://web.archive.org/web/20201018045042/http://science.nasa.gov/citizenscience"
      },
      {
        "datetime": "2020-10-18T13:41:00Z",
        "uri": "https://wayback.archive-it.org/all/20201018134100/https://science.nasa.gov/citizenscience"
      },
      {
        "datetime": "2020-10-18T13:41:00Z",
        "uri": "https://web.archive.org/web/20201018134100/https://science.nasa.gov/citizenscience"
      },
      {
        "datetime": "2020-10-22T01:19:39Z",
        "uri": "https://web.archive.org/web/20201022011939/https://science.nasa.gov/citizenscience"
      },
      {
        "datetime": "2020-10-27T15:48:15Z",
        "uri": "https://web.archive.org/web/20201027154815/https://science.nasa.gov/citizenscience"
      },
      {
        "datetime": "2020-10-27T20:14:28Z",
        "uri": "https://web.archive.org/web/20201027201428/https://science.nasa.gov/citizenscience"
      },
      {
        "datetime": "2020-11-01T08:27:10Z",
        "uri": "https://web.archive.org/web/20201101082710/https://science.nasa.gov/citizenscience"
      },
      {
        "datetime": "2020-11-03T10:30:45Z",
        "uri": "https://wayback.archive-it.org/all/20201103103045/https://science.nasa.gov/citizenscience"
      },
      {
        "datetime": "2020-11-03T10:30:45Z",
        "uri": "https://web.archive.org/web/20201103103045/https://science.nasa.gov/citizenscience"
      },
      {
        "datetime": "2020-11-06T23:26:28Z",
        "uri": "https://web.archive.org/web/20201106232628/https://science.nasa.gov/citizenscience"
      },
      {
        "datetime": "2020-11-08T00:11:39Z",
        "uri": "https://web.archive.org/web/20201108001139/https://science.nasa.gov/citizenscience"
      },
      {
        "datetime": "2020-11-17T09:05:27Z",
        "uri": "https://wayback.archive-it.org/all/20201117090527/https://science.nasa.gov/citizenscience"
      },
      {
        "datetime": "2020-11-17T09:05:27Z",
        "uri": "https://web.archive.org/web/20201117090527/https://science.nasa.gov/citizenscience"
      },
      {
        "datetime": "2020-11-17T19:37:31Z",
        "uri": "https://web.archive.org/web/20201117193731/https://science.nasa.gov/citizenscience"
      },
      {
        "datetime": "2020-11-17T21:29:58Z",
        "uri": "https://web.archive.org/web/20201117212958/https://science.nasa.gov/citizenscience"
      },
      {
        "datetime": "2020-11-17T21:44:12Z",
        "uri": "https://web.archive.org/web/20201117214412/https://science.nasa.gov/citizenscience"
      },
      {
        "datetime": "2020-11-17T22:51:10Z",
        "uri": "https://web.archive.org/web/20201117225110/https://science.nasa.gov/citizenscience"
      },
      {
        "datetime": "2020-11-28T15:08:59Z",
        "uri": "https://web.archive.org/web/20201128150859/https://science.nasa.gov/citizenscience"
      },
      {
        "datetime": "2020-12-03T10:07:05Z",
        "uri": "https://wayback.archive-it.org/all/20201203100705/https://science.nasa.gov/citizenscience"
      },
      {
        "datetime": "2020-12-03T10:07:05Z",
        "uri": "https://web.archive.org/web/20201203100705/https://science.nasa.gov/citizenscience"
      },
      {
        "datetime": "2020-12-03T14:57:18Z",
        "uri": "https://wayback.archive-it.org/all/20201203145718/https://science.nasa.gov/citizenscience"
      },
      {
        "datetime": "2020-12-03T14:57:18Z",
        "uri": "https://web.archive.org/web/20201203145718/https://science.nasa.gov/citizenscience"
      },
      {
        "datetime": "2020-12-18T11:23:38Z",
        "uri": "https://wayback.archive-it.org/all/20201218112338/https://science.nasa.gov/citizenscience"
      },
      {
        "datetime": "2020-12-18T11:23:38Z",
        "uri": "https://web.archive.org/web/20201218112338/https://science.nasa.gov/citizenscience"
      },
      {
        "datetime": "2020-12-18T12:55:17Z",
        "uri": "https://web.archive.org/web/20201218125517/https://science.nasa.gov/citizenscience"
      },
      {
        "datetime": "2020-12-22T16:36:29Z",
        "uri": "https://web.archive.org/web/20201222163629/https://science.nasa.gov/citizenscience"
      },
      {
        "datetime": "2020-12-26T00:39:03Z",
        "uri": "https://web.archive.org/web/20201226003903/https://science.nasa.gov/citizenscience"
      },
      {
        "datetime": "2020-12-30T19:00:30Z",
        "uri": "https://web.archive.org/web/20201230190030/https://science.nasa.gov/citizenscience"
      },
      {
        "datetime": "2020-12-30T19:00:30Z",
        "uri": "https://web.archive.org/web/20201230190030/http://science.nasa.gov/citizenscience"
      },
      {
        "datetime": "2021-01-02T11:25:42Z",
        "uri": "https://web.archive.org/web/20210102112542/https://science.nasa.gov/citizenscience"
      },
      {
        "datetime": "2021-01-02T21:46:47Z",
        "uri": "https://wayback.archive-it.org/all/20210102214647/https://science.nasa.gov/citizenscience"
      },
      {
        "datetime": "2021-01-02T21:46:47Z",
        "uri": "https://web.archive.org/web/20210102214647/https://science.nasa.gov/citizenscience"
      },
      {
        "datetime": "2021-01-05T06:28:41Z",
        "uri": "https://web.archive.org/web/20210105062841/https://science.nasa.gov/citizenscience"
      },
      {
        "datetime": "2021-01-05T06:38:29Z",
        "uri": "https://web.archive.org/web/20210105063829/https://science.nasa.gov/citizenscience"
      },
      {
        "datetime": "2021-01-06T11:19:58Z",
        "uri": "https://wayback.archive-it.org/all/20210106111958/https://science.nasa.gov/citizenscience"
      },
      {
        "datetime": "2021-01-06T11:19:58Z",
        "uri": "https://web.archive.org/web/20210106111958/https://science.nasa.gov/citizenscience"
      },
      {
        "datetime": "2021-01-11T16:56:58Z",
        "uri": "https://web.archive.org/web/20210111165658/https://science.nasa.gov/citizenscience"
      },
      {
        "datetime": "2021-01-17T13:46:05Z",
        "uri": "https://wayback.archive-it.org/all/20210117134605/https://science.nasa.gov/citizenscience"
      },
      {
        "datetime": "2021-01-17T13:46:05Z",
        "uri": "https://web.archive.org/web/20210117134605/https://science.nasa.gov/citizenscience"
      },
      {
        "datetime": "2021-01-18T17:15:30Z",
        "uri": "https://web.archive.org/web/20210118171530/https://science.nasa.gov/citizenscience"
      },
      {
        "datetime": "2021-01-21T00:08:45Z",
        "uri": "https://web.archive.org/web/20210121000845/https://science.nasa.gov/citizenscience"
      },
      {
        "datetime": "2021-01-25T20:59:05Z",
        "uri": "https://web.archive.org/web/20210125205905/https://science.nasa.gov/citizenscience"
      },
      {
        "datetime": "2021-02-02T20:04:36Z",
        "uri": "https://wayback.archive-it.org/all/20210202200436/https://science.nasa.gov/citizenscience"
      },
      {
        "datetime": "2021-02-02T20:04:36Z",
        "uri": "https://web.archive.org/web/20210202200436/https://science.nasa.gov/citizenscience"
      },
      {
        "datetime": "2021-02-05T04:56:41Z",
        "uri": "https://web.archive.org/web/20210205045641/https://science.nasa.gov/citizenscience"
      },
      {
        "datetime": "2021-02-13T15:59:47Z",
        "uri": "https://web.archive.org/web/20210213155947/https://science.nasa.gov/citizenscience"
      },
      {
        "datetime": "2021-02-16T05:38:51Z",
        "uri": "https://wayback.archive-it.org/all/20210216053851/https://science.nasa.gov/citizenscience"
      },
      {
        "datetime": "2021-02-16T05:38:51Z",
        "uri": "https://web.archive.org/web/20210216053851/https://science.nasa.gov/citizenscience"
      },
      {
        "datetime": "2021-02-19T06:18:10Z",
        "uri": "https://web.archive.org/web/20210219061810/http://science.nasa.gov/citizenscience"
      },
      {
        "datetime": "2021-02-19T06:18:11Z",
        "uri": "https://web.archive.org/web/20210219061811/https://science.nasa.gov/citizenscience"
      },
      {
        "datetime": "2021-02-25T16:33:20Z",
        "uri": "https://web.archive.org/web/20210225163320/https://science.nasa.gov/citizenscience"
      },
      {
        "datetime": "2021-02-28T22:18:59Z",
        "uri": "https://web.archive.org/web/20210228221859/https://science.nasa.gov/citizenscience"
      },
      {
        "datetime": "2021-03-02T20:08:11Z",
        "uri": "https://web.archive.org/web/20210302200811/https://science.nasa.gov/citizenscience/"
      },
      {
        "datetime": "2021-03-18T00:09:45Z",
        "uri": "https://web.archive.org/web/20210318000945/https://science.nasa.gov/citizenscience"
      },
      {
        "datetime": "2021-04-12T00:16:42Z",
        "uri": "https://web.archive.org/web/20210412001642/https://science.nasa.gov/citizenscience"
      },
      {
        "datetime": "2021-04-14T07:46:27Z",
        "uri": "https://web.archive.org/web/20210414074627/https://science.nasa.gov/citizenscience"
      },
      {
        "datetime": "2021-04-15T01:05:23Z",
        "uri": "https://webarchive.loc.gov/all/20210415010523/https://science.nasa.gov/citizenscience"
      },
      {
        "datetime": "2021-04-15T10:18:32Z",
        "uri": "https://web.archive.org/web/20210415101832/https://science.nasa.gov/citizenscience"
      },
      {
        "datetime": "2021-04-15T20:57:10Z",
        "uri": "https://web.archive.org/web/20210415205710/https://science.nasa.gov/citizenscience"
      },
      {
        "datetime": "2021-04-16T04:19:38Z",
        "uri": "https://web.archive.org/web/20210416041938/https://science.nasa.gov/citizenscience"
      },
      {
        "datetime": "2021-04-16T20:55:11Z",
        "uri": "https://web.archive.org/web/20210416205511/https://science.nasa.gov/citizenscience"
      },
      {
        "datetime": "2021-04-18T08:06:56Z",
        "uri": "https://web.archive.org/web/20210418080656/https://science.nasa.gov/citizenscience"
      },
      {
        "datetime": "2021-04-22T16:19:26Z",
        "uri": "https://web.archive.org/web/20210422161926/https://science.nasa.gov/citizenscience"
      },
      {
        "datetime": "2021-05-06T16:03:38Z",
        "uri": "https://web.archive.org/web/20210506160338/https://science.nasa.gov/citizenscience/"
      },
      {
        "datetime": "2021-05-11T20:07:29Z",
        "uri": "https://web.archive.org/web/20210511200729/https://science.nasa.gov/citizenscience"
      },
      {
        "datetime": "2021-05-19T15:13:17Z",
        "uri": "https://webarchive.loc.gov/all/20210519151317/https://science.nasa.gov/citizenscience"
      },
      {
        "datetime": "2021-05-30T21:36:41Z",
        "uri": "https://web.archive.org/web/20210530213641/https://science.nasa.gov/citizenscience"
      },
      {
        "datetime": "2021-05-31T01:02:32Z",
        "uri": "https://web.archive.org/web/20210531010232/https://science.nasa.gov/citizenscience"
      },
      {
        "datetime": "2021-06-10T23:52:48Z",
        "uri": "https://web.archive.org/web/20210610235248/https://science.nasa.gov/citizenscience"
      },
      {
        "datetime": "2021-06-11T03:37:13Z",
        "uri": "https://web.archive.org/web/20210611033713/http://science.nasa.gov/citizenscience"
      },
      {
        "datetime": "2021-06-11T15:05:50Z",
        "uri": "https://web.archive.org/web/20210611150550/https://science.nasa.gov/citizenscience"
      },
      {
        "datetime": "2021-06-12T18:21:20Z",
        "uri": "https://webarchive.loc.gov/all/20210612182120/https://science.nasa.gov/citizenscience"
      },
      {
        "datetime": "2021-06-13T12:06:37Z",
        "uri": "https://web.archive.org/web/20210613120637/http://science.nasa.gov/citizenscience"
      },
      {
        "datetime": "2021-06-13T14:08:47Z",
        "uri": "https://web.archive.org/web/20210613140847/http://science.nasa.gov/citizenscience"
      },
      {
        "datetime": "2021-06-14T15:29:37Z",
        "uri": "https://web.archive.org/web/20210614152937/https://science.nasa.gov/citizenscience"
      },
      {
        "datetime": "2021-06-14T15:29:37Z",
        "uri": "https://web.archive.org/web/20210614152937/https://science.nasa.gov/citizenscience"
      },
      {
        "datetime": "2021-06-14T23:39:10Z",
        "uri": "https://web.archive.org/web/20210614233910/https://science.nasa.gov/citizenscience"
      },
      {
        "datetime": "2021-06-16T10:41:37Z",
        "uri": "https://web.archive.org/web/20210616104137/https://science.nasa.gov/citizenscience"
      },
      {
        "datetime": "2021-06-16T13:59:04Z",
        "uri": "https://web.archive.org/web/20210616135904/https://science.nasa.gov/citizenscience"
      },
      {
        "datetime": "2021-06-17T14:47:44Z",
        "uri": "https://web.archive.org/web/20210617144744/https://science.nasa.gov/citizenscience"
      },
      {
        "datetime": "2021-06-18T03:03:24Z",
        "uri": "https://wayback.archive-it.org/all/20210618030324/https://science.nasa.gov/citizenscience"
      },
      {
        "datetime": "2021-06-18T03:03:24Z",
        "uri": "https://web.archive.org/web/20210618030324/https://science.nasa.gov/citizenscience"
      },
      {
        "datetime": "2021-06-18T17:19:57Z",
        "uri": "https://web.archive.org/web/20210618171957/https://science.nasa.gov/citizenscience"
      },
      {
        "datetime": "2021-06-19T02:40:47Z",
        "uri": "https://wayback.archive-it.org/all/20210619024047/https://science.nasa.gov/citizenscience"
      },
      {
        "datetime": "2021-06-19T02:40:47Z",
        "uri": "https://web.archive.org/web/20210619024047/https://science.nasa.gov/citizenscience"
      },
      {
        "datetime": "2021-06-19T12:06:53Z",
        "uri": "https://web.archive.org/web/20210619120653/http://www.science.nasa.gov/citizenscience"
      },
      {
        "datetime": "2021-06-19T17:51:29Z",
        "uri": "https://web.archive.org/web/20210619175129/https://science.nasa.gov/citizenscience"
      },
      {
        "datetime": "2021-06-20T04:17:56Z",
        "uri": "https://wayback.archive-it.org/all/20210620041756/https://science.nasa.gov/citizenscience"
      },
      {
        "datetime": "2021-06-20T04:17:56Z",
        "uri": "https://web.archive.org/web/20210620041756/https://science.nasa.gov/citizenscience"
      },
      {
        "datetime": "2021-06-20T15:52:11Z",
        "uri": "https://web.archive.org/web/20210620155211/https://science.nasa.gov/citizenscience"
      },
      {
        "datetime": "2021-06-21T03:09:10Z",
        "uri": "https://wayback.archive-it.org/all/20210621030910/https://science.nasa.gov/citizenscience"
      },
      {
        "datetime": "2021-06-21T03:09:10Z",
        "uri": "https://web.archive.org/web/20210621030910/https://science.nasa.gov/citizenscience"
      },
      {
        "datetime": "2021-06-21T17:37:54Z",
        "uri": "https://web.archive.org/web/20210621173754/https://science.nasa.gov/citizenscience"
      },
      {
        "datetime": "2021-06-22T17:07:15Z",
        "uri": "https://web.archive.org/web/20210622170715/https://science.nasa.gov/citizenscience"
      },
      {
        "datetime": "2021-06-23T20:16:11Z",
        "uri": "https://web.archive.org/web/20210623201611/https://science.nasa.gov/citizenscience"
      },
      {
        "datetime": "2021-06-24T04:30:40Z",
        "uri": "https://wayback.archive-it.org/all/20210624043040/https://science.nasa.gov/citizenscience"
      },
      {
        "datetime": "2021-06-24T04:30:40Z",
        "uri": "https://web.archive.org/web/20210624043040/https://science.nasa.gov/citizenscience"
      },
      {
        "datetime": "2021-06-24T20:54:24Z",
        "uri": "https://web.archive.org/web/20210624205424/https://science.nasa.gov/citizenscience"
      },
      {
        "datetime": "2021-06-25T10:31:09Z",
        "uri": "https://wayback.archive-it.org/all/20210625103109/https://science.nasa.gov/citizenscience"
      },
      {
        "datetime": "2021-06-25T10:31:09Z",
        "uri": "https://web.archive.org/web/20210625103109/https://science.nasa.gov/citizenscience"
      },
      {
        "datetime": "2021-06-25T16:40:40Z",
        "uri": "https://web.archive.org/web/20210625164040/https://science.nasa.gov/citizenscience"
      },
      {
        "datetime": "2021-06-26T08:03:15Z",
        "uri": "https://wayback.archive-it.org/all/20210626080315/https://science.nasa.gov/citizenscience"
      },
      {
        "datetime": "2021-06-26T08:03:15Z",
        "uri": "https://web.archive.org/web/20210626080315/https://science.nasa.gov/citizenscience"
      },
      {
        "datetime": "2021-06-26T16:47:29Z",
        "uri": "https://web.archive.org/web/20210626164729/https://science.nasa.gov/citizenscience"
      },
      {
        "datetime": "2021-06-27T07:55:58Z",
        "uri": "https://wayback.archive-it.org/all/20210627075558/https://science.nasa.gov/citizenscience"
      },
      {
        "datetime": "2021-06-27T07:55:58Z",
        "uri": "https://web.archive.org/web/20210627075558/https://science.nasa.gov/citizenscience"
      },
      {
        "datetime": "2021-06-27T18:00:49Z",
        "uri": "https://web.archive.org/web/20210627180049/https://science.nasa.gov/citizenscience"
      },
      {
        "datetime": "2021-06-27T19:25:12Z",
        "uri": "https://web.archive.org/web/20210627192512/https://science.nasa.gov/citizenscience"
      },
      {
        "datetime": "2021-06-28T18:29:57Z",
        "uri": "https://web.archive.org/web/20210628182957/https://science.nasa.gov/citizenscience"
      },
      {
        "datetime": "2021-06-29T10:58:05Z",
        "uri": "https://wayback.archive-it.org/all/20210629105805/https://science.nasa.gov/citizenscience"
      },
      {
        "datetime": "2021-06-29T10:58:05Z",
        "uri": "https://web.archive.org/web/20210629105805/https://science.nasa.gov/citizenscience"
      },
      {
        "datetime": "2021-06-29T18:58:21Z",
        "uri": "https://web.archive.org/web/20210629185821/https://science.nasa.gov/citizenscience"
      },
      {
        "datetime": "2021-06-30T10:13:51Z",
        "uri": "https://wayback.archive-it.org/all/20210630101351/https://science.nasa.gov/citizenscience"
      },
      {
        "datetime": "2021-06-30T10:13:51Z",
        "uri": "https://web.archive.org/web/20210630101351/https://science.nasa.gov/citizenscience"
      },
      {
        "datetime": "2021-06-30T18:45:52Z",
        "uri": "https://web.archive.org/web/20210630184552/https://science.nasa.gov/citizenscience"
      },
      {
        "datetime": "2021-07-02T05:20:36Z",
        "uri": "https://web.archive.org/web/20210702052036/https://science.nasa.gov/citizenscience"
      },
      {
        "datetime": "2021-07-03T07:16:46Z",
        "uri": "https://web.archive.org/web/20210703071646/https://science.nasa.gov/citizenscience"
      },
      {
        "datetime": "2021-07-03T15:05:14Z",
        "uri": "https://wayback.archive-it.org/all/20210703150514/https://science.nasa.gov/citizenscience"
      },
      {
        "datetime": "2021-07-03T15:05:14Z",
        "uri": "https://web.archive.org/web/20210703150514/https://science.nasa.gov/citizenscience"
      },
      {
        "datetime": "2021-07-04T00:27:18Z",
        "uri": "https://web.archive.org/web/20210704002718/https://science.nasa.gov/citizenscience"
      },
      {
        "datetime": "2021-07-04T19:10:23Z",
        "uri": "https://web.archive.org/web/20210704191023/https://science.nasa.gov/citizenscience"
      },
      {
        "datetime": "2021-07-05T09:23:37Z",
        "uri": "https://wayback.archive-it.org/all/20210705092337/https://science.nasa.gov/citizenscience"
      },
      {
        "datetime": "2021-07-05T09:23:37Z",
        "uri": "https://web.archive.org/web/20210705092337/https://science.nasa.gov/citizenscience"
      },
      {
        "datetime": "2021-07-06T01:25:21Z",
        "uri": "https://web.archive.org/web/20210706012521/https://science.nasa.gov/citizenscience"
      },
      {
        "datetime": "2021-07-06T23:34:57Z",
        "uri": "https://web.archive.org/web/20210706233457/https://science.nasa.gov/citizenscience"
      },
      {
        "datetime": "2021-07-08T05:05:44Z",
        "uri": "https://web.archive.org/web/20210708050544/https://science.nasa.gov/citizenscience"
      },
      {
        "datetime": "2021-07-09T00:51:31Z",
        "uri": "https://web.archive.org/web/20210709005131/https://science.nasa.gov/citizenscience"
      },
      {
        "datetime": "2021-07-10T00:00:50Z",
        "uri": "https://web.archive.org/web/20210710000050/https://science.nasa.gov/citizenscience"
      },
      {
        "datetime": "2021-07-10T11:16:06Z",
        "uri": "https://wayback.archive-it.org/all/20210710111606/https://science.nasa.gov/citizenscience"
      },
      {
        "datetime": "2021-07-10T11:16:06Z",
        "uri": "https://web.archive.org/web/20210710111606/https://science.nasa.gov/citizenscience"
      },
      {
        "datetime": "2021-07-10T18:55:54Z",
        "uri": "https://web.archive.org/web/20210710185554/https://science.nasa.gov/citizenscience"
      },
      {
        "datetime": "2021-07-11T17:38:29Z",
        "uri": "https://web.archive.org/web/20210711173829/https://science.nasa.gov/citizenscience"
      },
      {
        "datetime": "2021-07-12T08:47:37Z",
        "uri": "https://wayback.archive-it.org/all/20210712084737/https://science.nasa.gov/citizenscience"
      },
      {
        "datetime": "2021-07-12T08:47:37Z",
        "uri": "https://web.archive.org/web/20210712084737/https://science.nasa.gov/citizenscience"
      },
      {
        "datetime": "2021-07-13T03:51:02Z",
        "uri": "https://web.archive.org/web/20210713035102/https://science.nasa.gov/citizenscience"
      },
      {
        "datetime": "2021-07-14T11:38:01Z",
        "uri": "https://wayback.archive-it.org/all/20210714113801/https://science.nasa.gov/citizenscience"
      },
      {
        "datetime": "2021-07-14T11:38:01Z",
        "uri": "https://web.archive.org/web/20210714113801/https://science.nasa.gov/citizenscience"
      },
      {
        "datetime": "2021-07-15T03:02:55Z",
        "uri": "https://web.archive.org/web/20210715030255/https://science.nasa.gov/citizenscience"
      },
      {
        "datetime": "2021-07-15T11:57:51Z",
        "uri": "https://wayback.archive-it.org/all/20210715115751/https://science.nasa.gov/citizenscience"
      },
      {
        "datetime": "2021-07-15T11:57:51Z",
        "uri": "https://web.archive.org/web/20210715115751/https://science.nasa.gov/citizenscience"
      },
      {
        "datetime": "2021-07-17T08:11:56Z",
        "uri": "https://web.archive.org/web/20210717081156/https://science.nasa.gov/citizenscience"
      },
      {
        "datetime": "2021-07-17T15:10:28Z",
        "uri": "https://wayback.archive-it.org/all/20210717151028/https://science.nasa.gov/citizenscience"
      },
      {
        "datetime": "2021-07-17T15:10:28Z",
        "uri": "https://web.archive.org/web/20210717151028/https://science.nasa.gov/citizenscience"
      },
      {
        "datetime": "2021-07-18T04:07:01Z",
        "uri": "https://web.archive.org/web/20210718040701/https://science.nasa.gov/citizenscience"
      },
      {
        "datetime": "2021-07-18T06:37:58Z",
        "uri": "https://wayback.archive-it.org/all/20210718063758/https://science.nasa.gov/citizenscience"
      },
      {
        "datetime": "2021-07-18T06:37:58Z",
        "uri": "https://web.archive.org/web/20210718063758/https://science.nasa.gov/citizenscience"
      },
      {
        "datetime": "2021-07-18T19:56:26Z",
        "uri": "https://web.archive.org/web/20210718195626/https://science.nasa.gov/citizenscience"
      },
      {
        "datetime": "2021-07-19T10:26:34Z",
        "uri": "https://wayback.archive-it.org/all/20210719102634/https://science.nasa.gov/citizenscience"
      },
      {
        "datetime": "2021-07-19T10:26:34Z",
        "uri": "https://web.archive.org/web/20210719102634/https://science.nasa.gov/citizenscience"
      },
      {
        "datetime": "2021-07-19T23:34:46Z",
        "uri": "https://web.archive.org/web/20210719233446/https://science.nasa.gov/citizenscience"
      },
      {
        "datetime": "2021-07-20T07:37:37Z",
        "uri": "https://wayback.archive-it.org/all/20210720073737/https://science.nasa.gov/citizenscience"
      },
      {
        "datetime": "2021-07-20T07:37:37Z",
        "uri": "https://web.archive.org/web/20210720073737/https://science.nasa.gov/citizenscience"
      },
      {
        "datetime": "2021-07-21T03:04:21Z",
        "uri": "https://web.archive.org/web/20210721030421/https://science.nasa.gov/citizenscience"
      },
      {
        "datetime": "2021-07-21T10:00:45Z",
        "uri": "https://wayback.archive-it.org/all/20210721100045/https://science.nasa.gov/citizenscience"
      },
      {
        "datetime": "2021-07-21T10:00:45Z",
        "uri": "https://web.archive.org/web/20210721100045/https://science.nasa.gov/citizenscience"
      },
      {
        "datetime": "2021-07-22T04:42:23Z",
        "uri": "https://web.archive.org/web/20210722044223/https://science.nasa.gov/citizenscience"
      },
      {
        "datetime": "2021-07-22T11:52:15Z",
        "uri": "https://wayback.archive-it.org/all/20210722115215/https://science.nasa.gov/citizenscience"
      },
      {
        "datetime": "2021-07-22T11:52:15Z",
        "uri": "https://web.archive.org/web/20210722115215/https://science.nasa.gov/citizenscience"
      },
      {
        "datetime": "2021-07-23T06:04:11Z",
        "uri": "https://web.archive.org/web/20210723060411/https://science.nasa.gov/citizenscience"
      },
      {
        "datetime": "2021-07-23T22:15:34Z",
        "uri": "https://web.archive.org/web/20210723221534/https://science.nasa.gov/citizenscience/"
      },
      {
        "datetime": "2021-07-24T02:50:29Z",
        "uri": "https://web.archive.org/web/20210724025029/https://science.nasa.gov/citizenscience"
      },
      {
        "datetime": "2021-07-24T11:36:25Z",
        "uri": "https://wayback.archive-it.org/all/20210724113625/https://science.nasa.gov/citizenscience"
      },
      {
        "datetime": "2021-07-24T11:36:25Z",
        "uri": "https://web.archive.org/web/20210724113625/https://science.nasa.gov/citizenscience"
      },
      {
        "datetime": "2021-07-25T00:24:56Z",
        "uri": "https://web.archive.org/web/20210725002456/https://science.nasa.gov/citizenscience"
      },
      {
        "datetime": "2021-07-25T09:10:48Z",
        "uri": "https://wayback.archive-it.org/all/20210725091048/https://science.nasa.gov/citizenscience"
      },
      {
        "datetime": "2021-07-25T09:10:48Z",
        "uri": "https://web.archive.org/web/20210725091048/https://science.nasa.gov/citizenscience"
      },
      {
        "datetime": "2021-07-25T21:39:59Z",
        "uri": "https://web.archive.org/web/20210725213959/https://science.nasa.gov/citizenscience"
      },
      {
        "datetime": "2021-07-26T07:33:28Z",
        "uri": "https://wayback.archive-it.org/all/20210726073328/https://science.nasa.gov/citizenscience"
      },
      {
        "datetime": "2021-07-26T07:33:28Z",
        "uri": "https://web.archive.org/web/20210726073328/https://science.nasa.gov/citizenscience"
      },
      {
        "datetime": "2021-07-27T04:59:39Z",
        "uri": "https://web.archive.org/web/20210727045939/https://science.nasa.gov/citizenscience"
      },
      {
        "datetime": "2021-07-28T03:56:26Z",
        "uri": "https://web.archive.org/web/20210728035626/https://science.nasa.gov/citizenscience"
      },
      {
        "datetime": "2021-07-29T05:20:29Z",
        "uri": "https://web.archive.org/web/20210729052029/https://science.nasa.gov/citizenscience"
      },
      {
        "datetime": "2021-07-29T07:07:01Z",
        "uri": "https://web.archive.org/web/20210729070701/https://science.nasa.gov/citizenscience"
      },
      {
        "datetime": "2021-07-29T07:30:56Z",
        "uri": "https://wayback.archive-it.org/all/20210729073056/https://science.nasa.gov/citizenscience"
      },
      {
        "datetime": "2021-07-29T07:30:56Z",
        "uri": "https://web.archive.org/web/20210729073056/https://science.nasa.gov/citizenscience"
      },
      {
        "datetime": "2021-07-31T04:56:31Z",
        "uri": "https://web.archive.org/web/20210731045631/https://science.nasa.gov/citizenscience"
      },
      {
        "datetime": "2021-08-01T01:55:06Z",
        "uri": "https://web.archive.org/web/20210801015506/https://science.nasa.gov/citizenscience"
      },
      {
        "datetime": "2021-08-01T09:01:43Z",
        "uri": "https://wayback.archive-it.org/all/20210801090143/https://science.nasa.gov/citizenscience"
      },
      {
        "datetime": "2021-08-01T09:01:43Z",
        "uri": "https://web.archive.org/web/20210801090143/https://science.nasa.gov/citizenscience"
      },
      {
        "datetime": "2021-08-02T00:11:20Z",
        "uri": "https://web.archive.org/web/20210802001120/https://science.nasa.gov/citizenscience"
      },
      {
        "datetime": "2021-08-02T10:00:54Z",
        "uri": "https://wayback.archive-it.org/all/20210802100054/https://science.nasa.gov/citizenscience"
      },
      {
        "datetime": "2021-08-02T10:00:54Z",
        "uri": "https://web.archive.org/web/20210802100054/https://science.nasa.gov/citizenscience"
      },
      {
        "datetime": "2021-08-02T13:59:06Z",
        "uri": "https://webarchive.loc.gov/all/20210802135906/https://science.nasa.gov/citizenscience"
      },
      {
        "datetime": "2021-08-03T02:45:58Z",
        "uri": "https://webarchive.loc.gov/all/20210803024558/https://science.nasa.gov/citizenscience"
      },
      {
        "datetime": "2021-08-03T07:04:47Z",
        "uri": "https://web.archive.org/web/20210803070447/https://science.nasa.gov/citizenscience"
      },
      {
        "datetime": "2021-08-03T14:10:18Z",
        "uri": "https://webarchive.loc.gov/all/20210803141018/https://science.nasa.gov/citizenscience"
      },
      {
        "datetime": "2021-08-04T02:03:58Z",
        "uri": "https://webarchive.loc.gov/all/20210804020358/https://science.nasa.gov/citizenscience"
      },
      {
        "datetime": "2021-08-04T14:10:59Z",
        "uri": "https://webarchive.loc.gov/all/20210804141059/https://science.nasa.gov/citizenscience"
      },
      {
        "datetime": "2021-08-05T02:19:24Z",
        "uri": "https://webarchive.loc.gov/all/20210805021924/https://science.nasa.gov/citizenscience"
      },
      {
        "datetime": "2021-08-06T06:27:42Z",
        "uri": "https://web.archive.org/web/20210806062742/https://science.nasa.gov/citizenscience"
      },
      {
        "datetime": "2021-08-06T09:06:54Z",
        "uri": "https://wayback.archive-it.org/all/20210806090654/https://science.nasa.gov/citizenscience"
      },
      {
        "datetime": "2021-08-06T09:06:54Z",
        "uri": "https://web.archive.org/web/20210806090654/https://science.nasa.gov/citizenscience"
      },
      {
        "datetime": "2021-08-08T00:56:06Z",
        "uri": "https://web.archive.org/web/20210808005606/https://science.nasa.gov/citizenscience"
      },
      {
        "datetime": "2021-08-08T10:43:12Z",
        "uri": "https://wayback.archive-it.org/all/20210808104312/https://science.nasa.gov/citizenscience"
      },
      {
        "datetime": "2021-08-08T10:43:12Z",
        "uri": "https://web.archive.org/web/20210808104312/https://science.nasa.gov/citizenscience"
      },
      {
        "datetime": "2021-08-09T01:56:26Z",
        "uri": "https://web.archive.org/web/20210809015626/https://science.nasa.gov/citizenscience"
      },
      {
        "datetime": "2021-08-09T11:52:58Z",
        "uri": "https://wayback.archive-it.org/all/20210809115258/https://science.nasa.gov/citizenscience"
      },
      {
        "datetime": "2021-08-09T11:52:58Z",
        "uri": "https://web.archive.org/web/20210809115258/https://science.nasa.gov/citizenscience"
      },
      {
        "datetime": "2021-08-11T23:01:53Z",
        "uri": "https://web.archive.org/web/20210811230153/https://science.nasa.gov/citizenscience"
      },
      {
        "datetime": "2021-08-12T08:03:51Z",
        "uri": "https://web.archive.org/web/20210812080351/https://science.nasa.gov/citizenscience"
      },
      {
        "datetime": "2021-08-13T08:09:38Z",
        "uri": "https://web.archive.org/web/20210813080938/https://science.nasa.gov/citizenscience"
      },
      {
        "datetime": "2021-08-14T08:22:26Z",
        "uri": "https://web.archive.org/web/20210814082226/https://science.nasa.gov/citizenscience"
      },
      {
        "datetime": "2021-08-15T02:00:26Z",
        "uri": "https://web.archive.org/web/20210815020026/https://science.nasa.gov/citizenscience"
      },
      {
        "datetime": "2021-08-16T01:50:17Z",
        "uri": "https://web.archive.org/web/20210816015017/https://science.nasa.gov/citizenscience"
      },
      {
        "datetime": "2021-08-16T01:51:48Z",
        "uri": "https://web.archive.org/web/20210816015148/https://science.nasa.gov/citizenscience"
      },
      {
        "datetime": "2021-08-16T03:58:04Z",
        "uri": "https://web.archive.org/web/20210816035804/https://science.nasa.gov/citizenscience"
      },
      {
        "datetime": "2021-08-25T13:54:07Z",
        "uri": "https://web.archive.org/web/20210825135407/https://science.nasa.gov/citizenscience"
      },
      {
        "datetime": "2021-08-25T19:50:58Z",
        "uri": "https://web.archive.org/web/20210825195058/https://science.nasa.gov/citizenscience"
      },
      {
        "datetime": "2021-08-28T04:34:07Z",
        "uri": "https://web.archive.org/web/20210828043407/https://science.nasa.gov/citizenscience"
      },
      {
        "datetime": "2021-08-28T13:24:27Z",
        "uri": "https://web.archive.org/web/20210828132427/https://science.nasa.gov/citizenscience"
      },
      {
        "datetime": "2021-09-01T04:09:04Z",
        "uri": "https://web.archive.org/web/20210901040904/https://science.nasa.gov/citizenscience"
      },
      {
        "datetime": "2021-09-28T01:09:44Z",
        "uri": "https://web.archive.org/web/20210928010944/https://science.nasa.gov/citizenscience"
      },
      {
        "datetime": "2021-10-06T12:40:27Z",
        "uri": "https://web.archive.org/web/20211006124027/https://science.nasa.gov/citizenscience"
      },
      {
        "datetime": "2021-10-16T00:23:15Z",
        "uri": "https://web.archive.org/web/20211016002315/https://science.nasa.gov/citizenscience"
      },
      {
        "datetime": "2021-10-19T05:10:59Z",
        "uri": "https://web.archive.org/web/20211019051059/https://science.nasa.gov/citizenscience"
      },
      {
        "datetime": "2021-10-19T21:47:04Z",
        "uri": "https://web.archive.org/web/20211019214704/https://science.nasa.gov/citizenscience"
      },
      {
        "datetime": "2021-10-27T11:44:51Z",
        "uri": "https://web.archive.org/web/20211027114451/https://science.nasa.gov/citizenscience"
      },
      {
        "datetime": "2021-11-14T00:51:50Z",
        "uri": "https://web.archive.org/web/20211114005150/https://science.nasa.gov/citizenscience"
      },
      {
        "datetime": "2021-11-15T15:13:02Z",
        "uri": "https://web.archive.org/web/20211115151302/https://science.nasa.gov/citizenscience"
      },
      {
        "datetime": "2021-11-17T16:31:44Z",
        "uri": "https://web.archive.org/web/20211117163144/https://science.nasa.gov/citizenscience"
      },
      {
        "datetime": "2021-11-29T02:20:35Z",
        "uri": "https://web.archive.org/web/20211129022035/https://science.nasa.gov/citizenscience"
      },
      {
        "datetime": "2021-12-01T03:25:29Z",
        "uri": "https://web.archive.org/web/20211201032529/https://science.nasa.gov/citizenscience/"
      },
      {
        "datetime": "2021-12-05T05:31:30Z",
        "uri": "https://web.archive.org/web/20211205053130/https://science.nasa.gov/citizenscience"
      },
      {
        "datetime": "2021-12-08T03:04:34Z",
        "uri": "https://web.archive.org/web/20211208030434/https://science.nasa.gov/citizenscience"
      },
      {
        "datetime": "2021-12-08T03:43:26Z",
        "uri": "https://web.archive.org/web/20211208034326/http://science.nasa.gov/citizenscience"
      },
      {
        "datetime": "2021-12-08T03:43:27Z",
        "uri": "https://web.archive.org/web/20211208034327/https://science.nasa.gov/citizenscience"
      },
      {
        "datetime": "2021-12-08T05:32:03Z",
        "uri": "https://web.archive.org/web/20211208053203/https://science.nasa.gov/citizenscience"
      },
      {
        "datetime": "2021-12-15T22:01:30Z",
        "uri": "https://web.archive.org/web/20211215220130/https://science.nasa.gov/citizenscience"
      },
      {
        "datetime": "2021-12-17T09:10:03Z",
        "uri": "https://web.archive.org/web/20211217091003/https://science.nasa.gov/citizenscience"
      },
      {
        "datetime": "2022-01-02T06:43:53Z",
        "uri": "https://web.archive.org/web/20220102064353/https://science.nasa.gov/citizenscience"
      },
      {
        "datetime": "2022-01-02T18:46:35Z",
        "uri": "https://web.archive.org/web/20220102184635/https://science.nasa.gov/citizenscience"
      },
      {
        "datetime": "2022-01-06T17:27:38Z",
        "uri": "https://wayback.archive-it.org/all/20220106172738/https://science.nasa.gov/citizenscience"
      },
      {
        "datetime": "2022-01-06T17:27:38Z",
        "uri": "https://web.archive.org/web/20220106172738/https://science.nasa.gov/citizenscience"
      },
      {
        "datetime": "2022-01-07T11:28:43Z",
        "uri": "https://web.archive.org/web/20220107112843/https://science.nasa.gov/citizenscience"
      },
      {
        "datetime": "2022-01-10T05:21:32Z",
        "uri": "https://web.archive.org/web/20220110052132/https://science.nasa.gov/citizenscience"
      },
      {
        "datetime": "2022-01-18T16:54:55Z",
        "uri": "https://web.archive.org/web/20220118165455/https://science.nasa.gov/citizenscience"
      },
      {
        "datetime": "2022-01-21T08:02:02Z",
        "uri": "https://web.archive.org/web/20220121080202/https://science.nasa.gov/citizenscience"
      },
      {
        "datetime": "2022-02-09T02:01:19Z",
        "uri": "https://web.archive.org/web/20220209020119/https://science.nasa.gov/citizenscience"
      },
      {
        "datetime": "2022-02-24T10:24:24Z",
        "uri": "https://web.archive.org/web/20220224102424/https://science.nasa.gov/citizenscience"
      },
      {
        "datetime": "2022-02-25T04:21:55Z",
        "uri": "https://wayback.archive-it.org/all/20220225042155/https://science.nasa.gov/citizenscience"
      },
      {
        "datetime": "2022-02-25T04:21:55Z",
        "uri": "https://web.archive.org/web/20220225042155/https://science.nasa.gov/citizenscience"
      },
      {
        "datetime": "2022-03-13T04:39:09Z",
        "uri": "https://web.archive.org/web/20220313043909/https://science.nasa.gov/citizenscience"
      },
      {
        "datetime": "2022-03-24T00:26:18Z",
        "uri": "https://web.archive.org/web/20220324002618/https://science.nasa.gov/citizenscience"
      },
      {
        "datetime": "2022-04-08T07:40:33Z",
        "uri": "https://web.archive.org/web/20220408074033/https://science.nasa.gov/citizenscience"
      },
      {
        "datetime": "2022-04-12T05:09:04Z",
        "uri": "https://web.archive.org/web/20220412050904/https://science.nasa.gov/citizenscience"
      },
      {
        "datetime": "2022-04-14T01:07:25Z",
        "uri": "https://web.archive.org/web/20220414010725/https://science.nasa.gov/citizenscience"
      },
      {
        "datetime": "2022-04-18T20:53:06Z",
        "uri": "https://web.archive.org/web/20220418205306/https://science.nasa.gov/citizenscience"
      },
      {
        "datetime": "2022-04-22T16:48:02Z",
        "uri": "https://web.archive.org/web/20220422164802/https://science.nasa.gov/citizenscience"
      },
      {
        "datetime": "2022-04-23T05:36:14Z",
        "uri": "https://web.archive.org/web/20220423053614/https://science.nasa.gov/citizenscience"
      },
      {
        "datetime": "2022-04-26T00:07:11Z",
        "uri": "https://web.archive.org/web/20220426000711/https://science.nasa.gov/citizenscience"
      },
      {
        "datetime": "2022-05-01T11:53:30Z",
        "uri": "https://web.archive.org/web/20220501115330/https://science.nasa.gov/citizenscience"
      },
      {
        "datetime": "2022-05-04T23:38:00Z",
        "uri": "https://web.archive.org/web/20220504233800/https://science.nasa.gov/citizenscience"
      },
      {
        "datetime": "2022-05-07T19:54:42Z",
        "uri": "https://web.archive.org/web/20220507195442/https://science.nasa.gov/citizenscience"
      },
      {
        "datetime": "2022-05-11T18:36:19Z",
        "uri": "https://web.archive.org/web/20220511183619/https://science.nasa.gov/citizenscience"
      },
      {
        "datetime": "2022-05-28T23:14:08Z",
        "uri": "https://web.archive.org/web/20220528231408/https://science.nasa.gov/citizenscience"
      },
      {
        "datetime": "2022-06-03T20:53:43Z",
        "uri": "https://web.archive.org/web/20220603205343/https://science.nasa.gov/citizenscience"
      },
      {
        "datetime": "2022-06-05T11:22:18Z",
        "uri": "https://web.archive.org/web/20220605112218/https://science.nasa.gov/citizenscience"
      },
      {
        "datetime": "2022-06-07T15:57:44Z",
        "uri": "https://web.archive.org/web/20220607155744/https://science.nasa.gov/citizenscience"
      },
      {
        "datetime": "2022-06-10T02:21:12Z",
        "uri": "https://web.archive.org/web/20220610022112/https://science.nasa.gov/citizenscience"
      },
      {
        "datetime": "2022-06-11T09:53:15Z",
        "uri": "https://web.archive.org/web/20220611095315/https://science.nasa.gov/citizenscience"
      },
      {
        "datetime": "2022-06-12T18:53:27Z",
        "uri": "https://web.archive.org/web/20220612185327/https://science.nasa.gov/citizenscience"
      },
      {
        "datetime": "2022-06-14T00:06:41Z",
        "uri": "https://web.archive.org/web/20220614000641/https://science.nasa.gov/citizenscience"
      },
      {
        "datetime": "2022-06-15T06:21:38Z",
        "uri": "https://web.archive.org/web/20220615062138/https://science.nasa.gov/citizenscience"
      },
      {
        "datetime": "2022-06-15T16:25:49Z",
        "uri": "https://web.archive.org/web/20220615162549/https://science.nasa.gov/citizenscience"
      },
      {
        "datetime": "2022-06-26T04:51:18Z",
        "uri": "https://web.archive.org/web/20220626045118/https://science.nasa.gov/citizenscience"
      },
      {
        "datetime": "2022-06-27T20:22:23Z",
        "uri": "https://web.archive.org/web/20220627202223/https://science.nasa.gov/citizenscience"
      },
      {
        "datetime": "2022-06-28T16:37:39Z",
        "uri": "https://web.archive.org/web/20220628163739/https://science.nasa.gov/citizenscience"
      },
      {
        "datetime": "2022-06-28T17:25:04Z",
        "uri": "https://web.archive.org/web/20220628172504/https://science.nasa.gov/citizenscience"
      },
      {
        "datetime": "2022-06-29T00:52:43Z",
        "uri": "https://web.archive.org/web/20220629005243/https://science.nasa.gov/citizenscience"
      },
      {
        "datetime": "2022-06-29T14:38:35Z",
        "uri": "https://web.archive.org/web/20220629143835/https://science.nasa.gov/citizenscience"
      },
      {
        "datetime": "2022-06-30T08:12:08Z",
        "uri": "https://web.archive.org/web/20220630081208/https://science.nasa.gov/citizenscience"
      },
      {
        "datetime": "2022-06-30T10:23:59Z",
        "uri": "https://web.archive.org/web/20220630102359/https://science.nasa.gov/citizenscience"
      },
      {
        "datetime": "2022-07-06T05:20:46Z",
        "uri": "https://web.archive.org/web/20220706052046/https://science.nasa.gov/citizenscience"
      },
      {
        "datetime": "2022-07-06T05:25:27Z",
        "uri": "https://web.archive.org/web/20220706052527/https://science.nasa.gov/citizenscience"
      },
      {
        "datetime": "2022-07-06T19:05:47Z",
        "uri": "https://web.archive.org/web/20220706190547/https://science.nasa.gov/citizenscience"
      },
      {
        "datetime": "2022-07-07T21:53:45Z",
        "uri": "https://web.archive.org/web/20220707215345/https://science.nasa.gov/citizenscience"
      },
      {
        "datetime": "2022-07-28T16:10:07Z",
        "uri": "https://web.archive.org/web/20220728161007/https://science.nasa.gov/citizenscience"
      },
      {
        "datetime": "2022-07-30T00:41:41Z",
        "uri": "https://web.archive.org/web/20220730004141/https://science.nasa.gov/citizenscience"
      },
      {
        "datetime": "2022-07-30T00:41:57Z",
        "uri": "https://web.archive.org/web/20220730004157/http://science.nasa.gov/citizenscience"
      },
      {
        "datetime": "2022-08-03T15:25:59Z",
        "uri": "https://web.archive.org/web/20220803152559/https://science.nasa.gov/citizenscience"
      },
      {
        "datetime": "2022-08-09T20:54:43Z",
        "uri": "https://web.archive.org/web/20220809205443/https://science.nasa.gov/citizenscience"
      },
      {
        "datetime": "2022-08-15T09:51:57Z",
        "uri": "https://web.archive.org/web/20220815095157/https://science.nasa.gov/citizenscience"
      },
      {
        "datetime": "2022-08-17T12:34:34Z",
        "uri": "https://web.archive.org/web/20220817123434/https://science.nasa.gov/citizenscience"
      },
      {
        "datetime": "2022-09-02T13:23:05Z",
        "uri": "https://web.archive.org/web/20220902132305/https://science.nasa.gov/citizenscience"
      },
      {
        "datetime": "2022-09-02T21:38:00Z",
        "uri": "https://web.archive.org/web/20220902213800/https://science.nasa.gov/citizenscience"
      }
    ],
    "first": {
      "datetime": "2019-06-21T17:01:21Z",
      "uri": "https://web.archive.org/web/20190621170121/https://science.nasa.gov/citizenscience"
    },
    "last": {
      "datetime": "2022-09-02T21:38:00Z",
      "uri": "https://web.archive.org/web/20220902213800/https://science.nasa.gov/citizenscience"
    }
  },
  "timemap_uri": {
    "link_format": "http://localhost:1208/timemap/link/https://science.nasa.gov/citizenscience",
    "json_format": "http://localhost:1208/timemap/json/https://science.nasa.gov/citizenscience",
    "cdxj_format": "http://localhost:1208/timemap/cdxj/https://science.nasa.gov/citizenscience"
  },
  "timegate_uri": "http://localhost:1208/timegate/https://science.nasa.gov/citizenscience"
}
